[10Jul.2025 12:04:11.155] [main/INFO] [cpw.mods.modlauncher.Launcher/MODLAUNCHER]: ModLauncher running: args [--launchTarget, forgedatauserdev, --assetIndex, 5, --assetsDir, C:\Users\rdand\.gradle\caches\forge_gradle\assets, --gameDir, ., --fml.forgeVersion, 47.3.27, --fml.mcVersion, 1.20.1, --fml.forgeGroup, net.minecraftforge, --fml.mcpVersion, 20230612.114412, --mod, chaosawakens, --all, --output, C:\Github\ChaosAwakens\common\src\generated\resources, --existing, C:\Github\ChaosAwakens\common\src\main\resources, --mixin.config, chaosawakens.mixins.json, --mixin.config, chaosawakens.forge.mixins.json]
[10Jul.2025 12:04:11.157] [main/INFO] [cpw.mods.modlauncher.Launcher/MODLAUNCHER]: ModLauncher 10.0.9+10.0.9+main.dcd20f30 starting: java version 17.0.14 by JetBrains s.r.o.; OS Windows 11 arch amd64 version 10.0
[10Jul.2025 12:04:11.177] [main/DEBUG] [cpw.mods.modlauncher.LaunchServiceHandler/MODLAUNCHER]: Found launch services [fmlclientdev,forgeclient,minecraft,forgegametestserverdev,fmlserveruserdev,fmlclient,fmldatauserdev,forgeserverdev,forgeserveruserdev,forgeclientdev,forgeclientuserdev,forgeserver,forgedatadev,fmlserver,fmlclientuserdev,fmlserverdev,forgedatauserdev,testharness,forgegametestserveruserdev]
[10Jul.2025 12:04:11.186] [main/DEBUG] [cpw.mods.modlauncher.NameMappingServiceHandler/MODLAUNCHER]: Found naming services : [srgtomcp]
[10Jul.2025 12:04:11.197] [main/DEBUG] [cpw.mods.modlauncher.LaunchPluginHandler/MODLAUNCHER]: Found launch plugins: [mixin,eventbus,slf4jfixer,object_holder_definalize,runtime_enum_extender,capability_token_subclass,accesstransformer,runtimedistcleaner]
[10Jul.2025 12:04:11.204] [main/DEBUG] [cpw.mods.modlauncher.TransformationServicesHandler/MODLAUNCHER]: Discovering transformation services
[10Jul.2025 12:04:11.208] [main/DEBUG] [net.minecraftforge.fml.loading.FMLPaths/CORE]: Path GAMEDIR is C:\Github\ChaosAwakens\forge\run-data
[10Jul.2025 12:04:11.209] [main/DEBUG] [net.minecraftforge.fml.loading.FMLPaths/CORE]: Path MODSDIR is C:\Github\ChaosAwakens\forge\run-data\mods
[10Jul.2025 12:04:11.209] [main/DEBUG] [net.minecraftforge.fml.loading.FMLPaths/CORE]: Path CONFIGDIR is C:\Github\ChaosAwakens\forge\run-data\config
[10Jul.2025 12:04:11.209] [main/DEBUG] [net.minecraftforge.fml.loading.FMLPaths/CORE]: Path FMLCONFIG is C:\Github\ChaosAwakens\forge\run-data\config\fml.toml
[10Jul.2025 12:04:11.236] [main/DEBUG] [cpw.mods.modlauncher.TransformationServicesHandler/MODLAUNCHER]: Found additional transformation services from discovery services: 
[10Jul.2025 12:04:11.239] [main/INFO] [net.minecraftforge.fml.loading.ImmediateWindowHandler/]: ImmediateWindowProvider not loading because launch target is forgedatauserdev
[10Jul.2025 12:04:11.245] [main/DEBUG] [cpw.mods.modlauncher.TransformationServicesHandler/MODLAUNCHER]: Found transformer services : [mixin,fml]
[10Jul.2025 12:04:11.245] [main/DEBUG] [cpw.mods.modlauncher.TransformationServicesHandler/MODLAUNCHER]: Transformation services loading
[10Jul.2025 12:04:11.245] [main/DEBUG] [cpw.mods.modlauncher.TransformationServiceDecorator/MODLAUNCHER]: Loading service mixin
[10Jul.2025 12:04:11.246] [main/DEBUG] [cpw.mods.modlauncher.TransformationServiceDecorator/MODLAUNCHER]: Loaded service mixin
[10Jul.2025 12:04:11.246] [main/DEBUG] [cpw.mods.modlauncher.TransformationServiceDecorator/MODLAUNCHER]: Loading service fml
[10Jul.2025 12:04:11.247] [main/DEBUG] [net.minecraftforge.fml.loading.LauncherVersion/CORE]: Found FMLLauncher version 1.0
[10Jul.2025 12:04:11.247] [main/DEBUG] [net.minecraftforge.fml.loading.FMLLoader/CORE]: FML 1.0 loading
[10Jul.2025 12:04:11.247] [main/DEBUG] [net.minecraftforge.fml.loading.FMLLoader/CORE]: FML found ModLauncher version : 10.0.9+10.0.9+main.dcd20f30
[10Jul.2025 12:04:11.247] [main/DEBUG] [net.minecraftforge.fml.loading.FMLLoader/CORE]: Requesting CoreMods to not apply the fix for ASMAPI.findFirstInstructionBefore by default
[10Jul.2025 12:04:11.248] [main/DEBUG] [net.minecraftforge.fml.loading.FMLLoader/CORE]: FML found AccessTransformer version : 8.0.4+66+master.c09db6d7
[10Jul.2025 12:04:11.248] [main/DEBUG] [net.minecraftforge.fml.loading.FMLLoader/CORE]: FML found EventBus version : 6.0.5+6.0.5+master.eb8e549b
[10Jul.2025 12:04:11.249] [main/DEBUG] [net.minecraftforge.fml.loading.FMLLoader/CORE]: Found Runtime Dist Cleaner
[10Jul.2025 12:04:11.250] [main/DEBUG] [net.minecraftforge.coremod.CoreModEngine/]: CoreMods will preserve legacy behavior of ASMAPI.findFirstInstructionBefore for backwards-compatibility
[10Jul.2025 12:04:11.250] [main/DEBUG] [net.minecraftforge.fml.loading.FMLLoader/CORE]: FML found CoreMod version : 5.2.4
[10Jul.2025 12:04:11.250] [main/DEBUG] [net.minecraftforge.fml.loading.FMLLoader/CORE]: Found ForgeSPI package implementation version 7.0.1+7.0.1+master.d2b38bf6
[10Jul.2025 12:04:11.250] [main/DEBUG] [net.minecraftforge.fml.loading.FMLLoader/CORE]: Found ForgeSPI package specification 5
[10Jul.2025 12:04:11.251] [main/DEBUG] [cpw.mods.modlauncher.TransformationServiceDecorator/MODLAUNCHER]: Loaded service fml
[10Jul.2025 12:04:11.251] [main/DEBUG] [cpw.mods.modlauncher.TransformationServicesHandler/MODLAUNCHER]: Configuring option handling for services
[10Jul.2025 12:04:11.256] [main/DEBUG] [cpw.mods.modlauncher.TransformationServicesHandler/MODLAUNCHER]: Transformation services initializing
[10Jul.2025 12:04:11.256] [main/DEBUG] [cpw.mods.modlauncher.TransformationServiceDecorator/MODLAUNCHER]: Initializing transformation service mixin
[10Jul.2025 12:04:11.266] [main/DEBUG] [mixin/]: MixinService [ModLauncher] was successfully booted in cpw.mods.cl.ModuleClassLoader@3f197a46
[10Jul.2025 12:04:11.278] [main/INFO] [mixin/]: SpongePowered MIXIN Subsystem Version=0.8.5 Source=union:/C:/Users/rdand/.gradle/caches/modules-2/files-2.1/org.spongepowered/mixin/0.8.5/9d1c0c3a304ae6697ecd477218fa61b850bf57fc/mixin-0.8.5.jar%23132!/ Service=ModLauncher Env=CLIENT
[10Jul.2025 12:04:11.298] [main/DEBUG] [mixin/]: Initialising Mixin Platform Manager
[10Jul.2025 12:04:11.298] [main/DEBUG] [mixin/]: Adding mixin platform agents for container ModLauncher Root Container(ModLauncher:4f56a0a2)
[10Jul.2025 12:04:11.299] [main/DEBUG] [mixin/]: Instancing new MixinPlatformAgentMinecraftForge for ModLauncher Root Container(ModLauncher:4f56a0a2)
[10Jul.2025 12:04:11.299] [main/DEBUG] [mixin/]: MixinPlatformAgentMinecraftForge rejected container ModLauncher Root Container(ModLauncher:4f56a0a2)
[10Jul.2025 12:04:11.299] [main/DEBUG] [mixin/]: Instancing new MixinPlatformAgentDefault for ModLauncher Root Container(ModLauncher:4f56a0a2)
[10Jul.2025 12:04:11.300] [main/DEBUG] [mixin/]: MixinPlatformAgentDefault accepted container ModLauncher Root Container(ModLauncher:4f56a0a2)
[10Jul.2025 12:04:11.301] [main/DEBUG] [cpw.mods.modlauncher.TransformationServiceDecorator/MODLAUNCHER]: Initialized transformation service mixin
[10Jul.2025 12:04:11.301] [main/DEBUG] [cpw.mods.modlauncher.TransformationServiceDecorator/MODLAUNCHER]: Initializing transformation service fml
[10Jul.2025 12:04:11.301] [main/DEBUG] [net.minecraftforge.fml.loading.FMLServiceProvider/CORE]: Setting up basic FML game directories
[10Jul.2025 12:04:11.302] [main/DEBUG] [net.minecraftforge.fml.loading.FMLPaths/CORE]: Path GAMEDIR is C:\Github\ChaosAwakens\forge\run-data
[10Jul.2025 12:04:11.302] [main/DEBUG] [net.minecraftforge.fml.loading.FMLPaths/CORE]: Path MODSDIR is C:\Github\ChaosAwakens\forge\run-data\mods
[10Jul.2025 12:04:11.302] [main/DEBUG] [net.minecraftforge.fml.loading.FMLPaths/CORE]: Path CONFIGDIR is C:\Github\ChaosAwakens\forge\run-data\config
[10Jul.2025 12:04:11.302] [main/DEBUG] [net.minecraftforge.fml.loading.FMLPaths/CORE]: Path FMLCONFIG is C:\Github\ChaosAwakens\forge\run-data\config\fml.toml
[10Jul.2025 12:04:11.302] [main/DEBUG] [net.minecraftforge.fml.loading.FMLServiceProvider/CORE]: Loading configuration
[10Jul.2025 12:04:11.304] [main/DEBUG] [net.minecraftforge.fml.loading.FMLServiceProvider/CORE]: Preparing ModFile
[10Jul.2025 12:04:11.307] [main/DEBUG] [net.minecraftforge.fml.loading.FMLServiceProvider/CORE]: Preparing launch handler
[10Jul.2025 12:04:11.307] [main/DEBUG] [net.minecraftforge.fml.loading.FMLLoader/CORE]: Using forgedatauserdev as launch service
[10Jul.2025 12:04:11.316] [main/DEBUG] [net.minecraftforge.fml.loading.FMLLoader/CORE]: Received command line version data  : VersionInfo[forgeVersion=47.3.27, mcVersion=1.20.1, mcpVersion=20230612.114412, forgeGroup=net.minecraftforge]
[10Jul.2025 12:04:11.318] [main/DEBUG] [cpw.mods.modlauncher.TransformationServiceDecorator/MODLAUNCHER]: Initialized transformation service fml
[10Jul.2025 12:04:11.318] [main/DEBUG] [cpw.mods.modlauncher.NameMappingServiceHandler/MODLAUNCHER]: Current naming domain is 'mcp'
[10Jul.2025 12:04:11.319] [main/DEBUG] [cpw.mods.modlauncher.NameMappingServiceHandler/MODLAUNCHER]: Identified name mapping providers {srg=srgtomcp:1234}
[10Jul.2025 12:04:11.319] [main/DEBUG] [cpw.mods.modlauncher.TransformationServicesHandler/MODLAUNCHER]: Transformation services begin scanning
[10Jul.2025 12:04:11.320] [main/DEBUG] [cpw.mods.modlauncher.TransformationServiceDecorator/MODLAUNCHER]: Beginning scan trigger - transformation service mixin
[10Jul.2025 12:04:11.320] [main/DEBUG] [cpw.mods.modlauncher.TransformationServiceDecorator/MODLAUNCHER]: End scan trigger - transformation service mixin
[10Jul.2025 12:04:11.320] [main/DEBUG] [cpw.mods.modlauncher.TransformationServiceDecorator/MODLAUNCHER]: Beginning scan trigger - transformation service fml
[10Jul.2025 12:04:11.321] [main/DEBUG] [net.minecraftforge.fml.loading.FMLServiceProvider/CORE]: Initiating mod scan
[10Jul.2025 12:04:11.329] [main/DEBUG] [net.minecraftforge.fml.loading.moddiscovery.ModListHandler/CORE]: Found mod coordinates from lists: []
[10Jul.2025 12:04:11.331] [main/DEBUG] [net.minecraftforge.fml.loading.moddiscovery.ModDiscoverer/CORE]: Found Mod Locators : (mods folder:null),(maven libs:null),(exploded directory:null),(minecraft:null),(userdev classpath:null)
[10Jul.2025 12:04:11.331] [main/DEBUG] [net.minecraftforge.fml.loading.moddiscovery.ModDiscoverer/CORE]: Found Dependency Locators : (JarInJar:null)
[10Jul.2025 12:04:11.335] [main/DEBUG] [net.minecraftforge.fml.loading.targets.CommonLaunchHandler/CORE]: Got mod coordinates modDataRun%%C:\Github\ChaosAwakens\forge\build\resources\main;modDataRun%%C:\Github\ChaosAwakens\forge\build\classes\java\main;modDataRun%%C:\Github\ChaosAwakens\common\build\resources\main;modDataRun%%C:\Github\ChaosAwakens\common\build\classes\java\main from env
[10Jul.2025 12:04:11.336] [main/DEBUG] [net.minecraftforge.fml.loading.targets.CommonLaunchHandler/CORE]: Found supplied mod coordinates [{modDataRun=[C:\Github\ChaosAwakens\forge\build\resources\main, C:\Github\ChaosAwakens\forge\build\classes\java\main, C:\Github\ChaosAwakens\common\build\resources\main, C:\Github\ChaosAwakens\common\build\classes\java\main]}]
[10Jul.2025 12:04:11.514] [main/DEBUG] [net.minecraftforge.fml.loading.moddiscovery.ModFileInfo/LOADING]: Found valid mod file forge-1.20.1-47.3.27_mapped_parchment_2023.09.03-1.20.1-recomp.jar with {minecraft} mods - versions {1.20.1}
[10Jul.2025 12:04:11.518] [main/DEBUG] [net.minecraftforge.fml.loading.moddiscovery.ModFileParser/LOADING]: Considering mod file candidate C:\Users\rdand\.gradle\caches\modules-2\files-2.1\net.minecraftforge\javafmllanguage\1.20.1-47.3.27\8001575a8be1ded39093805ca80ef976b5149b3f\javafmllanguage-1.20.1-47.3.27.jar
[10Jul.2025 12:04:11.518] [main/WARN] [net.minecraftforge.fml.loading.moddiscovery.ModFileParser/LOADING]: Mod file C:\Users\rdand\.gradle\caches\modules-2\files-2.1\net.minecraftforge\javafmllanguage\1.20.1-47.3.27\8001575a8be1ded39093805ca80ef976b5149b3f\javafmllanguage-1.20.1-47.3.27.jar is missing mods.toml file
[10Jul.2025 12:04:11.520] [main/DEBUG] [net.minecraftforge.fml.loading.moddiscovery.ModFileParser/LOADING]: Considering mod file candidate C:\Users\rdand\.gradle\caches\modules-2\files-2.1\net.minecraftforge\lowcodelanguage\1.20.1-47.3.27\17ff592420fbc1f933420f0a473783943ac176ce\lowcodelanguage-1.20.1-47.3.27.jar
[10Jul.2025 12:04:11.520] [main/WARN] [net.minecraftforge.fml.loading.moddiscovery.ModFileParser/LOADING]: Mod file C:\Users\rdand\.gradle\caches\modules-2\files-2.1\net.minecraftforge\lowcodelanguage\1.20.1-47.3.27\17ff592420fbc1f933420f0a473783943ac176ce\lowcodelanguage-1.20.1-47.3.27.jar is missing mods.toml file
[10Jul.2025 12:04:11.521] [main/DEBUG] [net.minecraftforge.fml.loading.moddiscovery.ModFileParser/LOADING]: Considering mod file candidate C:\Users\rdand\.gradle\caches\modules-2\files-2.1\net.minecraftforge\mclanguage\1.20.1-47.3.27\48269e2cdbd3c44641fb99a6b05f205b63efa37b\mclanguage-1.20.1-47.3.27.jar
[10Jul.2025 12:04:11.522] [main/WARN] [net.minecraftforge.fml.loading.moddiscovery.ModFileParser/LOADING]: Mod file C:\Users\rdand\.gradle\caches\modules-2\files-2.1\net.minecraftforge\mclanguage\1.20.1-47.3.27\48269e2cdbd3c44641fb99a6b05f205b63efa37b\mclanguage-1.20.1-47.3.27.jar is missing mods.toml file
[10Jul.2025 12:04:11.523] [main/DEBUG] [net.minecraftforge.fml.loading.moddiscovery.ModFileParser/LOADING]: Considering mod file candidate C:\Users\rdand\.gradle\caches\modules-2\files-2.1\net.minecraftforge\fmlcore\1.20.1-47.3.27\8e7f3f29ab42d8116b9ee3f9f06fc8e8fa0fd12f\fmlcore-1.20.1-47.3.27.jar
[10Jul.2025 12:04:11.524] [main/WARN] [net.minecraftforge.fml.loading.moddiscovery.ModFileParser/LOADING]: Mod file C:\Users\rdand\.gradle\caches\modules-2\files-2.1\net.minecraftforge\fmlcore\1.20.1-47.3.27\8e7f3f29ab42d8116b9ee3f9f06fc8e8fa0fd12f\fmlcore-1.20.1-47.3.27.jar is missing mods.toml file
[10Jul.2025 12:04:11.526] [main/DEBUG] [net.minecraftforge.fml.loading.moddiscovery.ModFileParser/LOADING]: Considering mod file candidate C:\Github\ChaosAwakens\forge\build\resources\main
[10Jul.2025 12:04:11.533] [main/DEBUG] [net.minecraftforge.fml.loading.moddiscovery.ModFileInfo/LOADING]: Found valid mod file main with {chaosawakens} mods - versions {0.13.0.0-DB-1}
[10Jul.2025 12:04:11.537] [main/DEBUG] [net.minecraftforge.fml.loading.moddiscovery.ModFileParser/LOADING]: Considering mod file candidate /
[10Jul.2025 12:04:11.538] [main/DEBUG] [net.minecraftforge.fml.loading.moddiscovery.ModFileInfo/LOADING]: Found valid mod file  with {forge} mods - versions {47.3.27}
[10Jul.2025 12:04:11.551] [main/DEBUG] [net.minecraftforge.fml.loading.moddiscovery.ModFileParser/LOADING]: Considering mod file candidate C:\Users\rdand\.gradle\caches\forge_gradle\deobf_dependencies\curse\maven\just-enough-effect-descriptions-jeed-532286\4599236_mapped_parchment_2023.09.03-1.20.1\just-enough-effect-descriptions-jeed-532286-4599236_mapped_parchment_2023.09.03-1.20.1.jar
[10Jul.2025 12:04:11.553] [main/DEBUG] [net.minecraftforge.fml.loading.moddiscovery.ModFileInfo/LOADING]: Found valid mod file just-enough-effect-descriptions-jeed-532286-4599236_mapped_parchment_2023.09.03-1.20.1.jar with {jeed} mods - versions {1.20-2.1.4}
[10Jul.2025 12:04:11.556] [main/DEBUG] [net.minecraftforge.fml.loading.moddiscovery.ModFileParser/LOADING]: Considering mod file candidate C:\Users\rdand\.gradle\caches\forge_gradle\deobf_dependencies\curse\maven\configured-457570\5180900_mapped_parchment_2023.09.03-1.20.1\configured-457570-5180900_mapped_parchment_2023.09.03-1.20.1.jar
[10Jul.2025 12:04:11.557] [main/DEBUG] [net.minecraftforge.fml.loading.moddiscovery.ModFileInfo/LOADING]: Found valid mod file configured-457570-5180900_mapped_parchment_2023.09.03-1.20.1.jar with {configured} mods - versions {2.2.3}
[10Jul.2025 12:04:11.559] [main/DEBUG] [net.minecraftforge.fml.loading.moddiscovery.ModFileParser/LOADING]: Considering mod file candidate C:\Users\rdand\.gradle\caches\forge_gradle\deobf_dependencies\curse\maven\catalogue-459701\4590890_mapped_parchment_2023.09.03-1.20.1\catalogue-459701-4590890_mapped_parchment_2023.09.03-1.20.1.jar
[10Jul.2025 12:04:11.559] [main/DEBUG] [net.minecraftforge.fml.loading.moddiscovery.ModFileInfo/LOADING]: Found valid mod file catalogue-459701-4590890_mapped_parchment_2023.09.03-1.20.1.jar with {catalogue} mods - versions {1.7.1}
[10Jul.2025 12:04:11.563] [main/DEBUG] [net.minecraftforge.fml.loading.moddiscovery.ModFileParser/LOADING]: Considering mod file candidate C:\Users\rdand\.gradle\caches\forge_gradle\deobf_dependencies\curse\maven\gamemenumodoption-353051\4658132_mapped_parchment_2023.09.03-1.20.1\gamemenumodoption-353051-4658132_mapped_parchment_2023.09.03-1.20.1.jar
[10Jul.2025 12:04:11.563] [main/DEBUG] [net.minecraftforge.fml.loading.moddiscovery.ModFileInfo/LOADING]: Found valid mod file gamemenumodoption-353051-4658132_mapped_parchment_2023.09.03-1.20.1.jar with {gamemenumodoption} mods - versions {2.2.1}
[10Jul.2025 12:04:11.565] [main/DEBUG] [net.minecraftforge.fml.loading.moddiscovery.ModFileParser/LOADING]: Considering mod file candidate C:\Users\rdand\.gradle\caches\forge_gradle\deobf_dependencies\curse\maven\jade-324717\4711195_mapped_parchment_2023.09.03-1.20.1\jade-324717-4711195_mapped_parchment_2023.09.03-1.20.1.jar
[10Jul.2025 12:04:11.568] [main/DEBUG] [net.minecraftforge.fml.loading.moddiscovery.ModFileInfo/LOADING]: Found valid mod file jade-324717-4711195_mapped_parchment_2023.09.03-1.20.1.jar with {jade} mods - versions {11.5.1}
[10Jul.2025 12:04:11.570] [main/DEBUG] [net.minecraftforge.fml.loading.moddiscovery.ModFileParser/LOADING]: Considering mod file candidate C:\Users\rdand\.gradle\caches\forge_gradle\deobf_dependencies\curse\maven\journeymap-32274\5789363_mapped_parchment_2023.09.03-1.20.1\journeymap-32274-5789363_mapped_parchment_2023.09.03-1.20.1.jar
[10Jul.2025 12:04:11.571] [main/DEBUG] [net.minecraftforge.fml.loading.moddiscovery.ModFileInfo/LOADING]: Found valid mod file journeymap-32274-5789363_mapped_parchment_2023.09.03-1.20.1.jar with {journeymap} mods - versions {5.10.3}
[10Jul.2025 12:04:11.574] [main/DEBUG] [net.minecraftforge.fml.loading.moddiscovery.ModFileParser/LOADING]: Considering mod file candidate C:\Users\rdand\.gradle\caches\forge_gradle\deobf_dependencies\mezz\jei\jei-1.20.1-forge\15.2.0.27_mapped_parchment_2023.09.03-1.20.1\jei-1.20.1-forge-15.2.0.27_mapped_parchment_2023.09.03-1.20.1.jar
[10Jul.2025 12:04:11.575] [main/DEBUG] [net.minecraftforge.fml.loading.moddiscovery.ModFileInfo/LOADING]: Found valid mod file jei-1.20.1-forge-15.2.0.27_mapped_parchment_2023.09.03-1.20.1.jar with {jei} mods - versions {15.2.0.27}
[10Jul.2025 12:04:11.578] [main/DEBUG] [net.minecraftforge.fml.loading.moddiscovery.ModFileParser/LOADING]: Considering mod file candidate C:\Users\rdand\.gradle\caches\forge_gradle\deobf_dependencies\squeek\appleskin\appleskin-forge\mc1.20.1-2.5.1_mapped_parchment_2023.09.03-1.20.1\appleskin-forge-mc1.20.1-2.5.1_mapped_parchment_2023.09.03-1.20.1.jar
[10Jul.2025 12:04:11.579] [main/DEBUG] [net.minecraftforge.fml.loading.moddiscovery.ModFileInfo/LOADING]: Found valid mod file appleskin-forge-mc1.20.1-2.5.1_mapped_parchment_2023.09.03-1.20.1.jar with {appleskin} mods - versions {2.5.1+mc1.20.1}
[10Jul.2025 12:04:11.585] [main/DEBUG] [net.minecraftforge.fml.loading.moddiscovery.ModFileParser/LOADING]: Considering mod file candidate C:\Users\rdand\.gradle\caches\forge_gradle\deobf_dependencies\curse\maven\just-enough-effect-descriptions-jeed-532286\4599236_mapped_parchment_2023.09.03-1.20.1\just-enough-effect-descriptions-jeed-532286-4599236_mapped_parchment_2023.09.03-1.20.1.jar
[10Jul.2025 12:04:11.586] [main/DEBUG] [net.minecraftforge.fml.loading.moddiscovery.ModFileInfo/LOADING]: Found valid mod file just-enough-effect-descriptions-jeed-532286-4599236_mapped_parchment_2023.09.03-1.20.1.jar with {jeed} mods - versions {1.20-2.1.4}
[10Jul.2025 12:04:11.588] [main/DEBUG] [net.minecraftforge.fml.loading.moddiscovery.ModFileParser/LOADING]: Considering mod file candidate C:\Users\rdand\.gradle\caches\forge_gradle\deobf_dependencies\curse\maven\configured-457570\5180900_mapped_parchment_2023.09.03-1.20.1\configured-457570-5180900_mapped_parchment_2023.09.03-1.20.1.jar
[10Jul.2025 12:04:11.589] [main/DEBUG] [net.minecraftforge.fml.loading.moddiscovery.ModFileInfo/LOADING]: Found valid mod file configured-457570-5180900_mapped_parchment_2023.09.03-1.20.1.jar with {configured} mods - versions {2.2.3}
[10Jul.2025 12:04:11.591] [main/DEBUG] [net.minecraftforge.fml.loading.moddiscovery.ModFileParser/LOADING]: Considering mod file candidate C:\Users\rdand\.gradle\caches\forge_gradle\deobf_dependencies\curse\maven\catalogue-459701\4590890_mapped_parchment_2023.09.03-1.20.1\catalogue-459701-4590890_mapped_parchment_2023.09.03-1.20.1.jar
[10Jul.2025 12:04:11.591] [main/DEBUG] [net.minecraftforge.fml.loading.moddiscovery.ModFileInfo/LOADING]: Found valid mod file catalogue-459701-4590890_mapped_parchment_2023.09.03-1.20.1.jar with {catalogue} mods - versions {1.7.1}
[10Jul.2025 12:04:11.593] [main/DEBUG] [net.minecraftforge.fml.loading.moddiscovery.ModFileParser/LOADING]: Considering mod file candidate C:\Users\rdand\.gradle\caches\forge_gradle\deobf_dependencies\curse\maven\gamemenumodoption-353051\4658132_mapped_parchment_2023.09.03-1.20.1\gamemenumodoption-353051-4658132_mapped_parchment_2023.09.03-1.20.1.jar
[10Jul.2025 12:04:11.594] [main/DEBUG] [net.minecraftforge.fml.loading.moddiscovery.ModFileInfo/LOADING]: Found valid mod file gamemenumodoption-353051-4658132_mapped_parchment_2023.09.03-1.20.1.jar with {gamemenumodoption} mods - versions {2.2.1}
[10Jul.2025 12:04:11.595] [main/DEBUG] [net.minecraftforge.fml.loading.moddiscovery.ModFileParser/LOADING]: Considering mod file candidate C:\Users\rdand\.gradle\caches\forge_gradle\deobf_dependencies\curse\maven\jade-324717\4711195_mapped_parchment_2023.09.03-1.20.1\jade-324717-4711195_mapped_parchment_2023.09.03-1.20.1.jar
[10Jul.2025 12:04:11.596] [main/DEBUG] [net.minecraftforge.fml.loading.moddiscovery.ModFileInfo/LOADING]: Found valid mod file jade-324717-4711195_mapped_parchment_2023.09.03-1.20.1.jar with {jade} mods - versions {11.5.1}
[10Jul.2025 12:04:11.599] [main/DEBUG] [net.minecraftforge.fml.loading.moddiscovery.ModFileParser/LOADING]: Considering mod file candidate C:\Users\rdand\.gradle\caches\forge_gradle\deobf_dependencies\curse\maven\journeymap-32274\5789363_mapped_parchment_2023.09.03-1.20.1\journeymap-32274-5789363_mapped_parchment_2023.09.03-1.20.1.jar
[10Jul.2025 12:04:11.599] [main/DEBUG] [net.minecraftforge.fml.loading.moddiscovery.ModFileInfo/LOADING]: Found valid mod file journeymap-32274-5789363_mapped_parchment_2023.09.03-1.20.1.jar with {journeymap} mods - versions {5.10.3}
[10Jul.2025 12:04:11.602] [main/DEBUG] [net.minecraftforge.fml.loading.moddiscovery.ModFileParser/LOADING]: Considering mod file candidate C:\Users\rdand\.gradle\caches\forge_gradle\deobf_dependencies\mezz\jei\jei-1.20.1-forge\15.2.0.27_mapped_parchment_2023.09.03-1.20.1\jei-1.20.1-forge-15.2.0.27_mapped_parchment_2023.09.03-1.20.1.jar
[10Jul.2025 12:04:11.603] [main/DEBUG] [net.minecraftforge.fml.loading.moddiscovery.ModFileInfo/LOADING]: Found valid mod file jei-1.20.1-forge-15.2.0.27_mapped_parchment_2023.09.03-1.20.1.jar with {jei} mods - versions {15.2.0.27}
[10Jul.2025 12:04:11.605] [main/DEBUG] [net.minecraftforge.fml.loading.moddiscovery.ModFileParser/LOADING]: Considering mod file candidate C:\Users\rdand\.gradle\caches\forge_gradle\deobf_dependencies\squeek\appleskin\appleskin-forge\mc1.20.1-2.5.1_mapped_parchment_2023.09.03-1.20.1\appleskin-forge-mc1.20.1-2.5.1_mapped_parchment_2023.09.03-1.20.1.jar
[10Jul.2025 12:04:11.606] [main/DEBUG] [net.minecraftforge.fml.loading.moddiscovery.ModFileInfo/LOADING]: Found valid mod file appleskin-forge-mc1.20.1-2.5.1_mapped_parchment_2023.09.03-1.20.1.jar with {appleskin} mods - versions {2.5.1+mc1.20.1}
[10Jul.2025 12:04:11.616] [main/DEBUG] [net.minecraftforge.fml.loading.UniqueModListBuilder/]: Found 2 mods for first modid configured, selecting most recent based on version data
[10Jul.2025 12:04:11.616] [main/DEBUG] [net.minecraftforge.fml.loading.UniqueModListBuilder/]: Selected file configured-457570-5180900_mapped_parchment_2023.09.03-1.20.1.jar for modid configured with version 2.2.3
[10Jul.2025 12:04:11.616] [main/DEBUG] [net.minecraftforge.fml.loading.UniqueModListBuilder/]: Found 2 mods for first modid jade, selecting most recent based on version data
[10Jul.2025 12:04:11.616] [main/DEBUG] [net.minecraftforge.fml.loading.UniqueModListBuilder/]: Selected file jade-324717-4711195_mapped_parchment_2023.09.03-1.20.1.jar for modid jade with version 11.5.1
[10Jul.2025 12:04:11.616] [main/DEBUG] [net.minecraftforge.fml.loading.UniqueModListBuilder/]: Found 2 mods for first modid gamemenumodoption, selecting most recent based on version data
[10Jul.2025 12:04:11.618] [main/DEBUG] [net.minecraftforge.fml.loading.UniqueModListBuilder/]: Selected file gamemenumodoption-353051-4658132_mapped_parchment_2023.09.03-1.20.1.jar for modid gamemenumodoption with version 2.2.1
[10Jul.2025 12:04:11.618] [main/DEBUG] [net.minecraftforge.fml.loading.UniqueModListBuilder/]: Found 2 mods for first modid appleskin, selecting most recent based on version data
[10Jul.2025 12:04:11.618] [main/DEBUG] [net.minecraftforge.fml.loading.UniqueModListBuilder/]: Selected file appleskin-forge-mc1.20.1-2.5.1_mapped_parchment_2023.09.03-1.20.1.jar for modid appleskin with version 2.5.1+mc1.20.1
[10Jul.2025 12:04:11.618] [main/DEBUG] [net.minecraftforge.fml.loading.UniqueModListBuilder/]: Found 2 mods for first modid jeed, selecting most recent based on version data
[10Jul.2025 12:04:11.618] [main/DEBUG] [net.minecraftforge.fml.loading.UniqueModListBuilder/]: Selected file just-enough-effect-descriptions-jeed-532286-4599236_mapped_parchment_2023.09.03-1.20.1.jar for modid jeed with version 1.20-2.1.4
[10Jul.2025 12:04:11.618] [main/DEBUG] [net.minecraftforge.fml.loading.UniqueModListBuilder/]: Found 2 mods for first modid journeymap, selecting most recent based on version data
[10Jul.2025 12:04:11.618] [main/DEBUG] [net.minecraftforge.fml.loading.UniqueModListBuilder/]: Selected file journeymap-32274-5789363_mapped_parchment_2023.09.03-1.20.1.jar for modid journeymap with version 5.10.3
[10Jul.2025 12:04:11.618] [main/DEBUG] [net.minecraftforge.fml.loading.UniqueModListBuilder/]: Found 2 mods for first modid catalogue, selecting most recent based on version data
[10Jul.2025 12:04:11.618] [main/DEBUG] [net.minecraftforge.fml.loading.UniqueModListBuilder/]: Selected file catalogue-459701-4590890_mapped_parchment_2023.09.03-1.20.1.jar for modid catalogue with version 1.7.1
[10Jul.2025 12:04:11.618] [main/DEBUG] [net.minecraftforge.fml.loading.UniqueModListBuilder/]: Found 2 mods for first modid jei, selecting most recent based on version data
[10Jul.2025 12:04:11.618] [main/DEBUG] [net.minecraftforge.fml.loading.UniqueModListBuilder/]: Selected file jei-1.20.1-forge-15.2.0.27_mapped_parchment_2023.09.03-1.20.1.jar for modid jei with version 15.2.0.27
[10Jul.2025 12:04:11.623] [main/DEBUG] [net.minecraftforge.fml.loading.moddiscovery.AbstractJarFileDependencyLocator/]: Failed to load resource META-INF\jarjar\metadata.json from configured-457570-5180900_mapped_parchment_2023.09.03-1.20.1.jar, it does not contain dependency information.
[10Jul.2025 12:04:11.623] [main/DEBUG] [net.minecraftforge.fml.loading.moddiscovery.AbstractJarFileDependencyLocator/]: Failed to load resource META-INF\jarjar\metadata.json from forge-1.20.1-47.3.27_mapped_parchment_2023.09.03-1.20.1-recomp.jar, it does not contain dependency information.
[10Jul.2025 12:04:11.624] [main/DEBUG] [net.minecraftforge.fml.loading.moddiscovery.AbstractJarFileDependencyLocator/]: Failed to load resource META-INF\jarjar\metadata.json from main, it does not contain dependency information.
[10Jul.2025 12:04:11.624] [main/DEBUG] [net.minecraftforge.fml.loading.moddiscovery.AbstractJarFileDependencyLocator/]: Failed to load resource META-INF\jarjar\metadata.json from , it does not contain dependency information.
[10Jul.2025 12:04:11.624] [main/DEBUG] [net.minecraftforge.fml.loading.moddiscovery.AbstractJarFileDependencyLocator/]: Failed to load resource META-INF\jarjar\metadata.json from jade-324717-4711195_mapped_parchment_2023.09.03-1.20.1.jar, it does not contain dependency information.
[10Jul.2025 12:04:11.624] [main/DEBUG] [net.minecraftforge.fml.loading.moddiscovery.AbstractJarFileDependencyLocator/]: Failed to load resource META-INF\jarjar\metadata.json from gamemenumodoption-353051-4658132_mapped_parchment_2023.09.03-1.20.1.jar, it does not contain dependency information.
[10Jul.2025 12:04:11.624] [main/DEBUG] [net.minecraftforge.fml.loading.moddiscovery.AbstractJarFileDependencyLocator/]: Failed to load resource META-INF\jarjar\metadata.json from appleskin-forge-mc1.20.1-2.5.1_mapped_parchment_2023.09.03-1.20.1.jar, it does not contain dependency information.
[10Jul.2025 12:04:11.624] [main/DEBUG] [net.minecraftforge.fml.loading.moddiscovery.AbstractJarFileDependencyLocator/]: Failed to load resource META-INF\jarjar\metadata.json from just-enough-effect-descriptions-jeed-532286-4599236_mapped_parchment_2023.09.03-1.20.1.jar, it does not contain dependency information.
[10Jul.2025 12:04:11.624] [main/DEBUG] [net.minecraftforge.fml.loading.moddiscovery.AbstractJarFileDependencyLocator/]: Failed to load resource META-INF\jarjar\metadata.json from journeymap-32274-5789363_mapped_parchment_2023.09.03-1.20.1.jar, it does not contain dependency information.
[10Jul.2025 12:04:11.624] [main/DEBUG] [net.minecraftforge.fml.loading.moddiscovery.AbstractJarFileDependencyLocator/]: Failed to load resource META-INF\jarjar\metadata.json from catalogue-459701-4590890_mapped_parchment_2023.09.03-1.20.1.jar, it does not contain dependency information.
[10Jul.2025 12:04:11.624] [main/DEBUG] [net.minecraftforge.fml.loading.moddiscovery.AbstractJarFileDependencyLocator/]: Failed to load resource META-INF\jarjar\metadata.json from jei-1.20.1-forge-15.2.0.27_mapped_parchment_2023.09.03-1.20.1.jar, it does not contain dependency information.
[10Jul.2025 12:04:11.624] [main/DEBUG] [net.minecraftforge.fml.loading.moddiscovery.AbstractJarFileDependencyLocator/]: Failed to load resource META-INF\jarjar\metadata.json from mclanguage-1.20.1-47.3.27.jar, it does not contain dependency information.
[10Jul.2025 12:04:11.625] [main/DEBUG] [net.minecraftforge.fml.loading.moddiscovery.AbstractJarFileDependencyLocator/]: Failed to load resource META-INF\jarjar\metadata.json from javafmllanguage-1.20.1-47.3.27.jar, it does not contain dependency information.
[10Jul.2025 12:04:11.625] [main/DEBUG] [net.minecraftforge.fml.loading.moddiscovery.AbstractJarFileDependencyLocator/]: Failed to load resource META-INF\jarjar\metadata.json from fmlcore-1.20.1-47.3.27.jar, it does not contain dependency information.
[10Jul.2025 12:04:11.625] [main/DEBUG] [net.minecraftforge.fml.loading.moddiscovery.AbstractJarFileDependencyLocator/]: Failed to load resource META-INF\jarjar\metadata.json from lowcodelanguage-1.20.1-47.3.27.jar, it does not contain dependency information.
[10Jul.2025 12:04:11.683] [main/DEBUG] [net.minecraftforge.fml.loading.moddiscovery.AbstractJarFileDependencyLocator/]: Failed to load resource META-INF\jarjar\metadata.json from MixinExtras-0.5.0-rc.2.jar, it does not contain dependency information.
[10Jul.2025 12:04:11.718] [main/INFO] [net.minecraftforge.fml.loading.moddiscovery.JarInJarDependencyLocator/]: Found 1 dependencies adding them to mods collection
[10Jul.2025 12:04:11.720] [main/DEBUG] [net.minecraftforge.fml.loading.moddiscovery.ModFileInfo/LOADING]: Found valid mod file forge-1.20.1-47.3.27_mapped_parchment_2023.09.03-1.20.1-recomp.jar with {minecraft} mods - versions {1.20.1}
[10Jul.2025 12:04:11.721] [main/DEBUG] [net.minecraftforge.fml.loading.moddiscovery.ModFile/LOADING]: Loading mod file C:\Github\ChaosAwakens\forge\build\fg_cache\net\minecraftforge\forge\1.20.1-47.3.27_mapped_parchment_2023.09.03-1.20.1\forge-1.20.1-47.3.27_mapped_parchment_2023.09.03-1.20.1-recomp.jar with languages [LanguageSpec[languageName=minecraft, acceptedVersions=1]]
[10Jul.2025 12:04:11.722] [main/DEBUG] [net.minecraftforge.fml.loading.moddiscovery.ModFileParser/LOADING]: Considering mod file candidate C:\Users\rdand\.gradle\caches\forge_gradle\deobf_dependencies\curse\maven\configured-457570\5180900_mapped_parchment_2023.09.03-1.20.1\configured-457570-5180900_mapped_parchment_2023.09.03-1.20.1.jar
[10Jul.2025 12:04:11.722] [main/DEBUG] [net.minecraftforge.fml.loading.moddiscovery.ModFileInfo/LOADING]: Found valid mod file configured-457570-5180900_mapped_parchment_2023.09.03-1.20.1.jar with {configured} mods - versions {2.2.3}
[10Jul.2025 12:04:11.722] [main/DEBUG] [net.minecraftforge.fml.loading.moddiscovery.ModFile/LOADING]: Loading mod file C:\Users\rdand\.gradle\caches\forge_gradle\deobf_dependencies\curse\maven\configured-457570\5180900_mapped_parchment_2023.09.03-1.20.1\configured-457570-5180900_mapped_parchment_2023.09.03-1.20.1.jar with languages [LanguageSpec[languageName=javafml, acceptedVersions=[39,)]]
[10Jul.2025 12:04:11.722] [main/DEBUG] [net.minecraftforge.fml.loading.moddiscovery.ModFileParser/LOADING]: Considering mod file candidate C:\Github\ChaosAwakens\forge\build\resources\main
[10Jul.2025 12:04:11.724] [main/DEBUG] [net.minecraftforge.fml.loading.moddiscovery.ModFileInfo/LOADING]: Found valid mod file main with {chaosawakens} mods - versions {0.13.0.0-DB-1}
[10Jul.2025 12:04:11.724] [main/DEBUG] [net.minecraftforge.fml.loading.moddiscovery.ModFile/LOADING]: Loading mod file C:\Github\ChaosAwakens\forge\build\resources\main with languages [LanguageSpec[languageName=javafml, acceptedVersions=[47,)]]
[10Jul.2025 12:04:11.724] [main/DEBUG] [net.minecraftforge.fml.loading.moddiscovery.ModFileParser/LOADING]: Considering mod file candidate /
[10Jul.2025 12:04:11.724] [main/DEBUG] [net.minecraftforge.fml.loading.moddiscovery.ModFileInfo/LOADING]: Found valid mod file  with {forge} mods - versions {47.3.27}
[10Jul.2025 12:04:11.724] [main/DEBUG] [net.minecraftforge.fml.loading.moddiscovery.ModFile/LOADING]: Loading mod file / with languages [LanguageSpec[languageName=javafml, acceptedVersions=[24,]]]
[10Jul.2025 12:04:11.726] [main/DEBUG] [net.minecraftforge.fml.loading.moddiscovery.ModFileParser/LOADING]: Found coremod field_to_method with Javascript path coremods/field_to_method.js
[10Jul.2025 12:04:11.726] [main/DEBUG] [net.minecraftforge.fml.loading.moddiscovery.ModFileParser/LOADING]: Found coremod field_to_instanceof with Javascript path coremods/field_to_instanceof.js
[10Jul.2025 12:04:11.726] [main/DEBUG] [net.minecraftforge.fml.loading.moddiscovery.ModFileParser/LOADING]: Found coremod add_bouncer_method with Javascript path coremods/add_bouncer_method.js
[10Jul.2025 12:04:11.726] [main/DEBUG] [net.minecraftforge.fml.loading.moddiscovery.ModFileParser/LOADING]: Found coremod method_redirector with Javascript path coremods/method_redirector.js
[10Jul.2025 12:04:11.726] [main/DEBUG] [net.minecraftforge.fml.loading.moddiscovery.ModFile/LOADING]: Found coremod coremods/field_to_method.js
[10Jul.2025 12:04:11.726] [main/DEBUG] [net.minecraftforge.fml.loading.moddiscovery.ModFile/LOADING]: Found coremod coremods/field_to_instanceof.js
[10Jul.2025 12:04:11.726] [main/DEBUG] [net.minecraftforge.fml.loading.moddiscovery.ModFile/LOADING]: Found coremod coremods/add_bouncer_method.js
[10Jul.2025 12:04:11.726] [main/DEBUG] [net.minecraftforge.fml.loading.moddiscovery.ModFile/LOADING]: Found coremod coremods/method_redirector.js
[10Jul.2025 12:04:11.726] [main/DEBUG] [net.minecraftforge.fml.loading.moddiscovery.ModFileParser/LOADING]: Considering mod file candidate C:\Users\rdand\.gradle\caches\forge_gradle\deobf_dependencies\curse\maven\gamemenumodoption-353051\4658132_mapped_parchment_2023.09.03-1.20.1\gamemenumodoption-353051-4658132_mapped_parchment_2023.09.03-1.20.1.jar
[10Jul.2025 12:04:11.726] [main/DEBUG] [net.minecraftforge.fml.loading.moddiscovery.ModFileInfo/LOADING]: Found valid mod file gamemenumodoption-353051-4658132_mapped_parchment_2023.09.03-1.20.1.jar with {gamemenumodoption} mods - versions {2.2.1}
[10Jul.2025 12:04:11.726] [main/DEBUG] [net.minecraftforge.fml.loading.moddiscovery.ModFile/LOADING]: Loading mod file C:\Users\rdand\.gradle\caches\forge_gradle\deobf_dependencies\curse\maven\gamemenumodoption-353051\4658132_mapped_parchment_2023.09.03-1.20.1\gamemenumodoption-353051-4658132_mapped_parchment_2023.09.03-1.20.1.jar with languages [LanguageSpec[languageName=javafml, acceptedVersions=[47,)]]
[10Jul.2025 12:04:11.726] [main/DEBUG] [net.minecraftforge.fml.loading.moddiscovery.ModFileParser/LOADING]: Considering mod file candidate C:\Users\rdand\.gradle\caches\forge_gradle\deobf_dependencies\curse\maven\jade-324717\4711195_mapped_parchment_2023.09.03-1.20.1\jade-324717-4711195_mapped_parchment_2023.09.03-1.20.1.jar
[10Jul.2025 12:04:11.728] [main/DEBUG] [net.minecraftforge.fml.loading.moddiscovery.ModFileInfo/LOADING]: Found valid mod file jade-324717-4711195_mapped_parchment_2023.09.03-1.20.1.jar with {jade} mods - versions {11.5.1}
[10Jul.2025 12:04:11.728] [main/DEBUG] [net.minecraftforge.fml.loading.moddiscovery.ModFile/LOADING]: Loading mod file C:\Users\rdand\.gradle\caches\forge_gradle\deobf_dependencies\curse\maven\jade-324717\4711195_mapped_parchment_2023.09.03-1.20.1\jade-324717-4711195_mapped_parchment_2023.09.03-1.20.1.jar with languages [LanguageSpec[languageName=javafml, acceptedVersions=[46,)]]
[10Jul.2025 12:04:11.728] [main/DEBUG] [net.minecraftforge.fml.loading.moddiscovery.ModFileParser/LOADING]: Considering mod file candidate C:\Users\rdand\.gradle\caches\forge_gradle\deobf_dependencies\curse\maven\just-enough-effect-descriptions-jeed-532286\4599236_mapped_parchment_2023.09.03-1.20.1\just-enough-effect-descriptions-jeed-532286-4599236_mapped_parchment_2023.09.03-1.20.1.jar
[10Jul.2025 12:04:11.728] [main/DEBUG] [net.minecraftforge.fml.loading.moddiscovery.ModFileInfo/LOADING]: Found valid mod file just-enough-effect-descriptions-jeed-532286-4599236_mapped_parchment_2023.09.03-1.20.1.jar with {jeed} mods - versions {1.20-2.1.4}
[10Jul.2025 12:04:11.728] [main/DEBUG] [net.minecraftforge.fml.loading.moddiscovery.ModFile/LOADING]: Loading mod file C:\Users\rdand\.gradle\caches\forge_gradle\deobf_dependencies\curse\maven\just-enough-effect-descriptions-jeed-532286\4599236_mapped_parchment_2023.09.03-1.20.1\just-enough-effect-descriptions-jeed-532286-4599236_mapped_parchment_2023.09.03-1.20.1.jar with languages [LanguageSpec[languageName=javafml, acceptedVersions=[40,)]]
[10Jul.2025 12:04:11.728] [main/DEBUG] [net.minecraftforge.fml.loading.moddiscovery.ModFileParser/LOADING]: Considering mod file candidate C:\Users\rdand\.gradle\caches\forge_gradle\deobf_dependencies\squeek\appleskin\appleskin-forge\mc1.20.1-2.5.1_mapped_parchment_2023.09.03-1.20.1\appleskin-forge-mc1.20.1-2.5.1_mapped_parchment_2023.09.03-1.20.1.jar
[10Jul.2025 12:04:11.728] [main/DEBUG] [net.minecraftforge.fml.loading.moddiscovery.ModFileInfo/LOADING]: Found valid mod file appleskin-forge-mc1.20.1-2.5.1_mapped_parchment_2023.09.03-1.20.1.jar with {appleskin} mods - versions {2.5.1+mc1.20.1}
[10Jul.2025 12:04:11.728] [main/DEBUG] [net.minecraftforge.fml.loading.moddiscovery.ModFile/LOADING]: Loading mod file C:\Users\rdand\.gradle\caches\forge_gradle\deobf_dependencies\squeek\appleskin\appleskin-forge\mc1.20.1-2.5.1_mapped_parchment_2023.09.03-1.20.1\appleskin-forge-mc1.20.1-2.5.1_mapped_parchment_2023.09.03-1.20.1.jar with languages [LanguageSpec[languageName=javafml, acceptedVersions=[47,)]]
[10Jul.2025 12:04:11.728] [main/DEBUG] [net.minecraftforge.fml.loading.moddiscovery.ModFileParser/LOADING]: Considering mod file candidate C:\Users\rdand\.gradle\caches\forge_gradle\deobf_dependencies\curse\maven\journeymap-32274\5789363_mapped_parchment_2023.09.03-1.20.1\journeymap-32274-5789363_mapped_parchment_2023.09.03-1.20.1.jar
[10Jul.2025 12:04:11.729] [main/DEBUG] [net.minecraftforge.fml.loading.moddiscovery.ModFileInfo/LOADING]: Found valid mod file journeymap-32274-5789363_mapped_parchment_2023.09.03-1.20.1.jar with {journeymap} mods - versions {5.10.3}
[10Jul.2025 12:04:11.729] [main/DEBUG] [net.minecraftforge.fml.loading.moddiscovery.ModFile/LOADING]: Loading mod file C:\Users\rdand\.gradle\caches\forge_gradle\deobf_dependencies\curse\maven\journeymap-32274\5789363_mapped_parchment_2023.09.03-1.20.1\journeymap-32274-5789363_mapped_parchment_2023.09.03-1.20.1.jar with languages [LanguageSpec[languageName=javafml, acceptedVersions=[44,)]]
[10Jul.2025 12:04:11.729] [main/DEBUG] [net.minecraftforge.fml.loading.moddiscovery.ModFileParser/LOADING]: Found coremod journeymap potion effect transformer with Javascript path potion-effects-shift.js
[10Jul.2025 12:04:11.729] [main/DEBUG] [net.minecraftforge.fml.loading.moddiscovery.ModFile/LOADING]: Found coremod potion-effects-shift.js
[10Jul.2025 12:04:11.729] [main/DEBUG] [net.minecraftforge.fml.loading.moddiscovery.ModFileParser/LOADING]: Considering mod file candidate C:\Users\rdand\.gradle\caches\forge_gradle\deobf_dependencies\curse\maven\catalogue-459701\4590890_mapped_parchment_2023.09.03-1.20.1\catalogue-459701-4590890_mapped_parchment_2023.09.03-1.20.1.jar
[10Jul.2025 12:04:11.729] [main/DEBUG] [net.minecraftforge.fml.loading.moddiscovery.ModFileInfo/LOADING]: Found valid mod file catalogue-459701-4590890_mapped_parchment_2023.09.03-1.20.1.jar with {catalogue} mods - versions {1.7.1}
[10Jul.2025 12:04:11.729] [main/DEBUG] [net.minecraftforge.fml.loading.moddiscovery.ModFile/LOADING]: Loading mod file C:\Users\rdand\.gradle\caches\forge_gradle\deobf_dependencies\curse\maven\catalogue-459701\4590890_mapped_parchment_2023.09.03-1.20.1\catalogue-459701-4590890_mapped_parchment_2023.09.03-1.20.1.jar with languages [LanguageSpec[languageName=javafml, acceptedVersions=[39,)]]
[10Jul.2025 12:04:11.729] [main/DEBUG] [net.minecraftforge.fml.loading.moddiscovery.ModFileParser/LOADING]: Considering mod file candidate C:\Users\rdand\.gradle\caches\forge_gradle\deobf_dependencies\mezz\jei\jei-1.20.1-forge\15.2.0.27_mapped_parchment_2023.09.03-1.20.1\jei-1.20.1-forge-15.2.0.27_mapped_parchment_2023.09.03-1.20.1.jar
[10Jul.2025 12:04:11.731] [main/DEBUG] [net.minecraftforge.fml.loading.moddiscovery.ModFileInfo/LOADING]: Found valid mod file jei-1.20.1-forge-15.2.0.27_mapped_parchment_2023.09.03-1.20.1.jar with {jei} mods - versions {15.2.0.27}
[10Jul.2025 12:04:11.731] [main/DEBUG] [net.minecraftforge.fml.loading.moddiscovery.ModFile/LOADING]: Loading mod file C:\Users\rdand\.gradle\caches\forge_gradle\deobf_dependencies\mezz\jei\jei-1.20.1-forge\15.2.0.27_mapped_parchment_2023.09.03-1.20.1\jei-1.20.1-forge-15.2.0.27_mapped_parchment_2023.09.03-1.20.1.jar with languages [LanguageSpec[languageName=javafml, acceptedVersions=[47,)]]
[10Jul.2025 12:04:11.731] [main/DEBUG] [net.minecraftforge.fml.loading.moddiscovery.ModFile/LOADING]: Loading mod file  with languages []
[10Jul.2025 12:04:11.731] [main/DEBUG] [net.minecraftforge.fml.loading.moddiscovery.ModFile/LOADING]: Loading mod file C:\Users\rdand\.gradle\caches\modules-2\files-2.1\io.github.llamalad7\mixinextras-forge\0.5.0-rc.2\f3ace2e67b9c386bd8829b73c164c7f1dc685459\mixinextras-forge-0.5.0-rc.2.jar with languages []
[10Jul.2025 12:04:11.731] [main/DEBUG] [net.minecraftforge.fml.loading.moddiscovery.ModFile/LOADING]: Loading mod file  with languages []
[10Jul.2025 12:04:11.731] [main/DEBUG] [net.minecraftforge.fml.loading.moddiscovery.ModFile/LOADING]: Loading mod file C:\Users\rdand\.gradle\caches\modules-2\files-2.1\io.github.llamalad7\mixinextras-forge\0.5.0-rc.2\f3ace2e67b9c386bd8829b73c164c7f1dc685459\mixinextras-forge-0.5.0-rc.2.jar with languages []
[10Jul.2025 12:04:11.731] [main/DEBUG] [cpw.mods.modlauncher.TransformationServiceDecorator/MODLAUNCHER]: End scan trigger - transformation service fml
[10Jul.2025 12:04:11.738] [main/DEBUG] [net.minecraftforge.fml.loading.LanguageLoadingProvider/CORE]: Found 3 language providers
[10Jul.2025 12:04:11.738] [main/DEBUG] [net.minecraftforge.fml.loading.LanguageLoadingProvider/CORE]: Found language provider minecraft, version 1.0
[10Jul.2025 12:04:11.738] [main/DEBUG] [net.minecraftforge.fml.loading.LanguageLoadingProvider/CORE]: Found language provider lowcodefml, version 47
[10Jul.2025 12:04:11.738] [main/DEBUG] [net.minecraftforge.fml.loading.LanguageLoadingProvider/CORE]: Found language provider javafml, version 47
[10Jul.2025 12:04:11.743] [main/DEBUG] [net.minecraftforge.fml.loading.UniqueModListBuilder/]: Found 2 mods for first modid mixinextras, selecting most recent based on version data
[10Jul.2025 12:04:11.743] [main/DEBUG] [net.minecraftforge.fml.loading.UniqueModListBuilder/]: Selected file mixinextras-forge-0.5.0-rc.2.jar for modid mixinextras with version 0.5.0-rc.2
[10Jul.2025 12:04:11.743] [main/DEBUG] [net.minecraftforge.fml.loading.UniqueModListBuilder/]: Found 2 mods for first modid MixinExtras, selecting most recent based on version data
[10Jul.2025 12:04:11.743] [main/DEBUG] [net.minecraftforge.fml.loading.UniqueModListBuilder/]: Selected file MixinExtras-0.5.0-rc.2.jar for modid MixinExtras with version 0.5.0-rc.2
[10Jul.2025 12:04:11.744] [main/DEBUG] [net.minecraftforge.fml.loading.ModSorter/]: Configured system mods: [minecraft, forge]
[10Jul.2025 12:04:11.744] [main/DEBUG] [net.minecraftforge.fml.loading.ModSorter/]: Found system mod: minecraft
[10Jul.2025 12:04:11.744] [main/DEBUG] [net.minecraftforge.fml.loading.ModSorter/]: Found system mod: forge
[10Jul.2025 12:04:11.745] [main/DEBUG] [net.minecraftforge.fml.loading.ModSorter/LOADING]: Found 24 mod requirements (15 mandatory, 9 optional)
[10Jul.2025 12:04:11.745] [main/DEBUG] [net.minecraftforge.fml.loading.ModSorter/LOADING]: Found 0 mod requirements missing (0 mandatory, 0 optional)
[10Jul.2025 12:04:12.056] [main/DEBUG] [net.minecraftforge.fml.loading.MCPNamingService/CORE]: Loaded 34318 method mappings from methods.csv
[10Jul.2025 12:04:12.078] [main/DEBUG] [net.minecraftforge.fml.loading.MCPNamingService/CORE]: Loaded 31014 field mappings from fields.csv
[10Jul.2025 12:04:12.107] [main/DEBUG] [cpw.mods.modlauncher.TransformationServicesHandler/MODLAUNCHER]: Transformation services loading transformers
[10Jul.2025 12:04:12.107] [main/DEBUG] [cpw.mods.modlauncher.TransformationServiceDecorator/MODLAUNCHER]: Initializing transformers for transformation service mixin
[10Jul.2025 12:04:12.107] [main/DEBUG] [cpw.mods.modlauncher.TransformationServiceDecorator/MODLAUNCHER]: Initialized transformers for transformation service mixin
[10Jul.2025 12:04:12.107] [main/DEBUG] [cpw.mods.modlauncher.TransformationServiceDecorator/MODLAUNCHER]: Initializing transformers for transformation service fml
[10Jul.2025 12:04:12.107] [main/DEBUG] [net.minecraftforge.fml.loading.FMLServiceProvider/CORE]: Loading coremod transformers
[10Jul.2025 12:04:12.107] [main/DEBUG] [net.minecraftforge.coremod.CoreModEngine/COREMOD]: Loading CoreMod from coremods/field_to_method.js
[10Jul.2025 12:04:12.216] [main/DEBUG] [net.minecraftforge.coremod.CoreModEngine/COREMOD]: CoreMod loaded successfully
[10Jul.2025 12:04:12.216] [main/DEBUG] [net.minecraftforge.coremod.CoreModEngine/COREMOD]: Loading CoreMod from coremods/field_to_instanceof.js
[10Jul.2025 12:04:12.260] [main/DEBUG] [net.minecraftforge.coremod.CoreModEngine/COREMOD]: CoreMod loaded successfully
[10Jul.2025 12:04:12.260] [main/DEBUG] [net.minecraftforge.coremod.CoreModEngine/COREMOD]: Loading CoreMod from coremods/add_bouncer_method.js
[10Jul.2025 12:04:12.289] [main/DEBUG] [net.minecraftforge.coremod.CoreModEngine/COREMOD]: CoreMod loaded successfully
[10Jul.2025 12:04:12.289] [main/DEBUG] [net.minecraftforge.coremod.CoreModEngine/COREMOD]: Loading CoreMod from coremods/method_redirector.js
[10Jul.2025 12:04:12.344] [main/DEBUG] [net.minecraftforge.coremod.CoreModEngine/COREMOD]: CoreMod loaded successfully
[10Jul.2025 12:04:12.344] [main/DEBUG] [net.minecraftforge.coremod.CoreModEngine/COREMOD]: Loading CoreMod from potion-effects-shift.js
[10Jul.2025 12:04:12.369] [main/DEBUG] [net.minecraftforge.coremod.CoreModEngine/COREMOD]: CoreMod loaded successfully
[10Jul.2025 12:04:12.379] [main/DEBUG] [cpw.mods.modlauncher.TransformStore/MODLAUNCHER]: Adding transformer net.minecraftforge.coremod.transformer.CoreModMethodTransformer@2cd4e16a to Target : METHOD {Lnet/minecraft/client/gui/Gui;} {m_93028_} {(Lcom/mojang/blaze3d/vertex/PoseStack;)V}
[10Jul.2025 12:04:12.379] [main/DEBUG] [cpw.mods.modlauncher.TransformStore/MODLAUNCHER]: Adding transformer net.minecraftforge.coremod.transformer.CoreModClassTransformer@1f1cddf3 to Target : CLASS {Lnet/minecraft/world/level/biome/Biome;} {} {V}
[10Jul.2025 12:04:12.380] [main/DEBUG] [cpw.mods.modlauncher.TransformStore/MODLAUNCHER]: Adding transformer net.minecraftforge.coremod.transformer.CoreModClassTransformer@228bda54 to Target : CLASS {Lnet/minecraft/world/level/levelgen/structure/Structure;} {} {V}
[10Jul.2025 12:04:12.380] [main/DEBUG] [cpw.mods.modlauncher.TransformStore/MODLAUNCHER]: Adding transformer net.minecraftforge.coremod.transformer.CoreModClassTransformer@75b6dd5b to Target : CLASS {Lnet/minecraft/world/effect/MobEffectInstance;} {} {V}
[10Jul.2025 12:04:12.380] [main/DEBUG] [cpw.mods.modlauncher.TransformStore/MODLAUNCHER]: Adding transformer net.minecraftforge.coremod.transformer.CoreModClassTransformer@b3e86d5 to Target : CLASS {Lnet/minecraft/world/level/block/LiquidBlock;} {} {V}
[10Jul.2025 12:04:12.380] [main/DEBUG] [cpw.mods.modlauncher.TransformStore/MODLAUNCHER]: Adding transformer net.minecraftforge.coremod.transformer.CoreModClassTransformer@72b43104 to Target : CLASS {Lnet/minecraft/world/item/BucketItem;} {} {V}
[10Jul.2025 12:04:12.380] [main/DEBUG] [cpw.mods.modlauncher.TransformStore/MODLAUNCHER]: Adding transformer net.minecraftforge.coremod.transformer.CoreModClassTransformer@e111c7c to Target : CLASS {Lnet/minecraft/world/level/block/StairBlock;} {} {V}
[10Jul.2025 12:04:12.380] [main/DEBUG] [cpw.mods.modlauncher.TransformStore/MODLAUNCHER]: Adding transformer net.minecraftforge.coremod.transformer.CoreModClassTransformer@4d0e54e0 to Target : CLASS {Lnet/minecraft/world/level/block/FlowerPotBlock;} {} {V}
[10Jul.2025 12:04:12.380] [main/DEBUG] [cpw.mods.modlauncher.TransformStore/MODLAUNCHER]: Adding transformer net.minecraftforge.coremod.transformer.CoreModClassTransformer@32f96bba to Target : CLASS {Lnet/minecraft/world/item/ItemStack;} {} {V}
[10Jul.2025 12:04:12.381] [main/DEBUG] [cpw.mods.modlauncher.TransformStore/MODLAUNCHER]: Adding transformer net.minecraftforge.coremod.transformer.CoreModClassTransformer@611640f0 to Target : CLASS {Lnet/minecraft/network/play/client/CClientSettingsPacket;} {} {V}
[10Jul.2025 12:04:12.381] [main/DEBUG] [cpw.mods.modlauncher.TransformStore/MODLAUNCHER]: Adding transformer net.minecraftforge.coremod.transformer.CoreModClassTransformer@67e25252 to Target : CLASS {Lnet/minecraft/server/commands/SummonCommand;} {} {V}
[10Jul.2025 12:04:12.381] [main/DEBUG] [cpw.mods.modlauncher.TransformStore/MODLAUNCHER]: Adding transformer net.minecraftforge.coremod.transformer.CoreModClassTransformer@67e25252 to Target : CLASS {Lnet/minecraft/world/entity/monster/Zombie;} {} {V}
[10Jul.2025 12:04:12.381] [main/DEBUG] [cpw.mods.modlauncher.TransformStore/MODLAUNCHER]: Adding transformer net.minecraftforge.coremod.transformer.CoreModClassTransformer@67e25252 to Target : CLASS {Lnet/minecraft/server/commands/RaidCommand;} {} {V}
[10Jul.2025 12:04:12.381] [main/DEBUG] [cpw.mods.modlauncher.TransformStore/MODLAUNCHER]: Adding transformer net.minecraftforge.coremod.transformer.CoreModClassTransformer@67e25252 to Target : CLASS {Lnet/minecraft/world/entity/npc/Villager;} {} {V}
[10Jul.2025 12:04:12.381] [main/DEBUG] [cpw.mods.modlauncher.TransformStore/MODLAUNCHER]: Adding transformer net.minecraftforge.coremod.transformer.CoreModClassTransformer@67e25252 to Target : CLASS {Lnet/minecraft/world/level/levelgen/structure/structures/OceanRuinPieces$OceanRuinPiece;} {} {V}
[10Jul.2025 12:04:12.381] [main/DEBUG] [cpw.mods.modlauncher.TransformStore/MODLAUNCHER]: Adding transformer net.minecraftforge.coremod.transformer.CoreModClassTransformer@67e25252 to Target : CLASS {Lnet/minecraft/world/entity/animal/horse/SkeletonTrapGoal;} {} {V}
[10Jul.2025 12:04:12.381] [main/DEBUG] [cpw.mods.modlauncher.TransformStore/MODLAUNCHER]: Adding transformer net.minecraftforge.coremod.transformer.CoreModClassTransformer@67e25252 to Target : CLASS {Lnet/minecraft/world/level/NaturalSpawner;} {} {V}
[10Jul.2025 12:04:12.381] [main/DEBUG] [cpw.mods.modlauncher.TransformStore/MODLAUNCHER]: Adding transformer net.minecraftforge.coremod.transformer.CoreModClassTransformer@67e25252 to Target : CLASS {Lnet/minecraft/world/entity/monster/Strider;} {} {V}
[10Jul.2025 12:04:12.381] [main/DEBUG] [cpw.mods.modlauncher.TransformStore/MODLAUNCHER]: Adding transformer net.minecraftforge.coremod.transformer.CoreModClassTransformer@67e25252 to Target : CLASS {Lnet/minecraft/world/level/levelgen/PatrolSpawner;} {} {V}
[10Jul.2025 12:04:12.381] [main/DEBUG] [cpw.mods.modlauncher.TransformStore/MODLAUNCHER]: Adding transformer net.minecraftforge.coremod.transformer.CoreModClassTransformer@67e25252 to Target : CLASS {Lnet/minecraft/world/level/levelgen/structure/structures/WoodlandMansionPieces$WoodlandMansionPiece;} {} {V}
[10Jul.2025 12:04:12.381] [main/DEBUG] [cpw.mods.modlauncher.TransformStore/MODLAUNCHER]: Adding transformer net.minecraftforge.coremod.transformer.CoreModClassTransformer@67e25252 to Target : CLASS {Lnet/minecraft/world/level/levelgen/structure/templatesystem/StructureTemplate;} {} {V}
[10Jul.2025 12:04:12.381] [main/DEBUG] [cpw.mods.modlauncher.TransformStore/MODLAUNCHER]: Adding transformer net.minecraftforge.coremod.transformer.CoreModClassTransformer@67e25252 to Target : CLASS {Lnet/minecraft/world/entity/monster/Spider;} {} {V}
[10Jul.2025 12:04:12.381] [main/DEBUG] [cpw.mods.modlauncher.TransformStore/MODLAUNCHER]: Adding transformer net.minecraftforge.coremod.transformer.CoreModClassTransformer@67e25252 to Target : CLASS {Lnet/minecraft/world/entity/EntityType;} {} {V}
[10Jul.2025 12:04:12.381] [main/DEBUG] [cpw.mods.modlauncher.TransformStore/MODLAUNCHER]: Adding transformer net.minecraftforge.coremod.transformer.CoreModClassTransformer@67e25252 to Target : CLASS {Lnet/minecraft/world/level/levelgen/PhantomSpawner;} {} {V}
[10Jul.2025 12:04:12.381] [main/DEBUG] [cpw.mods.modlauncher.TransformStore/MODLAUNCHER]: Adding transformer net.minecraftforge.coremod.transformer.CoreModClassTransformer@67e25252 to Target : CLASS {Lnet/minecraft/world/entity/npc/CatSpawner;} {} {V}
[10Jul.2025 12:04:12.381] [main/DEBUG] [cpw.mods.modlauncher.TransformStore/MODLAUNCHER]: Adding transformer net.minecraftforge.coremod.transformer.CoreModClassTransformer@67e25252 to Target : CLASS {Lnet/minecraft/world/entity/monster/ZombieVillager;} {} {V}
[10Jul.2025 12:04:12.381] [main/DEBUG] [cpw.mods.modlauncher.TransformStore/MODLAUNCHER]: Adding transformer net.minecraftforge.coremod.transformer.CoreModClassTransformer@67e25252 to Target : CLASS {Lnet/minecraft/world/entity/ai/village/VillageSiege;} {} {V}
[10Jul.2025 12:04:12.381] [main/DEBUG] [cpw.mods.modlauncher.TransformStore/MODLAUNCHER]: Adding transformer net.minecraftforge.coremod.transformer.CoreModClassTransformer@67e25252 to Target : CLASS {Lnet/minecraft/world/entity/animal/frog/Tadpole;} {} {V}
[10Jul.2025 12:04:12.381] [main/DEBUG] [cpw.mods.modlauncher.TransformStore/MODLAUNCHER]: Adding transformer net.minecraftforge.coremod.transformer.CoreModClassTransformer@67e25252 to Target : CLASS {Lnet/minecraft/world/entity/raid/Raid;} {} {V}
[10Jul.2025 12:04:12.382] [main/DEBUG] [cpw.mods.modlauncher.TransformStore/MODLAUNCHER]: Adding transformer net.minecraftforge.coremod.transformer.CoreModClassTransformer@67e25252 to Target : CLASS {Lnet/minecraft/world/entity/monster/Evoker$EvokerSummonSpellGoal;} {} {V}
[10Jul.2025 12:04:12.382] [main/DEBUG] [cpw.mods.modlauncher.TransformStore/MODLAUNCHER]: Adding transformer net.minecraftforge.coremod.transformer.CoreModClassTransformer@67e25252 to Target : CLASS {Lnet/minecraft/world/level/levelgen/structure/structures/SwampHutPiece;} {} {V}
[10Jul.2025 12:04:12.382] [main/DEBUG] [cpw.mods.modlauncher.TransformStore/MODLAUNCHER]: Adding transformer net.minecraftforge.coremod.transformer.CoreModClassTransformer@67e25252 to Target : CLASS {Lnet/minecraft/world/level/levelgen/structure/structures/OceanMonumentPieces$OceanMonumentPiece;} {} {V}
[10Jul.2025 12:04:12.382] [main/DEBUG] [cpw.mods.modlauncher.TransformationServiceDecorator/MODLAUNCHER]: Initialized transformers for transformation service fml
[10Jul.2025 12:04:13.328] [main/DEBUG] [mixin/]: Processing prepare() for PlatformAgent[MixinPlatformAgentDefault:ModLauncher Root Container(ModLauncher:4f56a0a2)]
[10Jul.2025 12:04:13.328] [main/DEBUG] [mixin/]: Registering mixin config: chaosawakens.mixins.json
[10Jul.2025 12:04:13.339] [main/DEBUG] [mixin/]: Compatibility level JAVA_17 specified by chaosawakens.mixins.json is higher than the maximum level supported by this version of mixin (JAVA_13).
[10Jul.2025 12:04:13.339] [main/INFO] [mixin/]: Compatibility level set to JAVA_17
[10Jul.2025 12:04:13.339] [main/DEBUG] [mixin/]: Registering mixin config: chaosawakens.forge.mixins.json
[10Jul.2025 12:04:13.342] [main/DEBUG] [mixin/]: Processing launch tasks for PlatformAgent[MixinPlatformAgentDefault:ModLauncher Root Container(ModLauncher:4f56a0a2)]
[10Jul.2025 12:04:13.343] [main/DEBUG] [mixin/]: Adding mixin platform agents for container SecureJarResource(configured)
[10Jul.2025 12:04:13.343] [main/DEBUG] [mixin/]: Instancing new MixinPlatformAgentMinecraftForge for SecureJarResource(configured)
[10Jul.2025 12:04:13.343] [main/DEBUG] [mixin/]: MixinPlatformAgentMinecraftForge rejected container SecureJarResource(configured)
[10Jul.2025 12:04:13.343] [main/DEBUG] [mixin/]: Instancing new MixinPlatformAgentDefault for SecureJarResource(configured)
[10Jul.2025 12:04:13.343] [main/DEBUG] [mixin/]: MixinPlatformAgentDefault accepted container SecureJarResource(configured)
[10Jul.2025 12:04:13.343] [main/DEBUG] [mixin/]: Processing prepare() for PlatformAgent[MixinPlatformAgentDefault:SecureJarResource(configured)]
[10Jul.2025 12:04:13.343] [main/DEBUG] [mixin/]: Registering mixin config: configured.common.mixins.json
[10Jul.2025 12:04:13.345] [main/DEBUG] [mixin/]: Adding mixin platform agents for container SecureJarResource(minecraft)
[10Jul.2025 12:04:13.345] [main/DEBUG] [mixin/]: Instancing new MixinPlatformAgentMinecraftForge for SecureJarResource(minecraft)
[10Jul.2025 12:04:13.345] [main/DEBUG] [mixin/]: MixinPlatformAgentMinecraftForge rejected container SecureJarResource(minecraft)
[10Jul.2025 12:04:13.345] [main/DEBUG] [mixin/]: Instancing new MixinPlatformAgentDefault for SecureJarResource(minecraft)
[10Jul.2025 12:04:13.345] [main/DEBUG] [mixin/]: MixinPlatformAgentDefault accepted container SecureJarResource(minecraft)
[10Jul.2025 12:04:13.345] [main/DEBUG] [mixin/]: Processing prepare() for PlatformAgent[MixinPlatformAgentDefault:SecureJarResource(minecraft)]
[10Jul.2025 12:04:13.345] [main/DEBUG] [mixin/]: Adding mixin platform agents for container SecureJarResource(jade)
[10Jul.2025 12:04:13.345] [main/DEBUG] [mixin/]: Instancing new MixinPlatformAgentMinecraftForge for SecureJarResource(jade)
[10Jul.2025 12:04:13.345] [main/DEBUG] [mixin/]: MixinPlatformAgentMinecraftForge rejected container SecureJarResource(jade)
[10Jul.2025 12:04:13.345] [main/DEBUG] [mixin/]: Instancing new MixinPlatformAgentDefault for SecureJarResource(jade)
[10Jul.2025 12:04:13.345] [main/DEBUG] [mixin/]: MixinPlatformAgentDefault accepted container SecureJarResource(jade)
[10Jul.2025 12:04:13.346] [main/DEBUG] [mixin/]: Processing prepare() for PlatformAgent[MixinPlatformAgentDefault:SecureJarResource(jade)]
[10Jul.2025 12:04:13.346] [main/DEBUG] [mixin/]: Registering mixin config: jade.mixins.json
[10Jul.2025 12:04:13.347] [main/DEBUG] [mixin/]: Compatibility level JAVA_16 specified by jade.mixins.json is higher than the maximum level supported by this version of mixin (JAVA_13).
[10Jul.2025 12:04:13.347] [main/DEBUG] [mixin/]: Adding mixin platform agents for container SecureJarResource(jeed)
[10Jul.2025 12:04:13.347] [main/DEBUG] [mixin/]: Instancing new MixinPlatformAgentMinecraftForge for SecureJarResource(jeed)
[10Jul.2025 12:04:13.347] [main/DEBUG] [mixin/]: MixinPlatformAgentMinecraftForge rejected container SecureJarResource(jeed)
[10Jul.2025 12:04:13.347] [main/DEBUG] [mixin/]: Instancing new MixinPlatformAgentDefault for SecureJarResource(jeed)
[10Jul.2025 12:04:13.347] [main/DEBUG] [mixin/]: MixinPlatformAgentDefault accepted container SecureJarResource(jeed)
[10Jul.2025 12:04:13.347] [main/DEBUG] [mixin/]: Processing prepare() for PlatformAgent[MixinPlatformAgentDefault:SecureJarResource(jeed)]
[10Jul.2025 12:04:13.347] [main/DEBUG] [mixin/]: Registering mixin config: jeed-common.mixins.json
[10Jul.2025 12:04:13.348] [main/DEBUG] [mixin/]: Registering mixin config: jeed.mixins.json
[10Jul.2025 12:04:13.349] [main/DEBUG] [mixin/]: Adding mixin platform agents for container SecureJarResource(catalogue)
[10Jul.2025 12:04:13.349] [main/DEBUG] [mixin/]: Instancing new MixinPlatformAgentMinecraftForge for SecureJarResource(catalogue)
[10Jul.2025 12:04:13.349] [main/DEBUG] [mixin/]: MixinPlatformAgentMinecraftForge rejected container SecureJarResource(catalogue)
[10Jul.2025 12:04:13.349] [main/DEBUG] [mixin/]: Instancing new MixinPlatformAgentDefault for SecureJarResource(catalogue)
[10Jul.2025 12:04:13.349] [main/DEBUG] [mixin/]: MixinPlatformAgentDefault accepted container SecureJarResource(catalogue)
[10Jul.2025 12:04:13.349] [main/DEBUG] [mixin/]: Processing prepare() for PlatformAgent[MixinPlatformAgentDefault:SecureJarResource(catalogue)]
[10Jul.2025 12:04:13.349] [main/DEBUG] [mixin/]: Adding mixin platform agents for container SecureJarResource(chaosawakens)
[10Jul.2025 12:04:13.349] [main/DEBUG] [mixin/]: Instancing new MixinPlatformAgentMinecraftForge for SecureJarResource(chaosawakens)
[10Jul.2025 12:04:13.349] [main/DEBUG] [mixin/]: MixinPlatformAgentMinecraftForge rejected container SecureJarResource(chaosawakens)
[10Jul.2025 12:04:13.349] [main/DEBUG] [mixin/]: Instancing new MixinPlatformAgentDefault for SecureJarResource(chaosawakens)
[10Jul.2025 12:04:13.349] [main/DEBUG] [mixin/]: MixinPlatformAgentDefault accepted container SecureJarResource(chaosawakens)
[10Jul.2025 12:04:13.349] [main/DEBUG] [mixin/]: Processing prepare() for PlatformAgent[MixinPlatformAgentDefault:SecureJarResource(chaosawakens)]
[10Jul.2025 12:04:13.349] [main/DEBUG] [mixin/]: Adding mixin platform agents for container SecureJarResource(jei)
[10Jul.2025 12:04:13.349] [main/DEBUG] [mixin/]: Instancing new MixinPlatformAgentMinecraftForge for SecureJarResource(jei)
[10Jul.2025 12:04:13.349] [main/DEBUG] [mixin/]: MixinPlatformAgentMinecraftForge rejected container SecureJarResource(jei)
[10Jul.2025 12:04:13.349] [main/DEBUG] [mixin/]: Instancing new MixinPlatformAgentDefault for SecureJarResource(jei)
[10Jul.2025 12:04:13.349] [main/DEBUG] [mixin/]: MixinPlatformAgentDefault accepted container SecureJarResource(jei)
[10Jul.2025 12:04:13.349] [main/DEBUG] [mixin/]: Processing prepare() for PlatformAgent[MixinPlatformAgentDefault:SecureJarResource(jei)]
[10Jul.2025 12:04:13.349] [main/DEBUG] [mixin/]: Adding mixin platform agents for container SecureJarResource(forge)
[10Jul.2025 12:04:13.349] [main/DEBUG] [mixin/]: Instancing new MixinPlatformAgentMinecraftForge for SecureJarResource(forge)
[10Jul.2025 12:04:13.349] [main/DEBUG] [mixin/]: MixinPlatformAgentMinecraftForge rejected container SecureJarResource(forge)
[10Jul.2025 12:04:13.349] [main/DEBUG] [mixin/]: Instancing new MixinPlatformAgentDefault for SecureJarResource(forge)
[10Jul.2025 12:04:13.349] [main/DEBUG] [mixin/]: MixinPlatformAgentDefault accepted container SecureJarResource(forge)
[10Jul.2025 12:04:13.349] [main/DEBUG] [mixin/]: Processing prepare() for PlatformAgent[MixinPlatformAgentDefault:SecureJarResource(forge)]
[10Jul.2025 12:04:13.349] [main/DEBUG] [mixin/]: Adding mixin platform agents for container SecureJarResource(appleskin)
[10Jul.2025 12:04:13.349] [main/DEBUG] [mixin/]: Instancing new MixinPlatformAgentMinecraftForge for SecureJarResource(appleskin)
[10Jul.2025 12:04:13.349] [main/DEBUG] [mixin/]: MixinPlatformAgentMinecraftForge rejected container SecureJarResource(appleskin)
[10Jul.2025 12:04:13.349] [main/DEBUG] [mixin/]: Instancing new MixinPlatformAgentDefault for SecureJarResource(appleskin)
[10Jul.2025 12:04:13.349] [main/DEBUG] [mixin/]: MixinPlatformAgentDefault accepted container SecureJarResource(appleskin)
[10Jul.2025 12:04:13.349] [main/DEBUG] [mixin/]: Processing prepare() for PlatformAgent[MixinPlatformAgentDefault:SecureJarResource(appleskin)]
[10Jul.2025 12:04:13.349] [main/DEBUG] [mixin/]: Adding mixin platform agents for container SecureJarResource(gamemenumodoption)
[10Jul.2025 12:04:13.349] [main/DEBUG] [mixin/]: Instancing new MixinPlatformAgentMinecraftForge for SecureJarResource(gamemenumodoption)
[10Jul.2025 12:04:13.349] [main/DEBUG] [mixin/]: MixinPlatformAgentMinecraftForge rejected container SecureJarResource(gamemenumodoption)
[10Jul.2025 12:04:13.349] [main/DEBUG] [mixin/]: Instancing new MixinPlatformAgentDefault for SecureJarResource(gamemenumodoption)
[10Jul.2025 12:04:13.349] [main/DEBUG] [mixin/]: MixinPlatformAgentDefault accepted container SecureJarResource(gamemenumodoption)
[10Jul.2025 12:04:13.349] [main/DEBUG] [mixin/]: Processing prepare() for PlatformAgent[MixinPlatformAgentDefault:SecureJarResource(gamemenumodoption)]
[10Jul.2025 12:04:13.350] [main/DEBUG] [mixin/]: Registering mixin config: gamemenumodoption.mixins.json
[10Jul.2025 12:04:13.351] [main/DEBUG] [mixin/]: Adding mixin platform agents for container SecureJarResource(journeymap)
[10Jul.2025 12:04:13.351] [main/DEBUG] [mixin/]: Instancing new MixinPlatformAgentMinecraftForge for SecureJarResource(journeymap)
[10Jul.2025 12:04:13.351] [main/DEBUG] [mixin/]: MixinPlatformAgentMinecraftForge rejected container SecureJarResource(journeymap)
[10Jul.2025 12:04:13.351] [main/DEBUG] [mixin/]: Instancing new MixinPlatformAgentDefault for SecureJarResource(journeymap)
[10Jul.2025 12:04:13.351] [main/DEBUG] [mixin/]: MixinPlatformAgentDefault accepted container SecureJarResource(journeymap)
[10Jul.2025 12:04:13.351] [main/DEBUG] [mixin/]: Processing prepare() for PlatformAgent[MixinPlatformAgentDefault:SecureJarResource(journeymap)]
[10Jul.2025 12:04:13.351] [main/DEBUG] [mixin/]: Registering mixin config: journeymap.mixins.json
[10Jul.2025 12:04:13.353] [main/DEBUG] [mixin/]: Adding mixin platform agents for container SecureJarResource(MixinExtras)
[10Jul.2025 12:04:13.353] [main/DEBUG] [mixin/]: Instancing new MixinPlatformAgentMinecraftForge for SecureJarResource(MixinExtras)
[10Jul.2025 12:04:13.353] [main/DEBUG] [mixin/]: MixinPlatformAgentMinecraftForge rejected container SecureJarResource(MixinExtras)
[10Jul.2025 12:04:13.353] [main/DEBUG] [mixin/]: Instancing new MixinPlatformAgentDefault for SecureJarResource(MixinExtras)
[10Jul.2025 12:04:13.353] [main/DEBUG] [mixin/]: MixinPlatformAgentDefault accepted container SecureJarResource(MixinExtras)
[10Jul.2025 12:04:13.353] [main/DEBUG] [mixin/]: Processing prepare() for PlatformAgent[MixinPlatformAgentDefault:SecureJarResource(MixinExtras)]
[10Jul.2025 12:04:13.353] [main/DEBUG] [mixin/]: Adding mixin platform agents for container SecureJarResource(mixinextras)
[10Jul.2025 12:04:13.353] [main/DEBUG] [mixin/]: Instancing new MixinPlatformAgentMinecraftForge for SecureJarResource(mixinextras)
[10Jul.2025 12:04:13.353] [main/DEBUG] [mixin/]: MixinPlatformAgentMinecraftForge rejected container SecureJarResource(mixinextras)
[10Jul.2025 12:04:13.353] [main/DEBUG] [mixin/]: Instancing new MixinPlatformAgentDefault for SecureJarResource(mixinextras)
[10Jul.2025 12:04:13.353] [main/DEBUG] [mixin/]: MixinPlatformAgentDefault accepted container SecureJarResource(mixinextras)
[10Jul.2025 12:04:13.353] [main/DEBUG] [mixin/]: Processing prepare() for PlatformAgent[MixinPlatformAgentDefault:SecureJarResource(mixinextras)]
[10Jul.2025 12:04:13.353] [main/DEBUG] [mixin/]: Registering mixin config: mixinextras.init.mixins.json
[10Jul.2025 12:04:13.354] [main/DEBUG] [mixin/]: inject() running with 14 agents
[10Jul.2025 12:04:13.354] [main/DEBUG] [mixin/]: Processing inject() for PlatformAgent[MixinPlatformAgentDefault:ModLauncher Root Container(ModLauncher:4f56a0a2)]
[10Jul.2025 12:04:13.354] [main/DEBUG] [mixin/]: Processing inject() for PlatformAgent[MixinPlatformAgentDefault:SecureJarResource(configured)]
[10Jul.2025 12:04:13.354] [main/DEBUG] [mixin/]: Processing inject() for PlatformAgent[MixinPlatformAgentDefault:SecureJarResource(minecraft)]
[10Jul.2025 12:04:13.354] [main/DEBUG] [mixin/]: Processing inject() for PlatformAgent[MixinPlatformAgentDefault:SecureJarResource(jade)]
[10Jul.2025 12:04:13.354] [main/DEBUG] [mixin/]: Processing inject() for PlatformAgent[MixinPlatformAgentDefault:SecureJarResource(jeed)]
[10Jul.2025 12:04:13.354] [main/DEBUG] [mixin/]: Processing inject() for PlatformAgent[MixinPlatformAgentDefault:SecureJarResource(catalogue)]
[10Jul.2025 12:04:13.354] [main/DEBUG] [mixin/]: Processing inject() for PlatformAgent[MixinPlatformAgentDefault:SecureJarResource(chaosawakens)]
[10Jul.2025 12:04:13.354] [main/DEBUG] [mixin/]: Processing inject() for PlatformAgent[MixinPlatformAgentDefault:SecureJarResource(jei)]
[10Jul.2025 12:04:13.355] [main/DEBUG] [mixin/]: Processing inject() for PlatformAgent[MixinPlatformAgentDefault:SecureJarResource(forge)]
[10Jul.2025 12:04:13.355] [main/DEBUG] [mixin/]: Processing inject() for PlatformAgent[MixinPlatformAgentDefault:SecureJarResource(appleskin)]
[10Jul.2025 12:04:13.355] [main/DEBUG] [mixin/]: Processing inject() for PlatformAgent[MixinPlatformAgentDefault:SecureJarResource(gamemenumodoption)]
[10Jul.2025 12:04:13.355] [main/DEBUG] [mixin/]: Processing inject() for PlatformAgent[MixinPlatformAgentDefault:SecureJarResource(journeymap)]
[10Jul.2025 12:04:13.355] [main/DEBUG] [mixin/]: Processing inject() for PlatformAgent[MixinPlatformAgentDefault:SecureJarResource(MixinExtras)]
[10Jul.2025 12:04:13.355] [main/DEBUG] [mixin/]: Processing inject() for PlatformAgent[MixinPlatformAgentDefault:SecureJarResource(mixinextras)]
[10Jul.2025 12:04:13.355] [main/INFO] [cpw.mods.modlauncher.LaunchServiceHandler/MODLAUNCHER]: Launching target 'forgedatauserdev' with arguments [--gameDir, ., --assetsDir, C:\Users\rdand\.gradle\caches\forge_gradle\assets, --assetIndex, 5, --mod, chaosawakens, --all, --output, C:\Github\ChaosAwakens\common\src\generated\resources, --existing, C:\Github\ChaosAwakens\common\src\main\resources]
[10Jul.2025 12:04:13.434] [main/INFO] [mixin/]: Attempting to load Fernflower decompiler (Threaded mode)
[10Jul.2025 12:04:13.435] [main/INFO] [mixin/]: Fernflower could not be loaded, exported classes will not be decompiled. NoClassDefFoundError: org/jetbrains/java/decompiler/main/extern/IResultSaver
[10Jul.2025 12:04:13.450] [main/DEBUG] [mixin/]: Preparing mixins for MixinEnvironment[DEFAULT]
[10Jul.2025 12:04:13.450] [main/DEBUG] [mixin/]: Selecting config chaosawakens.mixins.json
[10Jul.2025 12:04:13.453] [main/WARN] [mixin/]: Reference map 'chaosawakens.refmap.json' for chaosawakens.mixins.json could not be read. If this is a development environment you can ignore this message
[10Jul.2025 12:04:13.454] [main/DEBUG] [mixin/]: Selecting config chaosawakens.forge.mixins.json
[10Jul.2025 12:04:13.455] [main/WARN] [mixin/]: Reference map 'chaosawakens.refmap.json' for chaosawakens.forge.mixins.json could not be read. If this is a development environment you can ignore this message
[10Jul.2025 12:04:13.456] [main/DEBUG] [mixin/]: Selecting config configured.common.mixins.json
[10Jul.2025 12:04:13.698] [main/INFO] [mixin/]: Remapping refMap configured.refmap.json using C:\Github\ChaosAwakens\forge/build/createSrgToMcp/output.srg
[10Jul.2025 12:04:13.698] [main/DEBUG] [mixin/]: Selecting config jade.mixins.json
[10Jul.2025 12:04:13.700] [main/INFO] [mixin/]: Remapping refMap jade.refmap.json using C:\Github\ChaosAwakens\forge/build/createSrgToMcp/output.srg
[10Jul.2025 12:04:13.700] [main/DEBUG] [mixin/]: Selecting config jeed-common.mixins.json
[10Jul.2025 12:04:13.701] [main/INFO] [mixin/]: Remapping refMap jeed-common-refmap.json using C:\Github\ChaosAwakens\forge/build/createSrgToMcp/output.srg
[10Jul.2025 12:04:13.701] [main/DEBUG] [mixin/]: Selecting config jeed.mixins.json
[10Jul.2025 12:04:13.702] [main/WARN] [mixin/]: Reference map 'jeed-forge-refmap.json' for jeed.mixins.json could not be read. If this is a development environment you can ignore this message
[10Jul.2025 12:04:13.702] [main/DEBUG] [mixin/]: Selecting config gamemenumodoption.mixins.json
[10Jul.2025 12:04:13.703] [main/INFO] [mixin/]: Remapping refMap gamemenumodoption.refmap.json using C:\Github\ChaosAwakens\forge/build/createSrgToMcp/output.srg
[10Jul.2025 12:04:13.703] [main/DEBUG] [mixin/]: Selecting config journeymap.mixins.json
[10Jul.2025 12:04:13.704] [main/INFO] [mixin/]: Remapping refMap journeymap-refmap.json using C:\Github\ChaosAwakens\forge/build/createSrgToMcp/output.srg
[10Jul.2025 12:04:13.704] [main/DEBUG] [mixin/]: Selecting config mixinextras.init.mixins.json
[10Jul.2025 12:04:13.735] [main/DEBUG] [MixinExtras|Service/]: com.llamalad7.mixinextras.service.MixinExtrasServiceImpl(version=0.5.0-rc.2) is taking over from null
[10Jul.2025 12:04:13.759] [main/DEBUG] [mixin/]: Registering new injector for @Inject with org.spongepowered.asm.mixin.injection.struct.CallbackInjectionInfo
[10Jul.2025 12:04:13.760] [main/DEBUG] [mixin/]: Registering new injector for @ModifyArg with org.spongepowered.asm.mixin.injection.struct.ModifyArgInjectionInfo
[10Jul.2025 12:04:13.761] [main/DEBUG] [mixin/]: Registering new injector for @ModifyArgs with org.spongepowered.asm.mixin.injection.struct.ModifyArgsInjectionInfo
[10Jul.2025 12:04:13.762] [main/DEBUG] [mixin/]: Registering new injector for @Redirect with org.spongepowered.asm.mixin.injection.struct.RedirectInjectionInfo
[10Jul.2025 12:04:13.763] [main/DEBUG] [mixin/]: Registering new injector for @ModifyVariable with org.spongepowered.asm.mixin.injection.struct.ModifyVariableInjectionInfo
[10Jul.2025 12:04:13.764] [main/DEBUG] [mixin/]: Registering new injector for @ModifyConstant with org.spongepowered.asm.mixin.injection.struct.ModifyConstantInjectionInfo
[10Jul.2025 12:04:13.773] [main/DEBUG] [mixin/]: Preparing chaosawakens.mixins.json (7)
[10Jul.2025 12:04:13.814] [main/DEBUG] [mixin/]: Preparing chaosawakens.forge.mixins.json (5)
[10Jul.2025 12:04:13.830] [main/DEBUG] [mixin/]: Preparing configured.common.mixins.json (2)
[10Jul.2025 12:04:13.838] [main/DEBUG] [mixin/]: Preparing jade.mixins.json (3)
[10Jul.2025 12:04:13.845] [main/DEBUG] [mixin/]: Preparing jeed-common.mixins.json (1)
[10Jul.2025 12:04:13.848] [main/DEBUG] [mixin/]: Preparing jeed.mixins.json (0)
[10Jul.2025 12:04:13.848] [main/DEBUG] [mixin/]: Preparing gamemenumodoption.mixins.json (2)
[10Jul.2025 12:04:13.852] [main/DEBUG] [mixin/]: Preparing journeymap.mixins.json (3)
[10Jul.2025 12:04:13.871] [main/DEBUG] [mixin/]: Preparing mixinextras.init.mixins.json (0)
[10Jul.2025 12:04:13.893] [main/DEBUG] [mixin/]: Prepared 23 mixins in 0.443 sec (19.3ms avg) (0ms load, 0ms transform, 0ms plugin)
[10Jul.2025 12:04:14.021] [main/DEBUG] [io.netty.util.internal.logging.InternalLoggerFactory/]: Using SLF4J as the default logging framework
[10Jul.2025 12:04:14.024] [main/DEBUG] [io.netty.util.ResourceLeakDetector/]: -Dio.netty.leakDetection.level: simple
[10Jul.2025 12:04:14.024] [main/DEBUG] [io.netty.util.ResourceLeakDetector/]: -Dio.netty.leakDetection.targetRecords: 4
[10Jul.2025 12:04:14.034] [main/INFO] [MixinExtras|Service/]: Initializing MixinExtras via com.llamalad7.mixinextras.service.MixinExtrasServiceImpl(version=0.5.0-rc.2).
[10Jul.2025 12:04:14.035] [main/DEBUG] [mixin/]: Registering new injector for @SugarWrapper with com.llamalad7.mixinextras.sugar.impl.SugarWrapperInjectionInfo
[10Jul.2025 12:04:14.036] [main/DEBUG] [mixin/]: Registering new injector for @FactoryRedirectWrapper with com.llamalad7.mixinextras.wrapper.factory.FactoryRedirectWrapperInjectionInfo
[10Jul.2025 12:04:14.037] [main/DEBUG] [mixin/]: Registering new injector for @ExpressionInjectorWrapper with com.llamalad7.mixinextras.expression.impl.wrapper.ExpressionInjectorWrapperInjectionInfo
[10Jul.2025 12:04:14.048] [main/DEBUG] [mixin/]: Mixing client.TranslatableContentsMixin from journeymap.mixins.json into net.minecraft.network.chat.contents.TranslatableContents
[10Jul.2025 12:04:14.188] [main/INFO] [net.minecraftforge.data.loading.DatagenModLoader/]: Initializing Data Gatherer for mods [chaosawakens]
[10Jul.2025 12:04:14.269] [main/DEBUG] [mixin/]: Mixing block.BlockMixin from chaosawakens.forge.mixins.json into net.minecraft.world.level.block.Block
[10Jul.2025 12:04:14.310] [main/DEBUG] [mixin/]: Mixing common.entity.LivingEntityMixin from chaosawakens.mixins.json into net.minecraft.world.entity.LivingEntity
[10Jul.2025 12:04:14.401] [main/DEBUG] [net.minecraftforge.coremod.transformer.CoreModBaseTransformer/COREMOD]: Transforming net/minecraft/world/entity/EntityType
[10Jul.2025 12:04:14.618] [main/DEBUG] [mixin/]: Mixing common.block.BushBlockMixin from chaosawakens.mixins.json into net.minecraft.world.level.block.BushBlock
[10Jul.2025 12:04:14.630] [main/DEBUG] [net.minecraftforge.coremod.transformer.CoreModBaseTransformer/COREMOD]: Transforming net/minecraft/world/level/block/LiquidBlock
[10Jul.2025 12:04:14.651] [main/DEBUG] [net.minecraftforge.coremod.transformer.CoreModBaseTransformer/COREMOD]: Transforming net/minecraft/world/level/block/StairBlock
[10Jul.2025 12:04:14.659] [main/DEBUG] [mixin/]: Mixing common.block.CropBlockMixin from chaosawakens.mixins.json into net.minecraft.world.level.block.CropBlock
[10Jul.2025 12:04:14.688] [main/DEBUG] [mixin/]: Mixing common.block.AttachedStemBlockMixin from chaosawakens.mixins.json into net.minecraft.world.level.block.AttachedStemBlock
[10Jul.2025 12:04:14.692] [main/DEBUG] [mixin/]: Mixing common.block.StemBlockMixin from chaosawakens.mixins.json into net.minecraft.world.level.block.StemBlock
[10Jul.2025 12:04:14.707] [main/DEBUG] [net.minecraftforge.coremod.transformer.CoreModBaseTransformer/COREMOD]: Transforming net/minecraft/world/level/block/FlowerPotBlock
[10Jul.2025 12:04:15.118] [main/DEBUG] [net.minecraftforge.coremod.transformer.CoreModBaseTransformer/COREMOD]: Transforming net/minecraft/world/item/ItemStack
[10Jul.2025 12:04:15.468] [main/DEBUG] [net.minecraftforge.coremod.transformer.CoreModBaseTransformer/COREMOD]: Transforming net/minecraft/world/entity/animal/frog/Tadpole
[10Jul.2025 12:04:15.492] [main/DEBUG] [mixin/]: Mixing item.HoeItemMixin from chaosawakens.forge.mixins.json into net.minecraft.world.item.HoeItem
[10Jul.2025 12:04:15.493] [main/DEBUG] [mixin/]: Renaming synthetic method lambda$nexus$checkForMappedTillingBehaviour$2(Lnet/minecraft/world/level/block/Block;)Lnet/minecraft/world/level/block/Block; to md35e342$lambda$nexus$checkForMappedTillingBehaviour$2$0 in chaosawakens.forge.mixins.json:item.HoeItemMixin
[10Jul.2025 12:04:15.493] [main/DEBUG] [mixin/]: Renaming synthetic method lambda$nexus$remapToolModifierState$1(Lnet/minecraft/world/level/block/Block;)Lnet/minecraft/world/level/block/Block; to md35e342$lambda$nexus$remapToolModifierState$1$1 in chaosawakens.forge.mixins.json:item.HoeItemMixin
[10Jul.2025 12:04:15.493] [main/DEBUG] [mixin/]: Renaming synthetic method lambda$nexus$applyMappedTillingBehaviour$0(Lnet/minecraft/world/level/block/Block;)Lnet/minecraft/world/level/block/Block; to md35e342$lambda$nexus$applyMappedTillingBehaviour$0$2 in chaosawakens.forge.mixins.json:item.HoeItemMixin
[10Jul.2025 12:04:15.597] [main/DEBUG] [net.minecraftforge.coremod.transformer.CoreModBaseTransformer/COREMOD]: Transforming net/minecraft/world/item/BucketItem
[10Jul.2025 12:04:16.023] [main/DEBUG] [net.minecraftforge.coremod.transformer.CoreModBaseTransformer/COREMOD]: Transforming net/minecraft/world/entity/monster/Spider
[10Jul.2025 12:04:16.060] [main/DEBUG] [net.minecraftforge.coremod.transformer.CoreModBaseTransformer/COREMOD]: Transforming net/minecraft/world/entity/monster/Zombie
[10Jul.2025 12:04:16.090] [main/DEBUG] [net.minecraftforge.coremod.transformer.CoreModBaseTransformer/COREMOD]: Transforming net/minecraft/world/entity/monster/ZombieVillager
[10Jul.2025 12:04:16.124] [main/DEBUG] [net.minecraftforge.coremod.transformer.CoreModBaseTransformer/COREMOD]: Transforming net/minecraft/world/entity/monster/Evoker$EvokerSummonSpellGoal
[10Jul.2025 12:04:16.207] [main/DEBUG] [net.minecraftforge.coremod.transformer.CoreModBaseTransformer/COREMOD]: Transforming net/minecraft/world/entity/animal/horse/SkeletonTrapGoal
[10Jul.2025 12:04:16.221] [main/DEBUG] [net.minecraftforge.coremod.transformer.CoreModBaseTransformer/COREMOD]: Transforming net/minecraft/world/entity/monster/Strider
[10Jul.2025 12:04:16.284] [main/DEBUG] [net.minecraftforge.coremod.transformer.CoreModBaseTransformer/COREMOD]: Transforming net/minecraft/world/entity/npc/Villager
[10Jul.2025 12:04:16.362] [main/DEBUG] [net.minecraftforge.coremod.transformer.CoreModBaseTransformer/COREMOD]: Transforming net/minecraft/world/effect/MobEffectInstance
[10Jul.2025 12:04:16.646] [main/DEBUG] [net.minecraftforge.coremod.transformer.CoreModBaseTransformer/COREMOD]: Transforming net/minecraft/world/level/levelgen/structure/Structure
[10Jul.2025 12:04:16.670] [main/DEBUG] [net.minecraftforge.coremod.transformer.CoreModBaseTransformer/COREMOD]: Transforming net/minecraft/world/level/levelgen/structure/structures/OceanRuinPieces$OceanRuinPiece
[10Jul.2025 12:04:16.679] [main/DEBUG] [net.minecraftforge.coremod.transformer.CoreModBaseTransformer/COREMOD]: Transforming net/minecraft/world/level/levelgen/structure/structures/SwampHutPiece
[10Jul.2025 12:04:16.685] [main/DEBUG] [net.minecraftforge.coremod.transformer.CoreModBaseTransformer/COREMOD]: Transforming net/minecraft/world/level/levelgen/structure/structures/OceanMonumentPieces$OceanMonumentPiece
[10Jul.2025 12:04:16.694] [main/DEBUG] [net.minecraftforge.coremod.transformer.CoreModBaseTransformer/COREMOD]: Transforming net/minecraft/world/level/levelgen/structure/structures/WoodlandMansionPieces$WoodlandMansionPiece
[10Jul.2025 12:04:16.754] [main/DEBUG] [net.minecraftforge.coremod.transformer.CoreModBaseTransformer/COREMOD]: Transforming net/minecraft/world/level/biome/Biome
[10Jul.2025 12:04:16.851] [main/DEBUG] [net.minecraftforge.registries.GameData/REGISTRIES]: Creating vanilla freeze snapshot
[10Jul.2025 12:04:16.853] [main/DEBUG] [net.minecraftforge.registries.ForgeRegistry/REGISTRIES]: Registry minecraft:block Sync: VANILLA -> ACTIVE
[10Jul.2025 12:04:16.859] [main/DEBUG] [net.minecraftforge.registries.ForgeRegistry/REGISTRIES]: Registry minecraft:fluid Sync: VANILLA -> ACTIVE
[10Jul.2025 12:04:16.859] [main/DEBUG] [net.minecraftforge.registries.ForgeRegistry/REGISTRIES]: Registry minecraft:item Sync: VANILLA -> ACTIVE
[10Jul.2025 12:04:16.869] [main/DEBUG] [net.minecraftforge.registries.ForgeRegistry/REGISTRIES]: Registry minecraft:mob_effect Sync: VANILLA -> ACTIVE
[10Jul.2025 12:04:16.869] [main/DEBUG] [net.minecraftforge.registries.ForgeRegistry/REGISTRIES]: Registry minecraft:sound_event Sync: VANILLA -> ACTIVE
[10Jul.2025 12:04:16.876] [main/DEBUG] [net.minecraftforge.registries.ForgeRegistry/REGISTRIES]: Registry minecraft:potion Sync: VANILLA -> ACTIVE
[10Jul.2025 12:04:16.877] [main/DEBUG] [net.minecraftforge.registries.ForgeRegistry/REGISTRIES]: Registry minecraft:enchantment Sync: VANILLA -> ACTIVE
[10Jul.2025 12:04:16.877] [main/DEBUG] [net.minecraftforge.registries.ForgeRegistry/REGISTRIES]: Registry minecraft:entity_type Sync: VANILLA -> ACTIVE
[10Jul.2025 12:04:16.877] [main/DEBUG] [net.minecraftforge.registries.ForgeRegistry/REGISTRIES]: Registry minecraft:block_entity_type Sync: VANILLA -> ACTIVE
[10Jul.2025 12:04:16.877] [main/DEBUG] [net.minecraftforge.registries.ForgeRegistry/REGISTRIES]: Registry minecraft:particle_type Sync: VANILLA -> ACTIVE
[10Jul.2025 12:04:16.878] [main/DEBUG] [net.minecraftforge.registries.ForgeRegistry/REGISTRIES]: Registry minecraft:menu Sync: VANILLA -> ACTIVE
[10Jul.2025 12:04:16.878] [main/DEBUG] [net.minecraftforge.registries.ForgeRegistry/REGISTRIES]: Registry minecraft:painting_variant Sync: VANILLA -> ACTIVE
[10Jul.2025 12:04:16.878] [main/DEBUG] [net.minecraftforge.registries.ForgeRegistry/REGISTRIES]: Registry minecraft:recipe_type Sync: VANILLA -> ACTIVE
[10Jul.2025 12:04:16.878] [main/DEBUG] [net.minecraftforge.registries.ForgeRegistry/REGISTRIES]: Registry minecraft:recipe_serializer Sync: VANILLA -> ACTIVE
[10Jul.2025 12:04:16.878] [main/DEBUG] [net.minecraftforge.registries.ForgeRegistry/REGISTRIES]: Registry minecraft:attribute Sync: VANILLA -> ACTIVE
[10Jul.2025 12:04:16.878] [main/DEBUG] [net.minecraftforge.registries.ForgeRegistry/REGISTRIES]: Registry minecraft:stat_type Sync: VANILLA -> ACTIVE
[10Jul.2025 12:04:16.878] [main/DEBUG] [net.minecraftforge.registries.ForgeRegistry/REGISTRIES]: Registry minecraft:command_argument_type Sync: VANILLA -> ACTIVE
[10Jul.2025 12:04:16.878] [main/DEBUG] [net.minecraftforge.registries.ForgeRegistry/REGISTRIES]: Registry minecraft:villager_profession Sync: VANILLA -> ACTIVE
[10Jul.2025 12:04:16.878] [main/DEBUG] [net.minecraftforge.registries.ForgeRegistry/REGISTRIES]: Registry minecraft:point_of_interest_type Sync: VANILLA -> ACTIVE
[10Jul.2025 12:04:16.880] [main/DEBUG] [net.minecraftforge.registries.ForgeRegistry/REGISTRIES]: Registry minecraft:memory_module_type Sync: VANILLA -> ACTIVE
[10Jul.2025 12:04:16.881] [main/DEBUG] [net.minecraftforge.registries.ForgeRegistry/REGISTRIES]: Registry minecraft:sensor_type Sync: VANILLA -> ACTIVE
[10Jul.2025 12:04:16.881] [main/DEBUG] [net.minecraftforge.registries.ForgeRegistry/REGISTRIES]: Registry minecraft:schedule Sync: VANILLA -> ACTIVE
[10Jul.2025 12:04:16.881] [main/DEBUG] [net.minecraftforge.registries.ForgeRegistry/REGISTRIES]: Registry minecraft:activity Sync: VANILLA -> ACTIVE
[10Jul.2025 12:04:16.881] [main/DEBUG] [net.minecraftforge.registries.ForgeRegistry/REGISTRIES]: Registry minecraft:worldgen/carver Sync: VANILLA -> ACTIVE
[10Jul.2025 12:04:16.881] [main/DEBUG] [net.minecraftforge.registries.ForgeRegistry/REGISTRIES]: Registry minecraft:worldgen/feature Sync: VANILLA -> ACTIVE
[10Jul.2025 12:04:16.881] [main/DEBUG] [net.minecraftforge.registries.ForgeRegistry/REGISTRIES]: Registry minecraft:chunk_status Sync: VANILLA -> ACTIVE
[10Jul.2025 12:04:16.881] [main/DEBUG] [net.minecraftforge.registries.ForgeRegistry/REGISTRIES]: Registry minecraft:worldgen/block_state_provider_type Sync: VANILLA -> ACTIVE
[10Jul.2025 12:04:16.881] [main/DEBUG] [net.minecraftforge.registries.ForgeRegistry/REGISTRIES]: Registry minecraft:worldgen/foliage_placer_type Sync: VANILLA -> ACTIVE
[10Jul.2025 12:04:16.881] [main/DEBUG] [net.minecraftforge.registries.ForgeRegistry/REGISTRIES]: Registry minecraft:worldgen/tree_decorator_type Sync: VANILLA -> ACTIVE
[10Jul.2025 12:04:16.881] [main/DEBUG] [net.minecraftforge.registries.ForgeRegistry/REGISTRIES]: Registry minecraft:worldgen/biome Sync: VANILLA -> ACTIVE
[10Jul.2025 12:04:16.884] [main/DEBUG] [net.minecraftforge.registries.GameData/REGISTRIES]: Vanilla freeze snapshot created
[10Jul.2025 12:04:16.895] [main/DEBUG] [net.minecraftforge.fml.ModWorkManager/LOADING]: Using 20 threads for parallel mod-loading
[10Jul.2025 12:04:16.899] [main/DEBUG] [net.minecraftforge.fml.javafmlmod.FMLJavaModLanguageProvider/LOADING]: Loading FMLModContainer from classloader cpw.mods.modlauncher.TransformingClassLoader@3c9c6245 - got cpw.mods.cl.ModuleClassLoader@27b71f50
[10Jul.2025 12:04:16.901] [main/DEBUG] [net.minecraftforge.fml.javafmlmod.FMLModContainer/LOADING]: Creating FMLModContainer instance for com.mrcrayfish.configured.Configured
[10Jul.2025 12:04:16.904] [main/DEBUG] [net.minecraftforge.fml.javafmlmod.FMLJavaModLanguageProvider/LOADING]: Loading FMLModContainer from classloader cpw.mods.modlauncher.TransformingClassLoader@3c9c6245 - got cpw.mods.cl.ModuleClassLoader@27b71f50
[10Jul.2025 12:04:16.904] [main/DEBUG] [net.minecraftforge.fml.javafmlmod.FMLModContainer/LOADING]: Creating FMLModContainer instance for snownee.jade.util.CommonProxy
[10Jul.2025 12:04:16.906] [main/DEBUG] [net.minecraftforge.fml.javafmlmod.FMLJavaModLanguageProvider/LOADING]: Loading FMLModContainer from classloader cpw.mods.modlauncher.TransformingClassLoader@3c9c6245 - got cpw.mods.cl.ModuleClassLoader@27b71f50
[10Jul.2025 12:04:16.906] [main/DEBUG] [net.minecraftforge.fml.javafmlmod.FMLModContainer/LOADING]: Creating FMLModContainer instance for net.mehvahdjukaar.jeed.forge.JeedImpl
[10Jul.2025 12:04:16.907] [main/DEBUG] [net.minecraftforge.fml.javafmlmod.FMLJavaModLanguageProvider/LOADING]: Loading FMLModContainer from classloader cpw.mods.modlauncher.TransformingClassLoader@3c9c6245 - got cpw.mods.cl.ModuleClassLoader@27b71f50
[10Jul.2025 12:04:16.907] [main/DEBUG] [net.minecraftforge.fml.javafmlmod.FMLModContainer/LOADING]: Creating FMLModContainer instance for com.mrcrayfish.catalogue.Catalogue
[10Jul.2025 12:04:16.907] [main/DEBUG] [net.minecraftforge.fml.javafmlmod.FMLJavaModLanguageProvider/LOADING]: Loading FMLModContainer from classloader cpw.mods.modlauncher.TransformingClassLoader@3c9c6245 - got cpw.mods.cl.ModuleClassLoader@27b71f50
[10Jul.2025 12:04:16.907] [main/DEBUG] [net.minecraftforge.fml.javafmlmod.FMLModContainer/LOADING]: Creating FMLModContainer instance for io.github.chaosawakens.ChaosAwakensForge
[10Jul.2025 12:04:16.907] [main/DEBUG] [net.minecraftforge.fml.javafmlmod.FMLJavaModLanguageProvider/LOADING]: Loading FMLModContainer from classloader cpw.mods.modlauncher.TransformingClassLoader@3c9c6245 - got cpw.mods.cl.ModuleClassLoader@27b71f50
[10Jul.2025 12:04:16.907] [main/DEBUG] [net.minecraftforge.fml.javafmlmod.FMLModContainer/LOADING]: Creating FMLModContainer instance for mezz.jei.forge.JustEnoughItems
[10Jul.2025 12:04:16.909] [main/DEBUG] [net.minecraftforge.fml.javafmlmod.FMLJavaModLanguageProvider/LOADING]: Loading FMLModContainer from classloader cpw.mods.modlauncher.TransformingClassLoader@3c9c6245 - got cpw.mods.cl.ModuleClassLoader@27b71f50
[10Jul.2025 12:04:16.909] [main/DEBUG] [net.minecraftforge.fml.javafmlmod.FMLModContainer/LOADING]: Creating FMLModContainer instance for net.minecraftforge.common.ForgeMod
[10Jul.2025 12:04:16.910] [main/DEBUG] [net.minecraftforge.fml.javafmlmod.FMLJavaModLanguageProvider/LOADING]: Loading FMLModContainer from classloader cpw.mods.modlauncher.TransformingClassLoader@3c9c6245 - got cpw.mods.cl.ModuleClassLoader@27b71f50
[10Jul.2025 12:04:16.910] [main/DEBUG] [net.minecraftforge.fml.javafmlmod.FMLModContainer/LOADING]: Creating FMLModContainer instance for squeek.appleskin.AppleSkin
[10Jul.2025 12:04:16.910] [main/DEBUG] [net.minecraftforge.fml.javafmlmod.FMLJavaModLanguageProvider/LOADING]: Loading FMLModContainer from classloader cpw.mods.modlauncher.TransformingClassLoader@3c9c6245 - got cpw.mods.cl.ModuleClassLoader@27b71f50
[10Jul.2025 12:04:16.910] [main/DEBUG] [net.minecraftforge.fml.javafmlmod.FMLModContainer/LOADING]: Creating FMLModContainer instance for net.morimori0317.gmmo.GameMenuModOption
[10Jul.2025 12:04:16.910] [main/DEBUG] [net.minecraftforge.fml.javafmlmod.FMLJavaModLanguageProvider/LOADING]: Loading FMLModContainer from classloader cpw.mods.modlauncher.TransformingClassLoader@3c9c6245 - got cpw.mods.cl.ModuleClassLoader@27b71f50
[10Jul.2025 12:04:16.911] [main/DEBUG] [net.minecraftforge.fml.javafmlmod.FMLModContainer/LOADING]: Creating FMLModContainer instance for journeymap.common.Journeymap
[10Jul.2025 12:04:16.919] [modloading-worker-0/DEBUG] [net.minecraftforge.fml.javafmlmod.AutomaticEventSubscriber/LOADING]: Attempting to inject @EventBusSubscriber classes into the eventbus for catalogue
[10Jul.2025 12:04:16.922] [modloading-worker-0/DEBUG] [net.minecraftforge.fml.javafmlmod.AutomaticEventSubscriber/LOADING]: Auto-subscribing com.mrcrayfish.catalogue.client.ClientHandler to FORGE
[10Jul.2025 12:04:16.923] [modloading-worker-0/DEBUG] [mixin/]: Mixing client.ScreenMixin from configured.common.mixins.json into net.minecraft.client.gui.screens.Screen
[10Jul.2025 12:04:16.938] [modloading-worker-0/DEBUG] [Chaos Awakens/]: Loaded io.github.chaosawakens.api.services.ForgePlatformHelper@32d5af04 for service interface io.github.chaosawakens.api.platform.services.IPlatformHelper
[10Jul.2025 12:04:16.943] [modloading-worker-0/DEBUG] [net.minecraftforge.versions.forge.ForgeVersion/CORE]: Forge Version package package net.minecraftforge.versions.forge, Forge, version 47.3 from cpw.mods.modlauncher.TransformingClassLoader@3c9c6245
[10Jul.2025 12:04:16.943] [modloading-worker-0/DEBUG] [net.minecraftforge.versions.forge.ForgeVersion/CORE]: Found Forge version 47.3.27
[10Jul.2025 12:04:16.943] [modloading-worker-0/DEBUG] [net.minecraftforge.versions.forge.ForgeVersion/CORE]: Found Forge spec 47.3
[10Jul.2025 12:04:16.943] [modloading-worker-0/DEBUG] [net.minecraftforge.versions.forge.ForgeVersion/CORE]: Found Forge group net.minecraftforge
[10Jul.2025 12:04:16.944] [modloading-worker-0/DEBUG] [net.minecraftforge.versions.mcp.MCPVersion/CORE]: MCP Version package package net.minecraftforge.versions.mcp, Minecraft, version 1.20.1 from cpw.mods.modlauncher.TransformingClassLoader@3c9c6245
[10Jul.2025 12:04:16.944] [modloading-worker-0/DEBUG] [net.minecraftforge.versions.mcp.MCPVersion/CORE]: Found MC version information 1.20.1
[10Jul.2025 12:04:16.944] [modloading-worker-0/DEBUG] [net.minecraftforge.versions.mcp.MCPVersion/CORE]: Found MCP version information 20230612.114412
[10Jul.2025 12:04:16.944] [modloading-worker-0/DEBUG] [net.minecraftforge.fml.config.ConfigTracker/CONFIG]: Config file jei-server.toml for jei tracking
[10Jul.2025 12:04:16.944] [modloading-worker-0/DEBUG] [net.minecraftforge.fml.config.ConfigTracker/CONFIG]: Config file jeed-client.toml for jeed tracking
[10Jul.2025 12:04:16.944] [modloading-worker-0/DEBUG] [net.minecraftforge.fml.config.ConfigTracker/CONFIG]: Config file appleskin-client.toml for appleskin tracking
[10Jul.2025 12:04:16.944] [modloading-worker-0/DEBUG] [net.minecraftforge.fml.config.ConfigTracker/CONFIG]: Config file gamemenumodoption-client.toml for gamemenumodoption tracking
[10Jul.2025 12:04:16.944] [modloading-worker-0/INFO] [net.minecraftforge.common.ForgeMod/FORGEMOD]: Forge mod loading, version 47.3.27, for MC 1.20.1 with MCP 20230612.114412
[10Jul.2025 12:04:16.944] [modloading-worker-0/DEBUG] [net.minecraftforge.fml.javafmlmod.AutomaticEventSubscriber/LOADING]: Attempting to inject @EventBusSubscriber classes into the eventbus for gamemenumodoption
[10Jul.2025 12:04:16.944] [modloading-worker-0/DEBUG] [net.minecraftforge.fml.javafmlmod.AutomaticEventSubscriber/LOADING]: Auto-subscribing net.morimori0317.gmmo.GameMenuModOption$ClientModEvents to MOD
[10Jul.2025 12:04:16.944] [modloading-worker-0/INFO] [net.minecraftforge.common.MinecraftForge/FORGE]: MinecraftForge v47.3.27 Initialized
[10Jul.2025 12:04:16.945] [modloading-worker-0/DEBUG] [Chaos Awakens/]: Loaded io.github.chaosawakens.api.services.ForgeRegistrar@1c54bee for service interface io.github.chaosawakens.api.platform.services.IRegistrar
[10Jul.2025 12:04:16.948] [modloading-worker-0/DEBUG] [net.minecraftforge.fml.javafmlmod.AutomaticEventSubscriber/LOADING]: Attempting to inject @EventBusSubscriber classes into the eventbus for appleskin
[10Jul.2025 12:04:16.950] [modloading-worker-0/DEBUG] [Chaos Awakens/]: Loaded io.github.chaosawakens.api.services.ForgeNetworkManager@143d01d7 for service interface io.github.chaosawakens.api.platform.services.INetworkManager
[10Jul.2025 12:04:16.952] [modloading-worker-0/DEBUG] [net.minecraftforge.fml.javafmlmod.AutomaticEventSubscriber/LOADING]: Attempting to inject @EventBusSubscriber classes into the eventbus for configured
[10Jul.2025 12:04:16.952] [modloading-worker-0/DEBUG] [net.minecraftforge.fml.javafmlmod.AutomaticEventSubscriber/LOADING]: Auto-subscribing com.mrcrayfish.configured.client.ClientConfigured to FORGE
[10Jul.2025 12:04:16.954] [modloading-worker-0/DEBUG] [mixin/]: Mixing EffectRenderingInventoryScreenMixin from jeed-common.mixins.json into net.minecraft.client.gui.screens.inventory.EffectRenderingInventoryScreen
[10Jul.2025 12:04:16.956] [modloading-worker-0/DEBUG] [net.minecraftforge.coremod.transformer.CoreModBaseTransformer/COREMOD]: Transforming net/minecraft/world/effect/MobEffectInstance
[10Jul.2025 12:04:16.976] [modloading-worker-0/WARN] [mixin/]: @Inject(@At("INVOKE_ASSIGN")) Shift.BY=3 on jeed-common.mixins.json:EffectRenderingInventoryScreenMixin::handler$zzp000$captureEffect exceeds the maximum allowed value: 0. Increase the value of maxShiftBy to suppress this warning.
[10Jul.2025 12:04:16.983] [modloading-worker-0/DEBUG] [net.minecraftforge.fml.javafmlmod.AutomaticEventSubscriber/LOADING]: Attempting to inject @EventBusSubscriber classes into the eventbus for jeed
[10Jul.2025 12:04:16.984] [modloading-worker-0/DEBUG] [mixin/]: Mixing client.LocalPlayerMixin from journeymap.mixins.json into net.minecraft.client.player.LocalPlayer
[10Jul.2025 12:04:16.995] [modloading-worker-0/DEBUG] [mixin/]: Mixing FontMixin from jade.mixins.json into net.minecraft.client.gui.Font
[10Jul.2025 12:04:16.995] [modloading-worker-0/DEBUG] [mixin/]: jade.mixins.json:FontMixin: Class version 61 required is higher than the class version supported by the current version of Mixin (JAVA_16 supports class version 60)
[10Jul.2025 12:04:16.997] [modloading-worker-0/DEBUG] [Chaos Awakens/]: Loading Class: io.github.chaosawakens.common.registry.CABiomes
[10Jul.2025 12:04:17.014] [modloading-worker-0/DEBUG] [Chaos Awakens/]: Loading Class: io.github.chaosawakens.common.registry.CABlocks
[10Jul.2025 12:04:17.016] [modloading-worker-0/DEBUG] [mezz.jei.common.platform.Services/]: Loaded mezz.jei.forge.platform.PlatformHelper@70eba9eb for service interface mezz.jei.common.platform.IPlatformHelper
[10Jul.2025 12:04:17.029] [modloading-worker-0/DEBUG] [net.minecraftforge.fml.javafmlmod.AutomaticEventSubscriber/LOADING]: Attempting to inject @EventBusSubscriber classes into the eventbus for jade
[10Jul.2025 12:04:17.030] [modloading-worker-0/DEBUG] [io.netty.util.internal.PlatformDependent0/]: -Dio.netty.noUnsafe: false
[10Jul.2025 12:04:17.030] [modloading-worker-0/DEBUG] [io.netty.util.internal.PlatformDependent0/]: Java version: 17
[10Jul.2025 12:04:17.031] [modloading-worker-0/DEBUG] [io.netty.util.internal.PlatformDependent0/]: sun.misc.Unsafe.theUnsafe: available
[10Jul.2025 12:04:17.031] [modloading-worker-0/DEBUG] [io.netty.util.internal.PlatformDependent0/]: sun.misc.Unsafe.copyMemory: available
[10Jul.2025 12:04:17.031] [modloading-worker-0/DEBUG] [io.netty.util.internal.PlatformDependent0/]: sun.misc.Unsafe.storeFence: available
[10Jul.2025 12:04:17.031] [modloading-worker-0/DEBUG] [io.netty.util.internal.PlatformDependent0/]: java.nio.Buffer.address: available
[10Jul.2025 12:04:17.032] [modloading-worker-0/DEBUG] [io.netty.util.internal.PlatformDependent0/]: direct buffer constructor: unavailable
java.lang.UnsupportedOperationException: Reflective setAccessible(true) disabled
	at io.netty.util.internal.ReflectionUtil.trySetAccessible(ReflectionUtil.java:31) ~[netty-common-4.1.82.Final.jar%23151!/:4.1.82.Final]
	at io.netty.util.internal.PlatformDependent0$5.run(PlatformDependent0.java:288) ~[netty-common-4.1.82.Final.jar%23151!/:4.1.82.Final]
	at java.security.AccessController.doPrivileged(AccessController.java:318) ~[?:?]
	at io.netty.util.internal.PlatformDependent0.<clinit>(PlatformDependent0.java:282) ~[netty-common-4.1.82.Final.jar%23151!/:4.1.82.Final]
	at io.netty.util.internal.PlatformDependent.isAndroid(PlatformDependent.java:333) ~[netty-common-4.1.82.Final.jar%23151!/:4.1.82.Final]
	at io.netty.util.internal.PlatformDependent.<clinit>(PlatformDependent.java:88) ~[netty-common-4.1.82.Final.jar%23151!/:4.1.82.Final]
	at io.netty.util.ConstantPool.<init>(ConstantPool.java:34) ~[netty-common-4.1.82.Final.jar%23151!/:4.1.82.Final]
	at io.netty.util.AttributeKey$1.<init>(AttributeKey.java:27) ~[netty-common-4.1.82.Final.jar%23151!/:4.1.82.Final]
	at io.netty.util.AttributeKey.<clinit>(AttributeKey.java:27) ~[netty-common-4.1.82.Final.jar%23151!/:4.1.82.Final]
	at net.minecraftforge.network.NetworkConstants.<clinit>(NetworkConstants.java:34) ~[forge-1.20.1-47.3.27_mapped_parchment_2023.09.03-1.20.1-recomp.jar%23190%23197!/:?]
	at net.minecraftforge.common.ForgeMod.<init>(ForgeMod.java:429) ~[forge-1.20.1-47.3.27_mapped_parchment_2023.09.03-1.20.1-recomp.jar%23190%23197!/:?]
	at jdk.internal.reflect.NativeConstructorAccessorImpl.newInstance0(Native Method) ~[?:?]
	at jdk.internal.reflect.NativeConstructorAccessorImpl.newInstance(NativeConstructorAccessorImpl.java:77) ~[?:?]
	at jdk.internal.reflect.DelegatingConstructorAccessorImpl.newInstance(DelegatingConstructorAccessorImpl.java:45) ~[?:?]
	at java.lang.reflect.Constructor.newInstanceWithCaller(Constructor.java:500) ~[?:?]
	at java.lang.reflect.Constructor.newInstance(Constructor.java:481) ~[?:?]
	at net.minecraftforge.fml.javafmlmod.FMLModContainer.constructMod(FMLModContainer.java:77) ~[javafmllanguage-1.20.1-47.3.27.jar%23192!/:?]
	at net.minecraftforge.fml.ModContainer.lambda$buildTransitionHandler$5(ModContainer.java:126) ~[fmlcore-1.20.1-47.3.27.jar%23195!/:?]
	at java.util.concurrent.CompletableFuture$AsyncRun.run(CompletableFuture.java:1804) ~[?:?]
	at java.util.concurrent.CompletableFuture$AsyncRun.exec(CompletableFuture.java:1796) ~[?:?]
	at java.util.concurrent.ForkJoinTask.doExec(ForkJoinTask.java:373) ~[?:?]
	at java.util.concurrent.ForkJoinPool$WorkQueue.topLevelExec(ForkJoinPool.java:1182) ~[?:?]
	at java.util.concurrent.ForkJoinPool.scan(ForkJoinPool.java:1655) ~[?:?]
	at java.util.concurrent.ForkJoinPool.runWorker(ForkJoinPool.java:1622) ~[?:?]
	at java.util.concurrent.ForkJoinWorkerThread.run(ForkJoinWorkerThread.java:165) ~[?:?]
[10Jul.2025 12:04:17.037] [modloading-worker-0/DEBUG] [io.netty.util.internal.PlatformDependent0/]: java.nio.Bits.unaligned: available, true
[10Jul.2025 12:04:17.038] [modloading-worker-0/DEBUG] [io.netty.util.internal.PlatformDependent0/]: jdk.internal.misc.Unsafe.allocateUninitializedArray(int): unavailable
java.lang.IllegalAccessException: class io.netty.util.internal.PlatformDependent0$7 (in module io.netty.common) cannot access class jdk.internal.misc.Unsafe (in module java.base) because module java.base does not export jdk.internal.misc to module io.netty.common
	at jdk.internal.reflect.Reflection.newIllegalAccessException(Reflection.java:392) ~[?:?]
	at java.lang.reflect.AccessibleObject.checkAccess(AccessibleObject.java:674) ~[?:?]
	at java.lang.reflect.Method.invoke(Method.java:561) ~[?:?]
	at io.netty.util.internal.PlatformDependent0$7.run(PlatformDependent0.java:410) ~[netty-common-4.1.82.Final.jar%23151!/:4.1.82.Final]
	at java.security.AccessController.doPrivileged(AccessController.java:318) ~[?:?]
	at io.netty.util.internal.PlatformDependent0.<clinit>(PlatformDependent0.java:401) ~[netty-common-4.1.82.Final.jar%23151!/:4.1.82.Final]
	at io.netty.util.internal.PlatformDependent.isAndroid(PlatformDependent.java:333) ~[netty-common-4.1.82.Final.jar%23151!/:4.1.82.Final]
	at io.netty.util.internal.PlatformDependent.<clinit>(PlatformDependent.java:88) ~[netty-common-4.1.82.Final.jar%23151!/:4.1.82.Final]
	at io.netty.util.ConstantPool.<init>(ConstantPool.java:34) ~[netty-common-4.1.82.Final.jar%23151!/:4.1.82.Final]
	at io.netty.util.AttributeKey$1.<init>(AttributeKey.java:27) ~[netty-common-4.1.82.Final.jar%23151!/:4.1.82.Final]
	at io.netty.util.AttributeKey.<clinit>(AttributeKey.java:27) ~[netty-common-4.1.82.Final.jar%23151!/:4.1.82.Final]
	at net.minecraftforge.network.NetworkConstants.<clinit>(NetworkConstants.java:34) ~[forge-1.20.1-47.3.27_mapped_parchment_2023.09.03-1.20.1-recomp.jar%23190%23197!/:?]
	at net.minecraftforge.common.ForgeMod.<init>(ForgeMod.java:429) ~[forge-1.20.1-47.3.27_mapped_parchment_2023.09.03-1.20.1-recomp.jar%23190%23197!/:?]
	at jdk.internal.reflect.NativeConstructorAccessorImpl.newInstance0(Native Method) ~[?:?]
	at jdk.internal.reflect.NativeConstructorAccessorImpl.newInstance(NativeConstructorAccessorImpl.java:77) ~[?:?]
	at jdk.internal.reflect.DelegatingConstructorAccessorImpl.newInstance(DelegatingConstructorAccessorImpl.java:45) ~[?:?]
	at java.lang.reflect.Constructor.newInstanceWithCaller(Constructor.java:500) ~[?:?]
	at java.lang.reflect.Constructor.newInstance(Constructor.java:481) ~[?:?]
	at net.minecraftforge.fml.javafmlmod.FMLModContainer.constructMod(FMLModContainer.java:77) ~[javafmllanguage-1.20.1-47.3.27.jar%23192!/:?]
	at net.minecraftforge.fml.ModContainer.lambda$buildTransitionHandler$5(ModContainer.java:126) ~[fmlcore-1.20.1-47.3.27.jar%23195!/:?]
	at java.util.concurrent.CompletableFuture$AsyncRun.run(CompletableFuture.java:1804) ~[?:?]
	at java.util.concurrent.CompletableFuture$AsyncRun.exec(CompletableFuture.java:1796) ~[?:?]
	at java.util.concurrent.ForkJoinTask.doExec(ForkJoinTask.java:373) ~[?:?]
	at java.util.concurrent.ForkJoinPool$WorkQueue.topLevelExec(ForkJoinPool.java:1182) ~[?:?]
	at java.util.concurrent.ForkJoinPool.scan(ForkJoinPool.java:1655) ~[?:?]
	at java.util.concurrent.ForkJoinPool.runWorker(ForkJoinPool.java:1622) ~[?:?]
	at java.util.concurrent.ForkJoinWorkerThread.run(ForkJoinWorkerThread.java:165) ~[?:?]
[10Jul.2025 12:04:17.040] [modloading-worker-0/DEBUG] [io.netty.util.internal.PlatformDependent0/]: java.nio.DirectByteBuffer.<init>(long, int): unavailable
[10Jul.2025 12:04:17.040] [modloading-worker-0/DEBUG] [io.netty.util.internal.PlatformDependent/]: sun.misc.Unsafe: available
[10Jul.2025 12:04:17.040] [modloading-worker-0/DEBUG] [io.netty.util.internal.PlatformDependent/]: maxDirectMemory: 17179869184 bytes (maybe)
[10Jul.2025 12:04:17.040] [modloading-worker-0/DEBUG] [io.netty.util.internal.PlatformDependent/]: -Dio.netty.tmpdir: C:\Users\rdand\AppData\Local\Temp (java.io.tmpdir)
[10Jul.2025 12:04:17.041] [modloading-worker-0/DEBUG] [io.netty.util.internal.PlatformDependent/]: -Dio.netty.bitMode: 64 (sun.arch.data.model)
[10Jul.2025 12:04:17.041] [modloading-worker-0/DEBUG] [io.netty.util.internal.PlatformDependent/]: Platform: Windows
[10Jul.2025 12:04:17.041] [modloading-worker-0/DEBUG] [io.netty.util.internal.PlatformDependent/]: -Dio.netty.maxDirectMemory: -1 bytes
[10Jul.2025 12:04:17.041] [modloading-worker-0/DEBUG] [io.netty.util.internal.PlatformDependent/]: -Dio.netty.uninitializedArrayAllocationThreshold: -1
[10Jul.2025 12:04:17.042] [modloading-worker-0/DEBUG] [io.netty.util.internal.CleanerJava9/]: java.nio.ByteBuffer.cleaner(): available
[10Jul.2025 12:04:17.042] [modloading-worker-0/DEBUG] [io.netty.util.internal.PlatformDependent/]: -Dio.netty.noPreferDirect: false
[10Jul.2025 12:04:17.044] [modloading-worker-0/DEBUG] [mixin/]: Mixing PauseScreenMixin from gamemenumodoption.mixins.json into net.minecraft.client.gui.screens.PauseScreen
[10Jul.2025 12:04:17.045] [modloading-worker-0/DEBUG] [mixin/]: Renaming synthetic method lambda$openScreenLongButton$3(Ljava/util/function/Supplier;Lnet/minecraft/client/gui/components/Button;)V to md35e342$lambda$openScreenLongButton$3$0 in gamemenumodoption.mixins.json:PauseScreenMixin
[10Jul.2025 12:04:17.045] [modloading-worker-0/DEBUG] [mixin/]: Renaming synthetic method lambda$openScreenButtonInject$2(Lnet/minecraft/client/gui/components/Button;)V to md35e342$lambda$openScreenButtonInject$2$1 in gamemenumodoption.mixins.json:PauseScreenMixin
[10Jul.2025 12:04:17.045] [modloading-worker-0/DEBUG] [mixin/]: Renaming synthetic method lambda$createPauseMenuInject1$1()Lnet/minecraft/client/gui/screens/Screen; to md35e342$lambda$createPauseMenuInject1$1$2 in gamemenumodoption.mixins.json:PauseScreenMixin
[10Jul.2025 12:04:17.045] [modloading-worker-0/DEBUG] [mixin/]: Renaming synthetic method lambda$createPauseMenuInject1$0()Lnet/minecraft/client/gui/screens/Screen; to md35e342$lambda$createPauseMenuInject1$0$3 in gamemenumodoption.mixins.json:PauseScreenMixin
[10Jul.2025 12:04:17.097] [modloading-worker-0/DEBUG] [net.minecraftforge.common.ForgeMod/FORGEMOD]: Loading Network data for FML net version: FML3
[10Jul.2025 12:04:17.111] [modloading-worker-0/DEBUG] [net.minecraftforge.fml.config.ConfigTracker/CONFIG]: Config file journeymap-server.toml for journeymap tracking
[10Jul.2025 12:04:17.112] [modloading-worker-0/DEBUG] [net.minecraftforge.fml.config.ConfigTracker/CONFIG]: Config file forge-client.toml for forge tracking
[10Jul.2025 12:04:17.113] [modloading-worker-0/DEBUG] [net.minecraftforge.fml.config.ConfigTracker/CONFIG]: Config file forge-server.toml for forge tracking
[10Jul.2025 12:04:17.113] [modloading-worker-0/DEBUG] [net.minecraftforge.fml.ModLoadingContext/]: Attempted to register an empty config for type COMMON on mod forge
[10Jul.2025 12:04:17.114] [modloading-worker-0/DEBUG] [net.minecraftforge.fml.javafmlmod.AutomaticEventSubscriber/LOADING]: Attempting to inject @EventBusSubscriber classes into the eventbus for journeymap
[10Jul.2025 12:04:17.117] [modloading-worker-0/DEBUG] [net.minecraftforge.fml.javafmlmod.AutomaticEventSubscriber/LOADING]: Auto-subscribing journeymap.common.config.forge.ForgeConfig to MOD
[10Jul.2025 12:04:17.117] [modloading-worker-0/DEBUG] [net.minecraftforge.fml.javafmlmod.AutomaticEventSubscriber/LOADING]: Auto-subscribing journeymap.common.Journeymap to FORGE
[10Jul.2025 12:04:17.118] [modloading-worker-0/DEBUG] [net.minecraftforge.fml.javafmlmod.AutomaticEventSubscriber/LOADING]: Auto-subscribing journeymap.client.JourneymapClient to FORGE
[10Jul.2025 12:04:17.120] [modloading-worker-0/DEBUG] [Chaos Awakens/]: Loading Class: io.github.chaosawakens.common.registry.CACreativeModeTabs
[10Jul.2025 12:04:17.120] [modloading-worker-0/DEBUG] [Chaos Awakens/]: Loading Class: io.github.chaosawakens.common.registry.CADamageEntries$CADamageSources
[10Jul.2025 12:04:17.120] [modloading-worker-0/DEBUG] [Chaos Awakens/]: Loading Class: io.github.chaosawakens.common.registry.CADamageEntries$CADamageTypes
[10Jul.2025 12:04:17.123] [modloading-worker-0/DEBUG] [mezz.jei.common.config.file.ConfigSerializer/]: Loading config file: C:\Github\ChaosAwakens\forge\run-data\config\jei\jei-debug.ini
[10Jul.2025 12:04:17.123] [modloading-worker-0/DEBUG] [Chaos Awakens/]: Loading Class: io.github.chaosawakens.common.registry.CADensityFunctions
[10Jul.2025 12:04:17.124] [modloading-worker-0/DEBUG] [mezz.jei.common.config.file.ConfigSerializer/]: Saving config file: C:\Github\ChaosAwakens\forge\run-data\config\jei\jei-debug.ini
[10Jul.2025 12:04:17.125] [modloading-worker-0/DEBUG] [Chaos Awakens/]: Loading Class: io.github.chaosawakens.common.registry.CADimensions
[10Jul.2025 12:04:17.127] [modloading-worker-0/DEBUG] [net.minecraftforge.fml.javafmlmod.AutomaticEventSubscriber/LOADING]: Attempting to inject @EventBusSubscriber classes into the eventbus for forge
[10Jul.2025 12:04:17.127] [modloading-worker-0/DEBUG] [net.minecraftforge.fml.javafmlmod.AutomaticEventSubscriber/LOADING]: Auto-subscribing net.minecraftforge.common.ForgeSpawnEggItem$CommonHandler to MOD
[10Jul.2025 12:04:17.128] [modloading-worker-0/DEBUG] [Chaos Awakens/]: Loading Class: io.github.chaosawakens.common.registry.CAEnchantments
[10Jul.2025 12:04:17.128] [modloading-worker-0/DEBUG] [net.minecraftforge.fml.javafmlmod.AutomaticEventSubscriber/LOADING]: Auto-subscribing net.minecraftforge.common.ForgeSpawnEggItem$ColorRegisterHandler to MOD
[10Jul.2025 12:04:17.129] [modloading-worker-0/DEBUG] [Chaos Awakens/]: Loading Class: io.github.chaosawakens.common.registry.CAEntityTypes
[10Jul.2025 12:04:17.129] [modloading-worker-0/DEBUG] [mezz.jei.common.config.file.ConfigSerializer/]: Loading config file: C:\Github\ChaosAwakens\forge\run-data\config\jei\jei-mod-id-format.ini
[10Jul.2025 12:04:17.130] [modloading-worker-0/DEBUG] [mezz.jei.common.config.file.ConfigSerializer/]: Saving config file: C:\Github\ChaosAwakens\forge\run-data\config\jei\jei-mod-id-format.ini
[10Jul.2025 12:04:17.130] [modloading-worker-0/DEBUG] [net.minecraftforge.fml.javafmlmod.AutomaticEventSubscriber/LOADING]: Auto-subscribing net.minecraftforge.client.model.data.ModelDataManager to FORGE
[10Jul.2025 12:04:17.131] [modloading-worker-0/DEBUG] [net.minecraftforge.fml.javafmlmod.AutomaticEventSubscriber/LOADING]: Auto-subscribing net.minecraftforge.client.ForgeHooksClient$ClientEvents to MOD
[10Jul.2025 12:04:17.133] [modloading-worker-0/DEBUG] [mezz.jei.common.config.file.ConfigSerializer/]: Loading config file: C:\Github\ChaosAwakens\forge\run-data\config\jei\jei-colors.ini
[10Jul.2025 12:04:17.134] [modloading-worker-0/DEBUG] [mezz.jei.common.config.file.ConfigSerializer/]: Saving config file: C:\Github\ChaosAwakens\forge\run-data\config\jei\jei-colors.ini
[10Jul.2025 12:04:17.136] [modloading-worker-0/DEBUG] [net.minecraftforge.fml.javafmlmod.AutomaticEventSubscriber/LOADING]: Auto-subscribing net.minecraftforge.client.ClientForgeMod to MOD
[10Jul.2025 12:04:17.138] [modloading-worker-0/DEBUG] [mezz.jei.common.config.file.ConfigSerializer/]: Loading config file: C:\Github\ChaosAwakens\forge\run-data\config\jei\jei-client.ini
[10Jul.2025 12:04:17.140] [modloading-worker-0/DEBUG] [mezz.jei.common.config.file.ConfigSerializer/]: Saving config file: C:\Github\ChaosAwakens\forge\run-data\config\jei\jei-client.ini
[10Jul.2025 12:04:17.144] [modloading-worker-0/INFO] [mezz.jei.library.load.PluginCaller/]: Sending ConfigManager...
[10Jul.2025 12:04:17.146] [modloading-worker-0/DEBUG] [mezz.jei.library.load.PluginCallerTimerRunnable/]: Sending ConfigManager: jei:minecraft...
[10Jul.2025 12:04:17.147] [modloading-worker-0/DEBUG] [mezz.jei.library.load.PluginCallerTimerRunnable/]: Sending ConfigManager: configured:jei_plugin...
[10Jul.2025 12:04:17.147] [modloading-worker-0/DEBUG] [mezz.jei.library.load.PluginCallerTimerRunnable/]: Sending ConfigManager: jade:main...
[10Jul.2025 12:04:17.147] [modloading-worker-0/DEBUG] [mezz.jei.library.load.PluginCallerTimerRunnable/]: Sending ConfigManager: jeed:jei_plugin...
[10Jul.2025 12:04:17.147] [modloading-worker-0/DEBUG] [mezz.jei.library.load.PluginCallerTimerRunnable/]: Sending ConfigManager: jei:debug...
[10Jul.2025 12:04:17.147] [modloading-worker-0/DEBUG] [mezz.jei.library.load.PluginCallerTimerRunnable/]: Sending ConfigManager: jei:gui...
[10Jul.2025 12:04:17.147] [modloading-worker-0/DEBUG] [mezz.jei.library.load.PluginCallerTimerRunnable/]: Sending ConfigManager: jei:forge_gui...
[10Jul.2025 12:04:17.147] [modloading-worker-0/DEBUG] [mezz.jei.library.load.PluginCallerTimerRunnable/]: Sending ConfigManager: jei:internal...
[10Jul.2025 12:04:17.147] [modloading-worker-0/INFO] [mezz.jei.library.load.PluginCaller/]: Sending ConfigManager took 2.484 ms
[10Jul.2025 12:04:17.152] [modloading-worker-0/DEBUG] [net.minecraftforge.fml.javafmlmod.AutomaticEventSubscriber/LOADING]: Attempting to inject @EventBusSubscriber classes into the eventbus for jei
[10Jul.2025 12:04:17.174] [modloading-worker-0/DEBUG] [Chaos Awakens/]: Loading Class: io.github.chaosawakens.common.registry.CAFeatures$CAConfiguredFeatures
[10Jul.2025 12:04:17.175] [modloading-worker-0/DEBUG] [Chaos Awakens/]: Loading Class: io.github.chaosawakens.common.registry.CAFeatures$CAPlacedFeatures
[10Jul.2025 12:04:17.176] [modloading-worker-0/DEBUG] [Chaos Awakens/]: Loading Class: io.github.chaosawakens.common.registry.CAItems
[10Jul.2025 12:04:17.189] [modloading-worker-0/DEBUG] [Chaos Awakens/]: Loading Class: io.github.chaosawakens.common.registry.CAMultiNoiseBiomeSourceParameterLists
[10Jul.2025 12:04:17.190] [modloading-worker-0/DEBUG] [Chaos Awakens/]: Loading Class: io.github.chaosawakens.common.registry.CAMultiNoiseBiomeSourceParameterLists$Presets
[10Jul.2025 12:04:17.192] [modloading-worker-0/DEBUG] [Chaos Awakens/]: Loading Class: io.github.chaosawakens.common.registry.CANoiseGeneratorSettings
[10Jul.2025 12:04:17.192] [modloading-worker-0/DEBUG] [Chaos Awakens/]: Loading Class: io.github.chaosawakens.common.registry.CANoiseParameters
[10Jul.2025 12:04:17.193] [modloading-worker-0/DEBUG] [Chaos Awakens/]: Loading Class: io.github.chaosawakens.common.registry.CASoundEvents
[10Jul.2025 12:04:17.194] [modloading-worker-0/DEBUG] [Chaos Awakens/]: Loading Class: io.github.chaosawakens.common.registry.CATags$CABlockTags
[10Jul.2025 12:04:17.194] [modloading-worker-0/DEBUG] [Chaos Awakens/]: Loading Class: io.github.chaosawakens.common.registry.CATags$CAItemTags
[10Jul.2025 12:04:17.200] [modloading-worker-0/DEBUG] [net.minecraftforge.fml.javafmlmod.AutomaticEventSubscriber/LOADING]: Attempting to inject @EventBusSubscriber classes into the eventbus for chaosawakens
[10Jul.2025 12:04:17.200] [modloading-worker-0/DEBUG] [net.minecraftforge.fml.javafmlmod.AutomaticEventSubscriber/LOADING]: Auto-subscribing io.github.chaosawakens.ChaosAwakensForge to MOD
[10Jul.2025 12:04:17.202] [modloading-worker-0/DEBUG] [net.minecraftforge.fml.javafmlmod.AutomaticEventSubscriber/LOADING]: Auto-subscribing io.github.chaosawakens.events.client.ChaosAwakensForgeClientSetupEvents to MOD
[10Jul.2025 12:04:17.220] [main/DEBUG] [net.minecraftforge.registries.ObjectHolderRegistry/REGISTRIES]: Processing ObjectHolder annotations
[10Jul.2025 12:04:17.230] [main/DEBUG] [net.minecraftforge.registries.ObjectHolderRegistry/REGISTRIES]: Found 4603 ObjectHolder annotations
[10Jul.2025 12:04:17.232] [main/DEBUG] [net.minecraftforge.common.capabilities.CapabilityManager/CAPABILITIES]: Attempting to automatically register: Lnet/minecraftforge/energy/IEnergyStorage;
[10Jul.2025 12:04:17.233] [main/DEBUG] [net.minecraftforge.common.capabilities.CapabilityManager/CAPABILITIES]: Attempting to automatically register: Lnet/minecraftforge/fluids/capability/IFluidHandler;
[10Jul.2025 12:04:17.233] [main/DEBUG] [net.minecraftforge.common.capabilities.CapabilityManager/CAPABILITIES]: Attempting to automatically register: Lnet/minecraftforge/fluids/capability/IFluidHandlerItem;
[10Jul.2025 12:04:17.233] [main/DEBUG] [net.minecraftforge.common.capabilities.CapabilityManager/CAPABILITIES]: Attempting to automatically register: Lnet/minecraftforge/items/IItemHandler;
[10Jul.2025 12:04:17.233] [main/DEBUG] [net.minecraftforge.registries.GameData/REGISTRIES]: Unfreezing vanilla registries
[10Jul.2025 12:04:17.236] [main/DEBUG] [net.minecraftforge.registries.GameData/REGISTRIES]: Applying holder lookups: minecraft:sound_event
[10Jul.2025 12:04:17.238] [main/DEBUG] [net.minecraftforge.registries.GameData/REGISTRIES]: Holder lookups applied: minecraft:sound_event
[10Jul.2025 12:04:17.238] [main/DEBUG] [net.minecraftforge.registries.GameData/REGISTRIES]: Applying holder lookups: minecraft:fluid
[10Jul.2025 12:04:17.239] [main/DEBUG] [net.minecraftforge.registries.GameData/REGISTRIES]: Holder lookups applied: minecraft:fluid
[10Jul.2025 12:04:17.315] [main/DEBUG] [net.minecraftforge.registries.GameData/REGISTRIES]: Applying holder lookups: minecraft:block
[10Jul.2025 12:04:17.317] [main/DEBUG] [net.minecraftforge.registries.GameData/REGISTRIES]: Holder lookups applied: minecraft:block
[10Jul.2025 12:04:17.317] [main/DEBUG] [net.minecraftforge.registries.GameData/REGISTRIES]: Applying holder lookups: minecraft:attribute
[10Jul.2025 12:04:17.318] [main/DEBUG] [net.minecraftforge.registries.GameData/REGISTRIES]: Holder lookups applied: minecraft:attribute
[10Jul.2025 12:04:17.318] [main/DEBUG] [net.minecraftforge.registries.GameData/REGISTRIES]: Applying holder lookups: minecraft:mob_effect
[10Jul.2025 12:04:17.318] [main/DEBUG] [net.minecraftforge.registries.GameData/REGISTRIES]: Holder lookups applied: minecraft:mob_effect
[10Jul.2025 12:04:17.318] [main/DEBUG] [net.minecraftforge.registries.GameData/REGISTRIES]: Applying holder lookups: minecraft:particle_type
[10Jul.2025 12:04:17.318] [main/DEBUG] [net.minecraftforge.registries.GameData/REGISTRIES]: Holder lookups applied: minecraft:particle_type
[10Jul.2025 12:04:17.323] [main/DEBUG] [net.minecraftforge.registries.GameData/REGISTRIES]: Applying holder lookups: minecraft:item
[10Jul.2025 12:04:17.324] [main/DEBUG] [net.minecraftforge.registries.GameData/REGISTRIES]: Holder lookups applied: minecraft:item
[10Jul.2025 12:04:17.325] [main/DEBUG] [net.minecraftforge.registries.GameData/REGISTRIES]: Applying holder lookups: minecraft:entity_type
[10Jul.2025 12:04:17.326] [main/DEBUG] [net.minecraftforge.registries.GameData/REGISTRIES]: Holder lookups applied: minecraft:entity_type
[10Jul.2025 12:04:17.326] [main/DEBUG] [net.minecraftforge.registries.GameData/REGISTRIES]: Applying holder lookups: minecraft:sensor_type
[10Jul.2025 12:04:17.326] [main/DEBUG] [net.minecraftforge.registries.GameData/REGISTRIES]: Holder lookups applied: minecraft:sensor_type
[10Jul.2025 12:04:17.326] [main/DEBUG] [net.minecraftforge.registries.GameData/REGISTRIES]: Applying holder lookups: minecraft:memory_module_type
[10Jul.2025 12:04:17.327] [main/DEBUG] [net.minecraftforge.registries.GameData/REGISTRIES]: Holder lookups applied: minecraft:memory_module_type
[10Jul.2025 12:04:17.327] [main/DEBUG] [net.minecraftforge.registries.GameData/REGISTRIES]: Applying holder lookups: minecraft:potion
[10Jul.2025 12:04:17.327] [main/DEBUG] [net.minecraftforge.registries.GameData/REGISTRIES]: Holder lookups applied: minecraft:potion
[10Jul.2025 12:04:17.327] [main/DEBUG] [net.minecraftforge.registries.GameData/REGISTRIES]: Applying holder lookups: minecraft:game_event
[10Jul.2025 12:04:17.327] [main/DEBUG] [net.minecraftforge.registries.GameData/REGISTRIES]: Holder lookups applied: minecraft:game_event
[10Jul.2025 12:04:17.327] [main/DEBUG] [net.minecraftforge.registries.GameData/REGISTRIES]: Applying holder lookups: minecraft:enchantment
[10Jul.2025 12:04:17.328] [main/DEBUG] [net.minecraftforge.registries.GameData/REGISTRIES]: Holder lookups applied: minecraft:enchantment
[10Jul.2025 12:04:17.328] [main/DEBUG] [net.minecraftforge.registries.GameData/REGISTRIES]: Applying holder lookups: minecraft:block_entity_type
[10Jul.2025 12:04:17.328] [main/DEBUG] [net.minecraftforge.registries.GameData/REGISTRIES]: Holder lookups applied: minecraft:block_entity_type
[10Jul.2025 12:04:17.328] [main/DEBUG] [net.minecraftforge.registries.GameData/REGISTRIES]: Applying holder lookups: minecraft:painting_variant
[10Jul.2025 12:04:17.329] [main/DEBUG] [net.minecraftforge.registries.GameData/REGISTRIES]: Holder lookups applied: minecraft:painting_variant
[10Jul.2025 12:04:17.329] [main/DEBUG] [net.minecraftforge.registries.GameData/REGISTRIES]: Applying holder lookups: minecraft:stat_type
[10Jul.2025 12:04:17.329] [main/DEBUG] [net.minecraftforge.registries.GameData/REGISTRIES]: Holder lookups applied: minecraft:stat_type
[10Jul.2025 12:04:17.329] [main/DEBUG] [net.minecraftforge.registries.GameData/REGISTRIES]: Applying holder lookups: minecraft:custom_stat
[10Jul.2025 12:04:17.329] [main/DEBUG] [net.minecraftforge.registries.GameData/REGISTRIES]: Holder lookups applied: minecraft:custom_stat
[10Jul.2025 12:04:17.329] [main/DEBUG] [net.minecraftforge.registries.GameData/REGISTRIES]: Applying holder lookups: minecraft:chunk_status
[10Jul.2025 12:04:17.329] [main/DEBUG] [net.minecraftforge.registries.GameData/REGISTRIES]: Holder lookups applied: minecraft:chunk_status
[10Jul.2025 12:04:17.329] [main/DEBUG] [net.minecraftforge.registries.GameData/REGISTRIES]: Applying holder lookups: minecraft:rule_test
[10Jul.2025 12:04:17.329] [main/DEBUG] [net.minecraftforge.registries.GameData/REGISTRIES]: Holder lookups applied: minecraft:rule_test
[10Jul.2025 12:04:17.329] [main/DEBUG] [net.minecraftforge.registries.GameData/REGISTRIES]: Applying holder lookups: minecraft:rule_block_entity_modifier
[10Jul.2025 12:04:17.329] [main/DEBUG] [net.minecraftforge.registries.GameData/REGISTRIES]: Holder lookups applied: minecraft:rule_block_entity_modifier
[10Jul.2025 12:04:17.330] [main/DEBUG] [net.minecraftforge.registries.GameData/REGISTRIES]: Applying holder lookups: minecraft:pos_rule_test
[10Jul.2025 12:04:17.330] [main/DEBUG] [net.minecraftforge.registries.GameData/REGISTRIES]: Holder lookups applied: minecraft:pos_rule_test
[10Jul.2025 12:04:17.330] [main/DEBUG] [net.minecraftforge.registries.GameData/REGISTRIES]: Applying holder lookups: minecraft:menu
[10Jul.2025 12:04:17.330] [main/DEBUG] [net.minecraftforge.registries.GameData/REGISTRIES]: Holder lookups applied: minecraft:menu
[10Jul.2025 12:04:17.330] [main/DEBUG] [net.minecraftforge.registries.GameData/REGISTRIES]: Applying holder lookups: minecraft:recipe_type
[10Jul.2025 12:04:17.331] [main/DEBUG] [net.minecraftforge.registries.GameData/REGISTRIES]: Holder lookups applied: minecraft:recipe_type
[10Jul.2025 12:04:17.339] [main/DEBUG] [net.minecraftforge.registries.GameData/REGISTRIES]: Applying holder lookups: minecraft:recipe_serializer
[10Jul.2025 12:04:17.339] [main/DEBUG] [net.minecraftforge.registries.GameData/REGISTRIES]: Holder lookups applied: minecraft:recipe_serializer
[10Jul.2025 12:04:17.339] [main/DEBUG] [net.minecraftforge.registries.GameData/REGISTRIES]: Applying holder lookups: minecraft:position_source_type
[10Jul.2025 12:04:17.339] [main/DEBUG] [net.minecraftforge.registries.GameData/REGISTRIES]: Holder lookups applied: minecraft:position_source_type
[10Jul.2025 12:04:17.340] [main/DEBUG] [net.minecraftforge.registries.GameData/REGISTRIES]: Applying holder lookups: minecraft:command_argument_type
[10Jul.2025 12:04:17.341] [main/DEBUG] [net.minecraftforge.registries.GameData/REGISTRIES]: Holder lookups applied: minecraft:command_argument_type
[10Jul.2025 12:04:17.341] [main/DEBUG] [net.minecraftforge.registries.GameData/REGISTRIES]: Applying holder lookups: minecraft:villager_type
[10Jul.2025 12:04:17.341] [main/DEBUG] [net.minecraftforge.registries.GameData/REGISTRIES]: Holder lookups applied: minecraft:villager_type
[10Jul.2025 12:04:17.341] [main/DEBUG] [net.minecraftforge.registries.GameData/REGISTRIES]: Applying holder lookups: minecraft:villager_profession
[10Jul.2025 12:04:17.341] [main/DEBUG] [net.minecraftforge.registries.GameData/REGISTRIES]: Holder lookups applied: minecraft:villager_profession
[10Jul.2025 12:04:17.341] [main/DEBUG] [net.minecraftforge.registries.GameData/REGISTRIES]: Applying holder lookups: minecraft:point_of_interest_type
[10Jul.2025 12:04:17.342] [main/DEBUG] [net.minecraftforge.registries.GameData/REGISTRIES]: Holder lookups applied: minecraft:point_of_interest_type
[10Jul.2025 12:04:17.342] [main/DEBUG] [net.minecraftforge.registries.GameData/REGISTRIES]: Applying holder lookups: minecraft:schedule
[10Jul.2025 12:04:17.342] [main/DEBUG] [net.minecraftforge.registries.GameData/REGISTRIES]: Holder lookups applied: minecraft:schedule
[10Jul.2025 12:04:17.342] [main/DEBUG] [net.minecraftforge.registries.GameData/REGISTRIES]: Applying holder lookups: minecraft:activity
[10Jul.2025 12:04:17.342] [main/DEBUG] [net.minecraftforge.registries.GameData/REGISTRIES]: Holder lookups applied: minecraft:activity
[10Jul.2025 12:04:17.342] [main/DEBUG] [net.minecraftforge.registries.GameData/REGISTRIES]: Applying holder lookups: minecraft:loot_pool_entry_type
[10Jul.2025 12:04:17.342] [main/DEBUG] [net.minecraftforge.registries.GameData/REGISTRIES]: Holder lookups applied: minecraft:loot_pool_entry_type
[10Jul.2025 12:04:17.342] [main/DEBUG] [net.minecraftforge.registries.GameData/REGISTRIES]: Applying holder lookups: minecraft:loot_function_type
[10Jul.2025 12:04:17.342] [main/DEBUG] [net.minecraftforge.registries.GameData/REGISTRIES]: Holder lookups applied: minecraft:loot_function_type
[10Jul.2025 12:04:17.344] [main/DEBUG] [net.minecraftforge.registries.GameData/REGISTRIES]: Applying holder lookups: minecraft:loot_condition_type
[10Jul.2025 12:04:17.345] [main/DEBUG] [net.minecraftforge.registries.GameData/REGISTRIES]: Holder lookups applied: minecraft:loot_condition_type
[10Jul.2025 12:04:17.345] [main/DEBUG] [net.minecraftforge.registries.GameData/REGISTRIES]: Applying holder lookups: minecraft:loot_number_provider_type
[10Jul.2025 12:04:17.345] [main/DEBUG] [net.minecraftforge.registries.GameData/REGISTRIES]: Holder lookups applied: minecraft:loot_number_provider_type
[10Jul.2025 12:04:17.346] [main/DEBUG] [net.minecraftforge.registries.GameData/REGISTRIES]: Applying holder lookups: minecraft:loot_nbt_provider_type
[10Jul.2025 12:04:17.346] [main/DEBUG] [net.minecraftforge.registries.GameData/REGISTRIES]: Holder lookups applied: minecraft:loot_nbt_provider_type
[10Jul.2025 12:04:17.346] [main/DEBUG] [net.minecraftforge.registries.GameData/REGISTRIES]: Applying holder lookups: minecraft:loot_score_provider_type
[10Jul.2025 12:04:17.346] [main/DEBUG] [net.minecraftforge.registries.GameData/REGISTRIES]: Holder lookups applied: minecraft:loot_score_provider_type
[10Jul.2025 12:04:17.346] [main/DEBUG] [net.minecraftforge.registries.GameData/REGISTRIES]: Applying holder lookups: minecraft:float_provider_type
[10Jul.2025 12:04:17.346] [main/DEBUG] [net.minecraftforge.registries.GameData/REGISTRIES]: Holder lookups applied: minecraft:float_provider_type
[10Jul.2025 12:04:17.346] [main/DEBUG] [net.minecraftforge.registries.GameData/REGISTRIES]: Applying holder lookups: minecraft:int_provider_type
[10Jul.2025 12:04:17.346] [main/DEBUG] [net.minecraftforge.registries.GameData/REGISTRIES]: Holder lookups applied: minecraft:int_provider_type
[10Jul.2025 12:04:17.346] [main/DEBUG] [net.minecraftforge.registries.GameData/REGISTRIES]: Applying holder lookups: minecraft:height_provider_type
[10Jul.2025 12:04:17.347] [main/DEBUG] [net.minecraftforge.registries.GameData/REGISTRIES]: Holder lookups applied: minecraft:height_provider_type
[10Jul.2025 12:04:17.347] [main/DEBUG] [net.minecraftforge.registries.GameData/REGISTRIES]: Applying holder lookups: minecraft:block_predicate_type
[10Jul.2025 12:04:17.347] [main/DEBUG] [net.minecraftforge.registries.GameData/REGISTRIES]: Holder lookups applied: minecraft:block_predicate_type
[10Jul.2025 12:04:17.347] [main/DEBUG] [net.minecraftforge.registries.GameData/REGISTRIES]: Applying holder lookups: minecraft:worldgen/carver
[10Jul.2025 12:04:17.347] [main/DEBUG] [net.minecraftforge.registries.GameData/REGISTRIES]: Holder lookups applied: minecraft:worldgen/carver
[10Jul.2025 12:04:17.347] [main/DEBUG] [net.minecraftforge.registries.GameData/REGISTRIES]: Applying holder lookups: minecraft:worldgen/feature
[10Jul.2025 12:04:17.348] [main/DEBUG] [net.minecraftforge.registries.GameData/REGISTRIES]: Holder lookups applied: minecraft:worldgen/feature
[10Jul.2025 12:04:17.348] [main/DEBUG] [net.minecraftforge.registries.GameData/REGISTRIES]: Applying holder lookups: minecraft:worldgen/structure_processor
[10Jul.2025 12:04:17.349] [main/DEBUG] [net.minecraftforge.registries.GameData/REGISTRIES]: Holder lookups applied: minecraft:worldgen/structure_processor
[10Jul.2025 12:04:17.349] [main/DEBUG] [net.minecraftforge.registries.GameData/REGISTRIES]: Applying holder lookups: minecraft:worldgen/structure_placement
[10Jul.2025 12:04:17.349] [main/DEBUG] [net.minecraftforge.registries.GameData/REGISTRIES]: Holder lookups applied: minecraft:worldgen/structure_placement
[10Jul.2025 12:04:17.349] [main/DEBUG] [net.minecraftforge.registries.GameData/REGISTRIES]: Applying holder lookups: minecraft:worldgen/structure_piece
[10Jul.2025 12:04:17.349] [main/DEBUG] [net.minecraftforge.registries.GameData/REGISTRIES]: Holder lookups applied: minecraft:worldgen/structure_piece
[10Jul.2025 12:04:17.349] [main/DEBUG] [net.minecraftforge.registries.GameData/REGISTRIES]: Applying holder lookups: minecraft:worldgen/structure_type
[10Jul.2025 12:04:17.349] [main/DEBUG] [net.minecraftforge.registries.GameData/REGISTRIES]: Holder lookups applied: minecraft:worldgen/structure_type
[10Jul.2025 12:04:17.349] [main/DEBUG] [net.minecraftforge.registries.GameData/REGISTRIES]: Applying holder lookups: minecraft:worldgen/placement_modifier_type
[10Jul.2025 12:04:17.349] [main/DEBUG] [net.minecraftforge.registries.GameData/REGISTRIES]: Holder lookups applied: minecraft:worldgen/placement_modifier_type
[10Jul.2025 12:04:17.349] [main/DEBUG] [net.minecraftforge.registries.GameData/REGISTRIES]: Applying holder lookups: minecraft:worldgen/block_state_provider_type
[10Jul.2025 12:04:17.349] [main/DEBUG] [net.minecraftforge.registries.GameData/REGISTRIES]: Holder lookups applied: minecraft:worldgen/block_state_provider_type
[10Jul.2025 12:04:17.349] [main/DEBUG] [net.minecraftforge.registries.GameData/REGISTRIES]: Applying holder lookups: minecraft:worldgen/foliage_placer_type
[10Jul.2025 12:04:17.349] [main/DEBUG] [net.minecraftforge.registries.GameData/REGISTRIES]: Holder lookups applied: minecraft:worldgen/foliage_placer_type
[10Jul.2025 12:04:17.349] [main/DEBUG] [net.minecraftforge.registries.GameData/REGISTRIES]: Applying holder lookups: minecraft:worldgen/trunk_placer_type
[10Jul.2025 12:04:17.349] [main/DEBUG] [net.minecraftforge.registries.GameData/REGISTRIES]: Holder lookups applied: minecraft:worldgen/trunk_placer_type
[10Jul.2025 12:04:17.349] [main/DEBUG] [net.minecraftforge.registries.GameData/REGISTRIES]: Applying holder lookups: minecraft:worldgen/root_placer_type
[10Jul.2025 12:04:17.350] [main/DEBUG] [net.minecraftforge.registries.GameData/REGISTRIES]: Holder lookups applied: minecraft:worldgen/root_placer_type
[10Jul.2025 12:04:17.350] [main/DEBUG] [net.minecraftforge.registries.GameData/REGISTRIES]: Applying holder lookups: minecraft:worldgen/tree_decorator_type
[10Jul.2025 12:04:17.350] [main/DEBUG] [net.minecraftforge.registries.GameData/REGISTRIES]: Holder lookups applied: minecraft:worldgen/tree_decorator_type
[10Jul.2025 12:04:17.350] [main/DEBUG] [net.minecraftforge.registries.GameData/REGISTRIES]: Applying holder lookups: minecraft:worldgen/feature_size_type
[10Jul.2025 12:04:17.350] [main/DEBUG] [net.minecraftforge.registries.GameData/REGISTRIES]: Holder lookups applied: minecraft:worldgen/feature_size_type
[10Jul.2025 12:04:17.350] [main/DEBUG] [net.minecraftforge.registries.GameData/REGISTRIES]: Applying holder lookups: minecraft:worldgen/biome_source
[10Jul.2025 12:04:17.350] [main/DEBUG] [net.minecraftforge.registries.GameData/REGISTRIES]: Holder lookups applied: minecraft:worldgen/biome_source
[10Jul.2025 12:04:17.350] [main/DEBUG] [net.minecraftforge.registries.GameData/REGISTRIES]: Applying holder lookups: minecraft:worldgen/chunk_generator
[10Jul.2025 12:04:17.350] [main/DEBUG] [net.minecraftforge.registries.GameData/REGISTRIES]: Holder lookups applied: minecraft:worldgen/chunk_generator
[10Jul.2025 12:04:17.350] [main/DEBUG] [net.minecraftforge.registries.GameData/REGISTRIES]: Applying holder lookups: minecraft:worldgen/material_condition
[10Jul.2025 12:04:17.351] [main/DEBUG] [net.minecraftforge.registries.GameData/REGISTRIES]: Holder lookups applied: minecraft:worldgen/material_condition
[10Jul.2025 12:04:17.351] [main/DEBUG] [net.minecraftforge.registries.GameData/REGISTRIES]: Applying holder lookups: minecraft:worldgen/material_rule
[10Jul.2025 12:04:17.351] [main/DEBUG] [net.minecraftforge.registries.GameData/REGISTRIES]: Holder lookups applied: minecraft:worldgen/material_rule
[10Jul.2025 12:04:17.351] [main/DEBUG] [net.minecraftforge.registries.GameData/REGISTRIES]: Applying holder lookups: minecraft:worldgen/density_function_type
[10Jul.2025 12:04:17.351] [main/DEBUG] [net.minecraftforge.registries.GameData/REGISTRIES]: Holder lookups applied: minecraft:worldgen/density_function_type
[10Jul.2025 12:04:17.351] [main/DEBUG] [net.minecraftforge.registries.GameData/REGISTRIES]: Applying holder lookups: minecraft:worldgen/structure_pool_element
[10Jul.2025 12:04:17.351] [main/DEBUG] [net.minecraftforge.registries.GameData/REGISTRIES]: Holder lookups applied: minecraft:worldgen/structure_pool_element
[10Jul.2025 12:04:17.351] [main/DEBUG] [net.minecraftforge.registries.GameData/REGISTRIES]: Applying holder lookups: minecraft:cat_variant
[10Jul.2025 12:04:17.352] [main/DEBUG] [net.minecraftforge.registries.GameData/REGISTRIES]: Holder lookups applied: minecraft:cat_variant
[10Jul.2025 12:04:17.352] [main/DEBUG] [net.minecraftforge.registries.GameData/REGISTRIES]: Applying holder lookups: minecraft:frog_variant
[10Jul.2025 12:04:17.352] [main/DEBUG] [net.minecraftforge.registries.GameData/REGISTRIES]: Holder lookups applied: minecraft:frog_variant
[10Jul.2025 12:04:17.353] [main/DEBUG] [net.minecraftforge.registries.GameData/REGISTRIES]: Applying holder lookups: minecraft:banner_pattern
[10Jul.2025 12:04:17.353] [main/DEBUG] [net.minecraftforge.registries.GameData/REGISTRIES]: Holder lookups applied: minecraft:banner_pattern
[10Jul.2025 12:04:17.353] [main/DEBUG] [net.minecraftforge.registries.GameData/REGISTRIES]: Applying holder lookups: minecraft:instrument
[10Jul.2025 12:04:17.353] [main/DEBUG] [net.minecraftforge.registries.GameData/REGISTRIES]: Holder lookups applied: minecraft:instrument
[10Jul.2025 12:04:17.353] [main/DEBUG] [net.minecraftforge.registries.GameData/REGISTRIES]: Applying holder lookups: minecraft:decorated_pot_patterns
[10Jul.2025 12:04:17.354] [main/DEBUG] [net.minecraftforge.registries.GameData/REGISTRIES]: Holder lookups applied: minecraft:decorated_pot_patterns
[10Jul.2025 12:04:17.355] [main/DEBUG] [net.minecraftforge.registries.GameData/REGISTRIES]: Applying holder lookups: minecraft:creative_mode_tab
[10Jul.2025 12:04:17.355] [main/DEBUG] [net.minecraftforge.registries.GameData/REGISTRIES]: Holder lookups applied: minecraft:creative_mode_tab
[10Jul.2025 12:04:17.360] [main/DEBUG] [net.minecraftforge.registries.GameData/REGISTRIES]: Applying holder lookups: forge:biome_modifier_serializers
[10Jul.2025 12:04:17.361] [main/DEBUG] [net.minecraftforge.registries.GameData/REGISTRIES]: Holder lookups applied: forge:biome_modifier_serializers
[10Jul.2025 12:04:17.362] [main/DEBUG] [net.minecraftforge.registries.GameData/REGISTRIES]: Applying holder lookups: forge:display_contexts
[10Jul.2025 12:04:17.363] [main/DEBUG] [net.minecraftforge.registries.GameData/REGISTRIES]: Holder lookups applied: forge:display_contexts
[10Jul.2025 12:04:17.363] [main/DEBUG] [net.minecraftforge.registries.GameData/REGISTRIES]: Applying holder lookups: forge:entity_data_serializers
[10Jul.2025 12:04:17.363] [main/DEBUG] [net.minecraftforge.registries.GameData/REGISTRIES]: Holder lookups applied: forge:entity_data_serializers
[10Jul.2025 12:04:17.368] [main/DEBUG] [net.minecraftforge.registries.GameData/REGISTRIES]: Applying holder lookups: forge:fluid_type
[10Jul.2025 12:04:17.369] [main/DEBUG] [net.minecraftforge.registries.GameData/REGISTRIES]: Holder lookups applied: forge:fluid_type
[10Jul.2025 12:04:17.369] [main/DEBUG] [net.minecraftforge.registries.GameData/REGISTRIES]: Applying holder lookups: forge:global_loot_modifier_serializers
[10Jul.2025 12:04:17.370] [main/DEBUG] [net.minecraftforge.registries.GameData/REGISTRIES]: Holder lookups applied: forge:global_loot_modifier_serializers
[10Jul.2025 12:04:17.373] [main/DEBUG] [net.minecraftforge.registries.GameData/REGISTRIES]: Applying holder lookups: forge:holder_set_type
[10Jul.2025 12:04:17.373] [main/DEBUG] [net.minecraftforge.registries.GameData/REGISTRIES]: Holder lookups applied: forge:holder_set_type
[10Jul.2025 12:04:17.373] [main/DEBUG] [net.minecraftforge.registries.GameData/REGISTRIES]: Applying holder lookups: forge:structure_modifier_serializers
[10Jul.2025 12:04:17.374] [main/DEBUG] [net.minecraftforge.registries.GameData/REGISTRIES]: Holder lookups applied: forge:structure_modifier_serializers
[10Jul.2025 12:04:17.374] [main/DEBUG] [net.minecraftforge.registries.GameData/REGISTRIES]: Applying holder lookups: minecraft:worldgen/biome
[10Jul.2025 12:04:17.374] [main/DEBUG] [net.minecraftforge.registries.GameData/REGISTRIES]: Holder lookups applied: minecraft:worldgen/biome
[10Jul.2025 12:04:17.447] [main/WARN] [net.minecraft.server.packs.VanillaPackResourcesBuilder/]: Assets URL 'union:/C:/Github/ChaosAwakens/forge/build/fg_cache/net/minecraftforge/forge/1.20.1-47.3.27_mapped_parchment_2023.09.03-1.20.1/forge-1.20.1-47.3.27_mapped_parchment_2023.09.03-1.20.1-recomp.jar%23191!/assets/.mcassetsroot' uses unexpected schema
[10Jul.2025 12:04:17.447] [main/WARN] [net.minecraft.server.packs.VanillaPackResourcesBuilder/]: Assets URL 'union:/C:/Github/ChaosAwakens/forge/build/fg_cache/net/minecraftforge/forge/1.20.1-47.3.27_mapped_parchment_2023.09.03-1.20.1/forge-1.20.1-47.3.27_mapped_parchment_2023.09.03-1.20.1-recomp.jar%23191!/data/.mcassetsroot' uses unexpected schema
[10Jul.2025 12:04:17.478] [main/DEBUG] [mixin/]: Mixing datagen.TagsProviderMixin from chaosawakens.forge.mixins.json into net.minecraft.data.tags.TagsProvider
[10Jul.2025 12:04:17.536] [main/INFO] [net.minecraft.data.DataGenerator/]: Starting provider: Chaos Awakens: Language Provider (en_us)
[10Jul.2025 12:04:17.539] [main/DEBUG] [Chaos Awakens/]: [Currently Translating Block]: block.chaosawakens.apple_log -> Apple Log
[10Jul.2025 12:04:17.539] [main/DEBUG] [Chaos Awakens/]: [Currently Translating Block]: block.chaosawakens.apple_wood -> Apple Wood
[10Jul.2025 12:04:17.539] [main/DEBUG] [Chaos Awakens/]: [Currently Translating Block]: block.chaosawakens.stripped_apple_log -> Stripped Apple Log
[10Jul.2025 12:04:17.539] [main/DEBUG] [Chaos Awakens/]: [Currently Translating Block]: block.chaosawakens.stripped_apple_wood -> Stripped Apple Wood
[10Jul.2025 12:04:17.539] [main/DEBUG] [Chaos Awakens/]: [Currently Translating Block]: block.chaosawakens.apple_planks -> Apple Planks
[10Jul.2025 12:04:17.540] [main/DEBUG] [Chaos Awakens/]: [Currently Translating Block]: block.chaosawakens.apple_stairs -> Apple Stairs
[10Jul.2025 12:04:17.540] [main/DEBUG] [Chaos Awakens/]: [Currently Translating Block]: block.chaosawakens.apple_slab -> Apple Slab
[10Jul.2025 12:04:17.540] [main/DEBUG] [Chaos Awakens/]: [Currently Translating Block]: block.chaosawakens.apple_fence -> Apple Fence
[10Jul.2025 12:04:17.540] [main/DEBUG] [Chaos Awakens/]: [Currently Translating Block]: block.chaosawakens.apple_fence_gate -> Apple Fence Gate
[10Jul.2025 12:04:17.540] [main/DEBUG] [Chaos Awakens/]: [Currently Translating Block]: block.chaosawakens.apple_door -> Apple Door
[10Jul.2025 12:04:17.540] [main/DEBUG] [Chaos Awakens/]: [Currently Translating Block]: block.chaosawakens.apple_trapdoor -> Apple Trapdoor
[10Jul.2025 12:04:17.541] [main/DEBUG] [Chaos Awakens/]: [Currently Translating Block]: block.chaosawakens.apple_pressure_plate -> Apple Pressure Plate
[10Jul.2025 12:04:17.541] [main/DEBUG] [Chaos Awakens/]: [Currently Translating Block]: block.chaosawakens.apple_button -> Apple Button
[10Jul.2025 12:04:17.541] [main/DEBUG] [Chaos Awakens/]: [Currently Translating Block]: block.chaosawakens.crystalwood_log -> Crystalwood Log
[10Jul.2025 12:04:17.541] [main/DEBUG] [Chaos Awakens/]: [Currently Translating Block]: block.chaosawakens.crystalwood -> Crystalwood
[10Jul.2025 12:04:17.541] [main/DEBUG] [Chaos Awakens/]: [Currently Translating Block]: block.chaosawakens.stripped_crystalwood_log -> Stripped Crystalwood Log
[10Jul.2025 12:04:17.542] [main/DEBUG] [Chaos Awakens/]: [Currently Translating Block]: block.chaosawakens.stripped_crystalwood -> Stripped Crystalwood
[10Jul.2025 12:04:17.542] [main/DEBUG] [Chaos Awakens/]: [Currently Translating Block]: block.chaosawakens.crystalwood_planks -> Crystalwood Planks
[10Jul.2025 12:04:17.542] [main/DEBUG] [Chaos Awakens/]: [Currently Translating Block]: block.chaosawakens.crystalwood_stairs -> Crystalwood Stairs
[10Jul.2025 12:04:17.542] [main/DEBUG] [Chaos Awakens/]: [Currently Translating Block]: block.chaosawakens.crystalwood_slab -> Crystalwood Slab
[10Jul.2025 12:04:17.542] [main/DEBUG] [Chaos Awakens/]: [Currently Translating Block]: block.chaosawakens.crystalwood_fence -> Crystalwood Fence
[10Jul.2025 12:04:17.542] [main/DEBUG] [Chaos Awakens/]: [Currently Translating Block]: block.chaosawakens.crystalwood_fence_gate -> Crystalwood Fence Gate
[10Jul.2025 12:04:17.543] [main/DEBUG] [Chaos Awakens/]: [Currently Translating Block]: block.chaosawakens.crystalwood_door -> Crystalwood Door
[10Jul.2025 12:04:17.543] [main/DEBUG] [Chaos Awakens/]: [Currently Translating Block]: block.chaosawakens.crystalwood_trapdoor -> Crystalwood Trapdoor
[10Jul.2025 12:04:17.543] [main/DEBUG] [Chaos Awakens/]: [Currently Translating Block]: block.chaosawakens.crystalwood_pressure_plate -> Crystalwood Pressure Plate
[10Jul.2025 12:04:17.543] [main/DEBUG] [Chaos Awakens/]: [Currently Translating Block]: block.chaosawakens.crystalwood_button -> Crystalwood Button
[10Jul.2025 12:04:17.543] [main/DEBUG] [Chaos Awakens/]: [Currently Translating Block]: block.chaosawakens.densewood_log -> Densewood Log
[10Jul.2025 12:04:17.544] [main/DEBUG] [Chaos Awakens/]: [Currently Translating Block]: block.chaosawakens.densewood -> Densewood
[10Jul.2025 12:04:17.544] [main/DEBUG] [Chaos Awakens/]: [Currently Translating Block]: block.chaosawakens.stripped_densewood_log -> Stripped Densewood Log
[10Jul.2025 12:04:17.544] [main/DEBUG] [Chaos Awakens/]: [Currently Translating Block]: block.chaosawakens.stripped_densewood -> Stripped Densewood
[10Jul.2025 12:04:17.544] [main/DEBUG] [Chaos Awakens/]: [Currently Translating Block]: block.chaosawakens.densewood_planks -> Densewood Planks
[10Jul.2025 12:04:17.544] [main/DEBUG] [Chaos Awakens/]: [Currently Translating Block]: block.chaosawakens.densewood_stairs -> Densewood Stairs
[10Jul.2025 12:04:17.545] [main/DEBUG] [Chaos Awakens/]: [Currently Translating Block]: block.chaosawakens.densewood_slab -> Densewood Slab
[10Jul.2025 12:04:17.545] [main/DEBUG] [Chaos Awakens/]: [Currently Translating Block]: block.chaosawakens.densewood_fence -> Densewood Fence
[10Jul.2025 12:04:17.545] [main/DEBUG] [Chaos Awakens/]: [Currently Translating Block]: block.chaosawakens.densewood_fence_gate -> Densewood Fence Gate
[10Jul.2025 12:04:17.545] [main/DEBUG] [Chaos Awakens/]: [Currently Translating Block]: block.chaosawakens.densewood_door -> Densewood Door
[10Jul.2025 12:04:17.545] [main/DEBUG] [Chaos Awakens/]: [Currently Translating Block]: block.chaosawakens.densewood_trapdoor -> Densewood Trapdoor
[10Jul.2025 12:04:17.545] [main/DEBUG] [Chaos Awakens/]: [Currently Translating Block]: block.chaosawakens.densewood_pressure_plate -> Densewood Pressure Plate
[10Jul.2025 12:04:17.546] [main/DEBUG] [Chaos Awakens/]: [Currently Translating Block]: block.chaosawakens.densewood_button -> Densewood Button
[10Jul.2025 12:04:17.546] [main/DEBUG] [Chaos Awakens/]: [Currently Translating Block]: block.chaosawakens.duplicator_log -> Duplicator Log
[10Jul.2025 12:04:17.546] [main/DEBUG] [Chaos Awakens/]: [Currently Translating Block]: block.chaosawakens.duplicator_wood -> Duplicator Wood
[10Jul.2025 12:04:17.546] [main/DEBUG] [Chaos Awakens/]: [Currently Translating Block]: block.chaosawakens.stripped_duplicator_log -> Stripped Duplicator Log
[10Jul.2025 12:04:17.546] [main/DEBUG] [Chaos Awakens/]: [Currently Translating Block]: block.chaosawakens.stripped_duplicator_wood -> Stripped Duplicator Wood
[10Jul.2025 12:04:17.546] [main/DEBUG] [Chaos Awakens/]: [Currently Translating Block]: block.chaosawakens.dead_duplicator_log -> Dead Duplicator Log
[10Jul.2025 12:04:17.547] [main/DEBUG] [Chaos Awakens/]: [Currently Translating Block]: block.chaosawakens.dead_duplicator_wood -> Dead Duplicator Wood
[10Jul.2025 12:04:17.547] [main/DEBUG] [Chaos Awakens/]: [Currently Translating Block]: block.chaosawakens.stripped_dead_duplicator_log -> Stripped Dead Duplicator Log
[10Jul.2025 12:04:17.547] [main/DEBUG] [Chaos Awakens/]: [Currently Translating Block]: block.chaosawakens.stripped_dead_duplicator_wood -> Stripped Dead Duplicator Wood
[10Jul.2025 12:04:17.547] [main/DEBUG] [Chaos Awakens/]: [Currently Translating Block]: block.chaosawakens.duplicator_planks -> Duplicator Planks
[10Jul.2025 12:04:17.547] [main/DEBUG] [Chaos Awakens/]: [Currently Translating Block]: block.chaosawakens.duplicator_stairs -> Duplicator Stairs
[10Jul.2025 12:04:17.547] [main/DEBUG] [Chaos Awakens/]: [Currently Translating Block]: block.chaosawakens.duplicator_slab -> Duplicator Slab
[10Jul.2025 12:04:17.548] [main/DEBUG] [Chaos Awakens/]: [Currently Translating Block]: block.chaosawakens.duplicator_fence -> Duplicator Fence
[10Jul.2025 12:04:17.548] [main/DEBUG] [Chaos Awakens/]: [Currently Translating Block]: block.chaosawakens.duplicator_fence_gate -> Duplicator Fence Gate
[10Jul.2025 12:04:17.548] [main/DEBUG] [Chaos Awakens/]: [Currently Translating Block]: block.chaosawakens.duplicator_door -> Duplicator Door
[10Jul.2025 12:04:17.549] [main/DEBUG] [Chaos Awakens/]: [Currently Translating Block]: block.chaosawakens.duplicator_trapdoor -> Duplicator Trapdoor
[10Jul.2025 12:04:17.549] [main/DEBUG] [Chaos Awakens/]: [Currently Translating Block]: block.chaosawakens.duplicator_pressure_plate -> Duplicator Pressure Plate
[10Jul.2025 12:04:17.549] [main/DEBUG] [Chaos Awakens/]: [Currently Translating Block]: block.chaosawakens.duplicator_button -> Duplicator Button
[10Jul.2025 12:04:17.549] [main/DEBUG] [Chaos Awakens/]: [Currently Translating Block]: block.chaosawakens.ginkgo_log -> Ginkgo Log
[10Jul.2025 12:04:17.549] [main/DEBUG] [Chaos Awakens/]: [Currently Translating Block]: block.chaosawakens.ginkgo_wood -> Ginkgo Wood
[10Jul.2025 12:04:17.549] [main/DEBUG] [Chaos Awakens/]: [Currently Translating Block]: block.chaosawakens.stripped_ginkgo_log -> Stripped Ginkgo Log
[10Jul.2025 12:04:17.549] [main/DEBUG] [Chaos Awakens/]: [Currently Translating Block]: block.chaosawakens.stripped_ginkgo_wood -> Stripped Ginkgo Wood
[10Jul.2025 12:04:17.549] [main/DEBUG] [Chaos Awakens/]: [Currently Translating Block]: block.chaosawakens.ginkgo_planks -> Ginkgo Planks
[10Jul.2025 12:04:17.549] [main/DEBUG] [Chaos Awakens/]: [Currently Translating Block]: block.chaosawakens.ginkgo_stairs -> Ginkgo Stairs
[10Jul.2025 12:04:17.550] [main/DEBUG] [Chaos Awakens/]: [Currently Translating Block]: block.chaosawakens.ginkgo_slab -> Ginkgo Slab
[10Jul.2025 12:04:17.550] [main/DEBUG] [Chaos Awakens/]: [Currently Translating Block]: block.chaosawakens.ginkgo_fence -> Ginkgo Fence
[10Jul.2025 12:04:17.551] [main/DEBUG] [Chaos Awakens/]: [Currently Translating Block]: block.chaosawakens.ginkgo_fence_gate -> Ginkgo Fence Gate
[10Jul.2025 12:04:17.551] [main/DEBUG] [Chaos Awakens/]: [Currently Translating Block]: block.chaosawakens.ginkgo_door -> Ginkgo Door
[10Jul.2025 12:04:17.551] [main/DEBUG] [Chaos Awakens/]: [Currently Translating Block]: block.chaosawakens.ginkgo_trapdoor -> Ginkgo Trapdoor
[10Jul.2025 12:04:17.551] [main/DEBUG] [Chaos Awakens/]: [Currently Translating Block]: block.chaosawakens.ginkgo_pressure_plate -> Ginkgo Pressure Plate
[10Jul.2025 12:04:17.551] [main/DEBUG] [Chaos Awakens/]: [Currently Translating Block]: block.chaosawakens.ginkgo_button -> Ginkgo Button
[10Jul.2025 12:04:17.551] [main/DEBUG] [Chaos Awakens/]: [Currently Translating Block]: block.chaosawakens.mesozoic_log -> Mesozoic Log
[10Jul.2025 12:04:17.551] [main/DEBUG] [Chaos Awakens/]: [Currently Translating Block]: block.chaosawakens.mesozoic_wood -> Mesozoic Wood
[10Jul.2025 12:04:17.551] [main/DEBUG] [Chaos Awakens/]: [Currently Translating Block]: block.chaosawakens.stripped_mesozoic_log -> Stripped Mesozoic Log
[10Jul.2025 12:04:17.551] [main/DEBUG] [Chaos Awakens/]: [Currently Translating Block]: block.chaosawakens.stripped_mesozoic_wood -> Stripped Mesozoic Wood
[10Jul.2025 12:04:17.552] [main/DEBUG] [Chaos Awakens/]: [Currently Translating Block]: block.chaosawakens.mesozoic_planks -> Mesozoic Planks
[10Jul.2025 12:04:17.552] [main/DEBUG] [Chaos Awakens/]: [Currently Translating Block]: block.chaosawakens.mesozoic_stairs -> Mesozoic Stairs
[10Jul.2025 12:04:17.552] [main/DEBUG] [Chaos Awakens/]: [Currently Translating Block]: block.chaosawakens.mesozoic_slab -> Mesozoic Slab
[10Jul.2025 12:04:17.552] [main/DEBUG] [Chaos Awakens/]: [Currently Translating Block]: block.chaosawakens.mesozoic_fence -> Mesozoic Fence
[10Jul.2025 12:04:17.552] [main/DEBUG] [Chaos Awakens/]: [Currently Translating Block]: block.chaosawakens.mesozoic_fence_gate -> Mesozoic Fence Gate
[10Jul.2025 12:04:17.552] [main/DEBUG] [Chaos Awakens/]: [Currently Translating Block]: block.chaosawakens.mesozoic_door -> Mesozoic Door
[10Jul.2025 12:04:17.552] [main/DEBUG] [Chaos Awakens/]: [Currently Translating Block]: block.chaosawakens.mesozoic_trapdoor -> Mesozoic Trapdoor
[10Jul.2025 12:04:17.552] [main/DEBUG] [Chaos Awakens/]: [Currently Translating Block]: block.chaosawakens.mesozoic_pressure_plate -> Mesozoic Pressure Plate
[10Jul.2025 12:04:17.552] [main/DEBUG] [Chaos Awakens/]: [Currently Translating Block]: block.chaosawakens.mesozoic_button -> Mesozoic Button
[10Jul.2025 12:04:17.553] [main/DEBUG] [Chaos Awakens/]: [Currently Translating Block]: block.chaosawakens.peach_log -> Peach Log
[10Jul.2025 12:04:17.553] [main/DEBUG] [Chaos Awakens/]: [Currently Translating Block]: block.chaosawakens.peach_wood -> Peach Wood
[10Jul.2025 12:04:17.553] [main/DEBUG] [Chaos Awakens/]: [Currently Translating Block]: block.chaosawakens.stripped_peach_log -> Stripped Peach Log
[10Jul.2025 12:04:17.553] [main/DEBUG] [Chaos Awakens/]: [Currently Translating Block]: block.chaosawakens.stripped_peach_wood -> Stripped Peach Wood
[10Jul.2025 12:04:17.553] [main/DEBUG] [Chaos Awakens/]: [Currently Translating Block]: block.chaosawakens.peach_planks -> Peach Planks
[10Jul.2025 12:04:17.553] [main/DEBUG] [Chaos Awakens/]: [Currently Translating Block]: block.chaosawakens.peach_stairs -> Peach Stairs
[10Jul.2025 12:04:17.553] [main/DEBUG] [Chaos Awakens/]: [Currently Translating Block]: block.chaosawakens.peach_slab -> Peach Slab
[10Jul.2025 12:04:17.553] [main/DEBUG] [Chaos Awakens/]: [Currently Translating Block]: block.chaosawakens.peach_fence -> Peach Fence
[10Jul.2025 12:04:17.553] [main/DEBUG] [Chaos Awakens/]: [Currently Translating Block]: block.chaosawakens.peach_fence_gate -> Peach Fence Gate
[10Jul.2025 12:04:17.553] [main/DEBUG] [Chaos Awakens/]: [Currently Translating Block]: block.chaosawakens.peach_door -> Peach Door
[10Jul.2025 12:04:17.553] [main/DEBUG] [Chaos Awakens/]: [Currently Translating Block]: block.chaosawakens.peach_trapdoor -> Peach Trapdoor
[10Jul.2025 12:04:17.553] [main/DEBUG] [Chaos Awakens/]: [Currently Translating Block]: block.chaosawakens.peach_pressure_plate -> Peach Pressure Plate
[10Jul.2025 12:04:17.554] [main/DEBUG] [Chaos Awakens/]: [Currently Translating Block]: block.chaosawakens.peach_button -> Peach Button
[10Jul.2025 12:04:17.554] [main/DEBUG] [Chaos Awakens/]: [Currently Translating Block]: block.chaosawakens.skywood_log -> Skywood Log
[10Jul.2025 12:04:17.554] [main/DEBUG] [Chaos Awakens/]: [Currently Translating Block]: block.chaosawakens.skywood -> Skywood
[10Jul.2025 12:04:17.554] [main/DEBUG] [Chaos Awakens/]: [Currently Translating Block]: block.chaosawakens.stripped_skywood_log -> Stripped Skywood Log
[10Jul.2025 12:04:17.554] [main/DEBUG] [Chaos Awakens/]: [Currently Translating Block]: block.chaosawakens.stripped_skywood -> Stripped Skywood
[10Jul.2025 12:04:17.554] [main/DEBUG] [Chaos Awakens/]: [Currently Translating Block]: block.chaosawakens.skywood_planks -> Skywood Planks
[10Jul.2025 12:04:17.554] [main/DEBUG] [Chaos Awakens/]: [Currently Translating Block]: block.chaosawakens.skywood_stairs -> Skywood Stairs
[10Jul.2025 12:04:17.554] [main/DEBUG] [Chaos Awakens/]: [Currently Translating Block]: block.chaosawakens.skywood_slab -> Skywood Slab
[10Jul.2025 12:04:17.554] [main/DEBUG] [Chaos Awakens/]: [Currently Translating Block]: block.chaosawakens.skywood_fence -> Skywood Fence
[10Jul.2025 12:04:17.554] [main/DEBUG] [Chaos Awakens/]: [Currently Translating Block]: block.chaosawakens.skywood_fence_gate -> Skywood Fence Gate
[10Jul.2025 12:04:17.554] [main/DEBUG] [Chaos Awakens/]: [Currently Translating Block]: block.chaosawakens.skywood_door -> Skywood Door
[10Jul.2025 12:04:17.554] [main/DEBUG] [Chaos Awakens/]: [Currently Translating Block]: block.chaosawakens.skywood_trapdoor -> Skywood Trapdoor
[10Jul.2025 12:04:17.554] [main/DEBUG] [Chaos Awakens/]: [Currently Translating Block]: block.chaosawakens.skywood_pressure_plate -> Skywood Pressure Plate
[10Jul.2025 12:04:17.554] [main/DEBUG] [Chaos Awakens/]: [Currently Translating Block]: block.chaosawakens.skywood_button -> Skywood Button
[10Jul.2025 12:04:17.554] [main/DEBUG] [Chaos Awakens/]: [Currently Translating Block]: block.chaosawakens.apple_leaves -> Apple Leaves
[10Jul.2025 12:04:17.554] [main/DEBUG] [Chaos Awakens/]: [Currently Translating Block]: block.chaosawakens.densewood_leaves -> Densewood Leaves
[10Jul.2025 12:04:17.554] [main/DEBUG] [Chaos Awakens/]: [Currently Translating Block]: block.chaosawakens.duplicator_leaves -> Duplicator Leaves
[10Jul.2025 12:04:17.554] [main/DEBUG] [Chaos Awakens/]: [Currently Translating Block]: block.chaosawakens.ginkgo_leaves -> Ginkgo Leaves
[10Jul.2025 12:04:17.554] [main/DEBUG] [Chaos Awakens/]: [Currently Translating Block]: block.chaosawakens.mesozoic_leaves -> Mesozoic Leaves
[10Jul.2025 12:04:17.554] [main/DEBUG] [Chaos Awakens/]: [Currently Translating Block]: block.chaosawakens.peach_leaves -> Peach Leaves
[10Jul.2025 12:04:17.556] [main/DEBUG] [Chaos Awakens/]: [Currently Translating Block]: block.chaosawakens.skywood_leaves -> Skywood Leaves
[10Jul.2025 12:04:17.556] [main/DEBUG] [Chaos Awakens/]: [Currently Translating Block]: block.chaosawakens.apple_leaf_carpet -> Apple Leaf Carpet
[10Jul.2025 12:04:17.556] [main/DEBUG] [Chaos Awakens/]: [Currently Translating Block]: block.chaosawakens.densewood_leaf_carpet -> Densewood Leaf Carpet
[10Jul.2025 12:04:17.556] [main/DEBUG] [Chaos Awakens/]: [Currently Translating Block]: block.chaosawakens.duplicator_leaf_carpet -> Duplicator Leaf Carpet
[10Jul.2025 12:04:17.556] [main/DEBUG] [Chaos Awakens/]: [Currently Translating Block]: block.chaosawakens.ginkgo_leaf_carpet -> Ginkgo Leaf Carpet
[10Jul.2025 12:04:17.556] [main/DEBUG] [Chaos Awakens/]: [Currently Translating Block]: block.chaosawakens.mesozoic_leaf_carpet -> Mesozoic Leaf Carpet
[10Jul.2025 12:04:17.556] [main/DEBUG] [Chaos Awakens/]: [Currently Translating Block]: block.chaosawakens.peach_leaf_carpet -> Peach Leaf Carpet
[10Jul.2025 12:04:17.556] [main/DEBUG] [Chaos Awakens/]: [Currently Translating Block]: block.chaosawakens.skywood_leaf_carpet -> Skywood Leaf Carpet
[10Jul.2025 12:04:17.556] [main/DEBUG] [Chaos Awakens/]: [Currently Translating Block]: block.chaosawakens.acacia_leaf_carpet -> Acacia Leaf Carpet
[10Jul.2025 12:04:17.556] [main/DEBUG] [Chaos Awakens/]: [Currently Translating Block]: block.chaosawakens.birch_leaf_carpet -> Birch Leaf Carpet
[10Jul.2025 12:04:17.556] [main/DEBUG] [Chaos Awakens/]: [Currently Translating Block]: block.chaosawakens.cherry_leaf_carpet -> Cherry Leaf Carpet
[10Jul.2025 12:04:17.556] [main/DEBUG] [Chaos Awakens/]: [Currently Translating Block]: block.chaosawakens.dark_oak_leaf_carpet -> Dark Oak Leaf Carpet
[10Jul.2025 12:04:17.557] [main/DEBUG] [Chaos Awakens/]: [Currently Translating Block]: block.chaosawakens.mangrove_leaf_carpet -> Mangrove Leaf Carpet
[10Jul.2025 12:04:17.557] [main/DEBUG] [Chaos Awakens/]: [Currently Translating Block]: block.chaosawakens.oak_leaf_carpet -> Oak Leaf Carpet
[10Jul.2025 12:04:17.557] [main/DEBUG] [Chaos Awakens/]: [Currently Translating Block]: block.chaosawakens.spruce_leaf_carpet -> Spruce Leaf Carpet
[10Jul.2025 12:04:17.557] [main/DEBUG] [Chaos Awakens/]: [Currently Translating Block]: block.chaosawakens.apple_gate_block -> Apple Gate Block
[10Jul.2025 12:04:17.557] [main/DEBUG] [Chaos Awakens/]: [Currently Translating Block]: block.chaosawakens.crystalwood_gate_block -> Crystalwood Gate Block
[10Jul.2025 12:04:17.557] [main/DEBUG] [Chaos Awakens/]: [Currently Translating Block]: block.chaosawakens.densewood_gate_block -> Densewood Gate Block
[10Jul.2025 12:04:17.558] [main/DEBUG] [Chaos Awakens/]: [Currently Translating Block]: block.chaosawakens.duplicator_gate_block -> Duplicator Gate Block
[10Jul.2025 12:04:17.558] [main/DEBUG] [Chaos Awakens/]: [Currently Translating Block]: block.chaosawakens.ginkgo_gate_block -> Ginkgo Gate Block
[10Jul.2025 12:04:17.558] [main/DEBUG] [Chaos Awakens/]: [Currently Translating Block]: block.chaosawakens.mesozoic_gate_block -> Mesozoic Gate Block
[10Jul.2025 12:04:17.558] [main/DEBUG] [Chaos Awakens/]: [Currently Translating Block]: block.chaosawakens.peach_gate_block -> Peach Gate Block
[10Jul.2025 12:04:17.559] [main/DEBUG] [Chaos Awakens/]: [Currently Translating Block]: block.chaosawakens.skywood_gate_block -> Skywood Gate Block
[10Jul.2025 12:04:17.559] [main/DEBUG] [Chaos Awakens/]: [Currently Translating Block]: block.chaosawakens.acacia_gate_block -> Acacia Gate Block
[10Jul.2025 12:04:17.559] [main/DEBUG] [Chaos Awakens/]: [Currently Translating Block]: block.chaosawakens.birch_gate_block -> Birch Gate Block
[10Jul.2025 12:04:17.559] [main/DEBUG] [Chaos Awakens/]: [Currently Translating Block]: block.chaosawakens.cherry_gate_block -> Cherry Gate Block
[10Jul.2025 12:04:17.559] [main/DEBUG] [Chaos Awakens/]: [Currently Translating Block]: block.chaosawakens.crimson_gate_block -> Crimson Gate Block
[10Jul.2025 12:04:17.559] [main/DEBUG] [Chaos Awakens/]: [Currently Translating Block]: block.chaosawakens.dark_oak_gate_block -> Dark Oak Gate Block
[10Jul.2025 12:04:17.559] [main/DEBUG] [Chaos Awakens/]: [Currently Translating Block]: block.chaosawakens.mangrove_gate_block -> Mangrove Gate Block
[10Jul.2025 12:04:17.559] [main/DEBUG] [Chaos Awakens/]: [Currently Translating Block]: block.chaosawakens.oak_gate_block -> Oak Gate Block
[10Jul.2025 12:04:17.559] [main/DEBUG] [Chaos Awakens/]: [Currently Translating Block]: block.chaosawakens.spruce_gate_block -> Spruce Gate Block
[10Jul.2025 12:04:17.559] [main/DEBUG] [Chaos Awakens/]: [Currently Translating Block]: block.chaosawakens.warped_gate_block -> Warped Gate Block
[10Jul.2025 12:04:17.559] [main/DEBUG] [Chaos Awakens/]: [Currently Translating Block]: block.chaosawakens.kunzite_block -> Kunzite Block
[10Jul.2025 12:04:17.559] [main/DEBUG] [Chaos Awakens/]: [Currently Translating Block]: block.chaosawakens.ruby_block -> Ruby Block
[10Jul.2025 12:04:17.559] [main/DEBUG] [Chaos Awakens/]: [Currently Translating Block]: block.chaosawakens.titanium_block -> Titanium Block
[10Jul.2025 12:04:17.559] [main/DEBUG] [Chaos Awakens/]: [Currently Translating Block]: block.chaosawakens.uranium_block -> Uranium Block
[10Jul.2025 12:04:17.559] [main/DEBUG] [Chaos Awakens/]: [Currently Translating Block]: block.chaosawakens.ender_pearl_block -> Ender Pearl Block
[10Jul.2025 12:04:17.559] [main/DEBUG] [Chaos Awakens/]: [Currently Translating Block]: block.chaosawakens.ender_eye_block -> Ender Eye Block
[10Jul.2025 12:04:17.560] [main/DEBUG] [Chaos Awakens/]: [Currently Translating Block]: block.chaosawakens.basilisk_scale_block -> Basilisk Scale Block
[10Jul.2025 12:04:17.560] [main/DEBUG] [Chaos Awakens/]: [Currently Translating Block]: block.chaosawakens.emperor_scorpion_scale_block -> Emperor Scorpion Scale Block
[10Jul.2025 12:04:17.560] [main/DEBUG] [Chaos Awakens/]: [Currently Translating Block]: block.chaosawakens.ender_dragon_scale_block -> Ender Dragon Scale Block
[10Jul.2025 12:04:17.560] [main/DEBUG] [Chaos Awakens/]: [Currently Translating Block]: block.chaosawakens.mobzilla_scale_block -> Mobzilla Scale Block
[10Jul.2025 12:04:17.560] [main/DEBUG] [Chaos Awakens/]: [Currently Translating Block]: block.chaosawakens.moth_scale_block -> Moth Scale Block
[10Jul.2025 12:04:17.560] [main/DEBUG] [Chaos Awakens/]: [Currently Translating Block]: block.chaosawakens.nightmare_scale_block -> Nightmare Scale Block
[10Jul.2025 12:04:17.560] [main/DEBUG] [Chaos Awakens/]: [Currently Translating Block]: block.chaosawakens.queen_scale_block -> Queen Scale Block
[10Jul.2025 12:04:17.560] [main/DEBUG] [Chaos Awakens/]: [Currently Translating Block]: block.chaosawakens.royal_guardian_scale_block -> Royal Guardian Scale Block
[10Jul.2025 12:04:17.560] [main/DEBUG] [Chaos Awakens/]: [Currently Translating Block]: block.chaosawakens.water_dragon_scale_block -> Water Dragon Scale Block
[10Jul.2025 12:04:17.560] [main/DEBUG] [Chaos Awakens/]: [Currently Translating Block]: block.chaosawakens.salt_block -> Salt Block
[10Jul.2025 12:04:17.561] [main/DEBUG] [Chaos Awakens/]: [Currently Translating Block]: block.chaosawakens.dredgestone -> Dredgestone
[10Jul.2025 12:04:17.561] [main/DEBUG] [Chaos Awakens/]: [Currently Translating Block]: block.chaosawakens.dredgestone_bricks -> Dredgestone Bricks
[10Jul.2025 12:04:17.561] [main/DEBUG] [Chaos Awakens/]: [Currently Translating Block]: block.chaosawakens.gloomstone -> Gloomstone
[10Jul.2025 12:04:17.561] [main/DEBUG] [Chaos Awakens/]: [Currently Translating Block]: block.chaosawakens.gloomstone_bricks -> Gloomstone Bricks
[10Jul.2025 12:04:17.561] [main/DEBUG] [Chaos Awakens/]: [Currently Translating Block]: block.chaosawakens.mining_lamp -> Mining Lamp
[10Jul.2025 12:04:17.561] [main/DEBUG] [Chaos Awakens/]: [Currently Translating Block]: block.chaosawakens.mining_wood -> Mining Wood
[10Jul.2025 12:04:17.561] [main/DEBUG] [Chaos Awakens/]: [Currently Translating Block]: block.chaosawakens.mining_planks -> Mining Planks
[10Jul.2025 12:04:17.561] [main/DEBUG] [Chaos Awakens/]: [Currently Translating Block]: block.chaosawakens.mining_slab -> Mining Slab
[10Jul.2025 12:04:17.561] [main/DEBUG] [Chaos Awakens/]: [Currently Translating Block]: block.chaosawakens.mining_fence -> Mining Fence
[10Jul.2025 12:04:17.561] [main/DEBUG] [Chaos Awakens/]: [Currently Translating Block]: block.chaosawakens.flower_stem -> Flower Stem
[10Jul.2025 12:04:17.562] [main/DEBUG] [Chaos Awakens/]: [Currently Translating Block]: block.chaosawakens.blood_red_petal_block -> Blood Red Petal Block
[10Jul.2025 12:04:17.562] [main/DEBUG] [Chaos Awakens/]: [Currently Translating Block]: block.chaosawakens.bright_pink_petal_block -> Bright Pink Petal Block
[10Jul.2025 12:04:17.562] [main/DEBUG] [Chaos Awakens/]: [Currently Translating Block]: block.chaosawakens.navy_blue_petal_block -> Navy Blue Petal Block
[10Jul.2025 12:04:17.562] [main/DEBUG] [Chaos Awakens/]: [Currently Translating Block]: block.chaosawakens.cyan_rose -> Cyan Rose
[10Jul.2025 12:04:17.562] [main/DEBUG] [Chaos Awakens/]: [Currently Translating Block]: block.chaosawakens.red_rose -> Red Rose
[10Jul.2025 12:04:17.562] [main/DEBUG] [Chaos Awakens/]: [Currently Translating Block]: block.chaosawakens.paeonia -> Paeonia
[10Jul.2025 12:04:17.562] [main/DEBUG] [Chaos Awakens/]: [Currently Translating Block]: block.chaosawakens.swamp_milkweed -> Swamp Milkweed
[10Jul.2025 12:04:17.562] [main/DEBUG] [Chaos Awakens/]: [Currently Translating Block]: block.chaosawakens.primrose -> Primrose
[10Jul.2025 12:04:17.562] [main/DEBUG] [Chaos Awakens/]: [Currently Translating Block]: block.chaosawakens.daisy -> Daisy
[10Jul.2025 12:04:17.562] [main/DEBUG] [Chaos Awakens/]: [Currently Translating Block]: block.chaosawakens.dense_grass_block -> Dense Grass Block
[10Jul.2025 12:04:17.563] [main/DEBUG] [Chaos Awakens/]: [Currently Translating Block]: block.chaosawakens.dense_dirt -> Dense Dirt
[10Jul.2025 12:04:17.563] [main/DEBUG] [Chaos Awakens/]: [Currently Translating Block]: block.chaosawakens.dense_farmland -> Dense Farmland
[10Jul.2025 12:04:17.563] [main/DEBUG] [Chaos Awakens/]: [Currently Translating Block]: block.chaosawakens.dense_grass -> Dense Grass
[10Jul.2025 12:04:17.563] [main/DEBUG] [Chaos Awakens/]: [Currently Translating Block]: block.chaosawakens.tall_dense_grass -> Tall Dense Grass
[10Jul.2025 12:04:17.563] [main/DEBUG] [Chaos Awakens/]: [Currently Translating Block]: block.chaosawakens.thorny_sun -> Thorny Sun
[10Jul.2025 12:04:17.563] [main/DEBUG] [Chaos Awakens/]: [Currently Translating Block]: block.chaosawakens.blue_bulb -> Blue Bulb
[10Jul.2025 12:04:17.563] [main/DEBUG] [Chaos Awakens/]: [Currently Translating Block]: block.chaosawakens.pink_bulb -> Pink Bulb
[10Jul.2025 12:04:17.563] [main/DEBUG] [Chaos Awakens/]: [Currently Translating Block]: block.chaosawakens.purple_bulb -> Purple Bulb
[10Jul.2025 12:04:17.563] [main/DEBUG] [Chaos Awakens/]: [Currently Translating Block]: block.chaosawakens.dense_orchid -> Dense Orchid
[10Jul.2025 12:04:17.564] [main/DEBUG] [Chaos Awakens/]: [Currently Translating Block]: block.chaosawakens.dense_rose -> Dense Rose
[10Jul.2025 12:04:17.564] [main/DEBUG] [Chaos Awakens/]: [Currently Translating Block]: block.chaosawakens.terra_preta -> Terra Preta
[10Jul.2025 12:04:17.564] [main/DEBUG] [Chaos Awakens/]: [Currently Translating Block]: block.chaosawakens.terra_preta_farmland -> Terra Preta Farmland
[10Jul.2025 12:04:17.565] [main/DEBUG] [Chaos Awakens/]: [Currently Translating Block]: block.chaosawakens.tar -> Tar
[10Jul.2025 12:04:17.565] [main/DEBUG] [Chaos Awakens/]: [Currently Translating Block]: block.chaosawakens.latosol -> Latosol
[10Jul.2025 12:04:17.565] [main/DEBUG] [Chaos Awakens/]: [Currently Translating Block]: block.chaosawakens.alstroemeriat -> Alstroemeriat
[10Jul.2025 12:04:17.565] [main/DEBUG] [Chaos Awakens/]: [Currently Translating Block]: block.chaosawakens.bush -> Bush
[10Jul.2025 12:04:17.565] [main/DEBUG] [Chaos Awakens/]: [Currently Translating Block]: block.chaosawakens.tall_bush -> Tall Bush
[10Jul.2025 12:04:17.565] [main/DEBUG] [Chaos Awakens/]: [Currently Translating Block]: block.chaosawakens.small_carnivorous_plant -> Small Carnivorous Plant
[10Jul.2025 12:04:17.566] [main/DEBUG] [Chaos Awakens/]: [Currently Translating Block]: block.chaosawakens.big_carnivorous_plant -> Big Carnivorous Plant
[10Jul.2025 12:04:17.566] [main/DEBUG] [Chaos Awakens/]: [Currently Translating Block]: block.chaosawakens.dense_bush -> Dense Bush
[10Jul.2025 12:04:17.566] [main/DEBUG] [Chaos Awakens/]: [Currently Translating Block]: block.chaosawakens.tall_dense_bush -> Tall Dense Bush
[10Jul.2025 12:04:17.566] [main/DEBUG] [Chaos Awakens/]: [Currently Translating Block]: block.chaosawakens.horsetail_restio -> Horsetail Restio
[10Jul.2025 12:04:17.566] [main/DEBUG] [Chaos Awakens/]: [Currently Translating Block]: block.chaosawakens.king_protea -> King Protea
[10Jul.2025 12:04:17.566] [main/DEBUG] [Chaos Awakens/]: [Currently Translating Block]: block.chaosawakens.luminara_petal -> Luminara Petal
[10Jul.2025 12:04:17.566] [main/DEBUG] [Chaos Awakens/]: [Currently Translating Block]: block.chaosawakens.large_densewood_bush -> Large Densewood Bush
[10Jul.2025 12:04:17.566] [main/DEBUG] [Chaos Awakens/]: [Currently Translating Block]: block.chaosawakens.large_ginkgo_bush -> Large Ginkgo Bush
[10Jul.2025 12:04:17.566] [main/DEBUG] [Chaos Awakens/]: [Currently Translating Block]: block.chaosawakens.large_mesozoic_bush -> Large Mesozoic Bush
[10Jul.2025 12:04:17.566] [main/DEBUG] [Chaos Awakens/]: [Currently Translating Block]: block.chaosawakens.crystal_grass_block -> Crystal Grass Block
[10Jul.2025 12:04:17.566] [main/DEBUG] [Chaos Awakens/]: [Currently Translating Block]: block.chaosawakens.crystal_grass -> Crystal Grass
[10Jul.2025 12:04:17.566] [main/DEBUG] [Chaos Awakens/]: [Currently Translating Block]: block.chaosawakens.tall_crystal_grass -> Tall Crystal Grass
[10Jul.2025 12:04:17.566] [main/DEBUG] [Chaos Awakens/]: [Currently Translating Block]: block.chaosawakens.black_crystal_growth -> Black Crystal Growth
[10Jul.2025 12:04:17.566] [main/DEBUG] [Chaos Awakens/]: [Currently Translating Block]: block.chaosawakens.brown_crystal_growth -> Brown Crystal Growth
[10Jul.2025 12:04:17.566] [main/DEBUG] [Chaos Awakens/]: [Currently Translating Block]: block.chaosawakens.green_crystal_growth -> Green Crystal Growth
[10Jul.2025 12:04:17.566] [main/DEBUG] [Chaos Awakens/]: [Currently Translating Block]: block.chaosawakens.pink_crystal_growth -> Pink Crystal Growth
[10Jul.2025 12:04:17.566] [main/DEBUG] [Chaos Awakens/]: [Currently Translating Block]: block.chaosawakens.purple_crystal_growth -> Purple Crystal Growth
[10Jul.2025 12:04:17.566] [main/DEBUG] [Chaos Awakens/]: [Currently Translating Block]: block.chaosawakens.yellow_crystal_growth -> Yellow Crystal Growth
[10Jul.2025 12:04:17.566] [main/DEBUG] [Chaos Awakens/]: [Currently Translating Block]: block.chaosawakens.blue_crystal_flower -> Blue Crystal Flower
[10Jul.2025 12:04:17.568] [main/DEBUG] [Chaos Awakens/]: [Currently Translating Block]: block.chaosawakens.green_crystal_flower -> Green Crystal Flower
[10Jul.2025 12:04:17.568] [main/DEBUG] [Chaos Awakens/]: [Currently Translating Block]: block.chaosawakens.orange_crystal_flower -> Orange Crystal Flower
[10Jul.2025 12:04:17.568] [main/DEBUG] [Chaos Awakens/]: [Currently Translating Block]: block.chaosawakens.pink_crystal_flower -> Pink Crystal Flower
[10Jul.2025 12:04:17.568] [main/DEBUG] [Chaos Awakens/]: [Currently Translating Block]: block.chaosawakens.red_crystal_flower -> Red Crystal Flower
[10Jul.2025 12:04:17.568] [main/DEBUG] [Chaos Awakens/]: [Currently Translating Block]: block.chaosawakens.yellow_crystal_flower -> Yellow Crystal Flower
[10Jul.2025 12:04:17.568] [main/DEBUG] [Chaos Awakens/]: [Currently Translating Block]: block.chaosawakens.crystalized_crystal_apple_cow_kyanite -> Crystalized Crystal Apple Cow Kyanite
[10Jul.2025 12:04:17.569] [main/DEBUG] [Chaos Awakens/]: [Currently Modifying Localized Block]: Crystalized Crystal Apple Cow Kyanite -> Crystalized Crystal Apple Cow (Kyanite)
[10Jul.2025 12:04:17.569] [main/DEBUG] [Chaos Awakens/]: [Currently Translating Block]: block.chaosawakens.crystalized_crystal_carrot_pig_kyanite -> Crystalized Crystal Carrot Pig Kyanite
[10Jul.2025 12:04:17.569] [main/DEBUG] [Chaos Awakens/]: [Currently Modifying Localized Block]: Crystalized Crystal Carrot Pig Kyanite -> Crystalized Crystal Carrot Pig (Kyanite)
[10Jul.2025 12:04:17.569] [main/DEBUG] [Chaos Awakens/]: [Currently Translating Block]: block.chaosawakens.crystalized_crystal_gator_kyanite -> Crystalized Crystal Gator Kyanite
[10Jul.2025 12:04:17.569] [main/DEBUG] [Chaos Awakens/]: [Currently Modifying Localized Block]: Crystalized Crystal Gator Kyanite -> Crystalized Crystal Gator (Kyanite)
[10Jul.2025 12:04:17.569] [main/DEBUG] [Chaos Awakens/]: [Currently Translating Block]: block.chaosawakens.fossilized_enderman_end_stone -> Fossilized Enderman End Stone
[10Jul.2025 12:04:17.569] [main/DEBUG] [Chaos Awakens/]: [Currently Modifying Localized Block]: Fossilized Enderman End Stone -> Fossilized Enderman (End Stone)
[10Jul.2025 12:04:17.569] [main/DEBUG] [Chaos Awakens/]: [Currently Translating Block]: block.chaosawakens.fossilized_endermite_end_stone -> Fossilized Endermite End Stone
[10Jul.2025 12:04:17.569] [main/DEBUG] [Chaos Awakens/]: [Currently Modifying Localized Block]: Fossilized Endermite End Stone -> Fossilized Endermite (End Stone)
[10Jul.2025 12:04:17.570] [main/DEBUG] [Chaos Awakens/]: [Currently Translating Block]: block.chaosawakens.fossilized_shulker_end_stone -> Fossilized Shulker End Stone
[10Jul.2025 12:04:17.570] [main/DEBUG] [Chaos Awakens/]: [Currently Modifying Localized Block]: Fossilized Shulker End Stone -> Fossilized Shulker (End Stone)
[10Jul.2025 12:04:17.570] [main/DEBUG] [Chaos Awakens/]: [Currently Translating Block]: block.chaosawakens.frozen_arctic_fox_ice -> Frozen Arctic Fox Ice
[10Jul.2025 12:04:17.570] [main/DEBUG] [Chaos Awakens/]: [Currently Modifying Localized Block]: Frozen Arctic Fox Ice -> Frozen Arctic Fox (Ice)
[10Jul.2025 12:04:17.570] [main/DEBUG] [Chaos Awakens/]: [Currently Translating Block]: block.chaosawakens.frozen_polar_bear_ice -> Frozen Polar Bear Ice
[10Jul.2025 12:04:17.570] [main/DEBUG] [Chaos Awakens/]: [Currently Modifying Localized Block]: Frozen Polar Bear Ice -> Frozen Polar Bear (Ice)
[10Jul.2025 12:04:17.570] [main/DEBUG] [Chaos Awakens/]: [Currently Translating Block]: block.chaosawakens.frozen_snow_golem_ice -> Frozen Snow Golem Ice
[10Jul.2025 12:04:17.570] [main/DEBUG] [Chaos Awakens/]: [Currently Modifying Localized Block]: Frozen Snow Golem Ice -> Frozen Snow Golem (Ice)
[10Jul.2025 12:04:17.571] [main/DEBUG] [Chaos Awakens/]: [Currently Translating Block]: block.chaosawakens.frozen_stray_ice -> Frozen Stray Ice
[10Jul.2025 12:04:17.571] [main/DEBUG] [Chaos Awakens/]: [Currently Modifying Localized Block]: Frozen Stray Ice -> Frozen Stray (Ice)
[10Jul.2025 12:04:17.571] [main/DEBUG] [Chaos Awakens/]: [Currently Translating Block]: block.chaosawakens.fossilized_greenfish_gravel -> Fossilized Greenfish Gravel
[10Jul.2025 12:04:17.571] [main/DEBUG] [Chaos Awakens/]: [Currently Modifying Localized Block]: Fossilized Greenfish Gravel -> Fossilized Greenfish (Gravel)
[10Jul.2025 12:04:17.571] [main/DEBUG] [Chaos Awakens/]: [Currently Translating Block]: block.chaosawakens.fossilized_rock_fish_gravel -> Fossilized Rock Fish Gravel
[10Jul.2025 12:04:17.571] [main/DEBUG] [Chaos Awakens/]: [Currently Modifying Localized Block]: Fossilized Rock Fish Gravel -> Fossilized Rock Fish (Gravel)
[10Jul.2025 12:04:17.571] [main/DEBUG] [Chaos Awakens/]: [Currently Translating Block]: block.chaosawakens.fossilized_spark_fish_gravel -> Fossilized Spark Fish Gravel
[10Jul.2025 12:04:17.571] [main/DEBUG] [Chaos Awakens/]: [Currently Modifying Localized Block]: Fossilized Spark Fish Gravel -> Fossilized Spark Fish (Gravel)
[10Jul.2025 12:04:17.571] [main/DEBUG] [Chaos Awakens/]: [Currently Translating Block]: block.chaosawakens.fossilized_woodfish_gravel -> Fossilized Woodfish Gravel
[10Jul.2025 12:04:17.572] [main/DEBUG] [Chaos Awakens/]: [Currently Modifying Localized Block]: Fossilized Woodfish Gravel -> Fossilized Woodfish (Gravel)
[10Jul.2025 12:04:17.572] [main/DEBUG] [Chaos Awakens/]: [Currently Translating Block]: block.chaosawakens.fossilized_cod_gravel -> Fossilized Cod Gravel
[10Jul.2025 12:04:17.572] [main/DEBUG] [Chaos Awakens/]: [Currently Modifying Localized Block]: Fossilized Cod Gravel -> Fossilized Cod (Gravel)
[10Jul.2025 12:04:17.572] [main/DEBUG] [Chaos Awakens/]: [Currently Translating Block]: block.chaosawakens.fossilized_dolphin_gravel -> Fossilized Dolphin Gravel
[10Jul.2025 12:04:17.572] [main/DEBUG] [Chaos Awakens/]: [Currently Modifying Localized Block]: Fossilized Dolphin Gravel -> Fossilized Dolphin (Gravel)
[10Jul.2025 12:04:17.572] [main/DEBUG] [Chaos Awakens/]: [Currently Translating Block]: block.chaosawakens.fossilized_drowned_gravel -> Fossilized Drowned Gravel
[10Jul.2025 12:04:17.572] [main/DEBUG] [Chaos Awakens/]: [Currently Modifying Localized Block]: Fossilized Drowned Gravel -> Fossilized Drowned (Gravel)
[10Jul.2025 12:04:17.572] [main/DEBUG] [Chaos Awakens/]: [Currently Translating Block]: block.chaosawakens.fossilized_glow_squid_gravel -> Fossilized Glow Squid Gravel
[10Jul.2025 12:04:17.572] [main/DEBUG] [Chaos Awakens/]: [Currently Modifying Localized Block]: Fossilized Glow Squid Gravel -> Fossilized Glow Squid (Gravel)
[10Jul.2025 12:04:17.573] [main/DEBUG] [Chaos Awakens/]: [Currently Translating Block]: block.chaosawakens.fossilized_guardian_gravel -> Fossilized Guardian Gravel
[10Jul.2025 12:04:17.573] [main/DEBUG] [Chaos Awakens/]: [Currently Modifying Localized Block]: Fossilized Guardian Gravel -> Fossilized Guardian (Gravel)
[10Jul.2025 12:04:17.573] [main/DEBUG] [Chaos Awakens/]: [Currently Translating Block]: block.chaosawakens.fossilized_pufferfish_gravel -> Fossilized Pufferfish Gravel
[10Jul.2025 12:04:17.573] [main/DEBUG] [Chaos Awakens/]: [Currently Modifying Localized Block]: Fossilized Pufferfish Gravel -> Fossilized Pufferfish (Gravel)
[10Jul.2025 12:04:17.573] [main/DEBUG] [Chaos Awakens/]: [Currently Translating Block]: block.chaosawakens.fossilized_salmon_gravel -> Fossilized Salmon Gravel
[10Jul.2025 12:04:17.573] [main/DEBUG] [Chaos Awakens/]: [Currently Modifying Localized Block]: Fossilized Salmon Gravel -> Fossilized Salmon (Gravel)
[10Jul.2025 12:04:17.573] [main/DEBUG] [Chaos Awakens/]: [Currently Translating Block]: block.chaosawakens.fossilized_squid_gravel -> Fossilized Squid Gravel
[10Jul.2025 12:04:17.573] [main/DEBUG] [Chaos Awakens/]: [Currently Modifying Localized Block]: Fossilized Squid Gravel -> Fossilized Squid (Gravel)
[10Jul.2025 12:04:17.573] [main/DEBUG] [Chaos Awakens/]: [Currently Translating Block]: block.chaosawakens.fossilized_tropical_fish_gravel -> Fossilized Tropical Fish Gravel
[10Jul.2025 12:04:17.573] [main/DEBUG] [Chaos Awakens/]: [Currently Modifying Localized Block]: Fossilized Tropical Fish Gravel -> Fossilized Tropical Fish (Gravel)
[10Jul.2025 12:04:17.574] [main/DEBUG] [Chaos Awakens/]: [Currently Translating Block]: block.chaosawakens.fossilized_turtle_gravel -> Fossilized Turtle Gravel
[10Jul.2025 12:04:17.574] [main/DEBUG] [Chaos Awakens/]: [Currently Modifying Localized Block]: Fossilized Turtle Gravel -> Fossilized Turtle (Gravel)
[10Jul.2025 12:04:17.574] [main/DEBUG] [Chaos Awakens/]: [Currently Translating Block]: block.chaosawakens.fossilized_drowned_sand -> Fossilized Drowned Sand
[10Jul.2025 12:04:17.574] [main/DEBUG] [Chaos Awakens/]: [Currently Modifying Localized Block]: Fossilized Drowned Sand -> Fossilized Drowned (Sand)
[10Jul.2025 12:04:17.574] [main/DEBUG] [Chaos Awakens/]: [Currently Translating Block]: block.chaosawakens.fossilized_husk_sandstone -> Fossilized Husk Sandstone
[10Jul.2025 12:04:17.574] [main/DEBUG] [Chaos Awakens/]: [Currently Modifying Localized Block]: Fossilized Husk Sandstone -> Fossilized Husk (Sandstone)
[10Jul.2025 12:04:17.574] [main/DEBUG] [Chaos Awakens/]: [Currently Translating Block]: block.chaosawakens.fossilized_crimson_ent_netherrack -> Fossilized Crimson Ent Netherrack
[10Jul.2025 12:04:17.574] [main/DEBUG] [Chaos Awakens/]: [Currently Modifying Localized Block]: Fossilized Crimson Ent Netherrack -> Fossilized Crimson Ent (Netherrack)
[10Jul.2025 12:04:17.574] [main/DEBUG] [Chaos Awakens/]: [Currently Translating Block]: block.chaosawakens.fossilized_lava_eel_netherrack -> Fossilized Lava Eel Netherrack
[10Jul.2025 12:04:17.575] [main/DEBUG] [Chaos Awakens/]: [Currently Modifying Localized Block]: Fossilized Lava Eel Netherrack -> Fossilized Lava Eel (Netherrack)
[10Jul.2025 12:04:17.575] [main/DEBUG] [Chaos Awakens/]: [Currently Translating Block]: block.chaosawakens.fossilized_blaze_netherrack -> Fossilized Blaze Netherrack
[10Jul.2025 12:04:17.575] [main/DEBUG] [Chaos Awakens/]: [Currently Modifying Localized Block]: Fossilized Blaze Netherrack -> Fossilized Blaze (Netherrack)
[10Jul.2025 12:04:17.575] [main/DEBUG] [Chaos Awakens/]: [Currently Translating Block]: block.chaosawakens.fossilized_enderman_netherrack -> Fossilized Enderman Netherrack
[10Jul.2025 12:04:17.575] [main/DEBUG] [Chaos Awakens/]: [Currently Modifying Localized Block]: Fossilized Enderman Netherrack -> Fossilized Enderman (Netherrack)
[10Jul.2025 12:04:17.575] [main/DEBUG] [Chaos Awakens/]: [Currently Translating Block]: block.chaosawakens.fossilized_frog_netherrack -> Fossilized Frog Netherrack
[10Jul.2025 12:04:17.575] [main/DEBUG] [Chaos Awakens/]: [Currently Modifying Localized Block]: Fossilized Frog Netherrack -> Fossilized Frog (Netherrack)
[10Jul.2025 12:04:17.575] [main/DEBUG] [Chaos Awakens/]: [Currently Translating Block]: block.chaosawakens.fossilized_ghast_netherrack -> Fossilized Ghast Netherrack
[10Jul.2025 12:04:17.575] [main/DEBUG] [Chaos Awakens/]: [Currently Modifying Localized Block]: Fossilized Ghast Netherrack -> Fossilized Ghast (Netherrack)
[10Jul.2025 12:04:17.575] [main/DEBUG] [Chaos Awakens/]: [Currently Translating Block]: block.chaosawakens.fossilized_hoglin_netherrack -> Fossilized Hoglin Netherrack
[10Jul.2025 12:04:17.575] [main/DEBUG] [Chaos Awakens/]: [Currently Modifying Localized Block]: Fossilized Hoglin Netherrack -> Fossilized Hoglin (Netherrack)
[10Jul.2025 12:04:17.575] [main/DEBUG] [Chaos Awakens/]: [Currently Translating Block]: block.chaosawakens.fossilized_magma_cube_netherrack -> Fossilized Magma Cube Netherrack
[10Jul.2025 12:04:17.575] [main/DEBUG] [Chaos Awakens/]: [Currently Modifying Localized Block]: Fossilized Magma Cube Netherrack -> Fossilized Magma Cube (Netherrack)
[10Jul.2025 12:04:17.575] [main/DEBUG] [Chaos Awakens/]: [Currently Translating Block]: block.chaosawakens.fossilized_piglin_netherrack -> Fossilized Piglin Netherrack
[10Jul.2025 12:04:17.575] [main/DEBUG] [Chaos Awakens/]: [Currently Modifying Localized Block]: Fossilized Piglin Netherrack -> Fossilized Piglin (Netherrack)
[10Jul.2025 12:04:17.575] [main/DEBUG] [Chaos Awakens/]: [Currently Translating Block]: block.chaosawakens.fossilized_strider_netherrack -> Fossilized Strider Netherrack
[10Jul.2025 12:04:17.576] [main/DEBUG] [Chaos Awakens/]: [Currently Modifying Localized Block]: Fossilized Strider Netherrack -> Fossilized Strider (Netherrack)
[10Jul.2025 12:04:17.576] [main/DEBUG] [Chaos Awakens/]: [Currently Translating Block]: block.chaosawakens.fossilized_warped_ent_netherrack -> Fossilized Warped Ent Netherrack
[10Jul.2025 12:04:17.576] [main/DEBUG] [Chaos Awakens/]: [Currently Modifying Localized Block]: Fossilized Warped Ent Netherrack -> Fossilized Warped Ent (Netherrack)
[10Jul.2025 12:04:17.576] [main/DEBUG] [Chaos Awakens/]: [Currently Translating Block]: block.chaosawakens.fossilized_wither_skeleton_netherrack -> Fossilized Wither Skeleton Netherrack
[10Jul.2025 12:04:17.576] [main/DEBUG] [Chaos Awakens/]: [Currently Modifying Localized Block]: Fossilized Wither Skeleton Netherrack -> Fossilized Wither Skeleton (Netherrack)
[10Jul.2025 12:04:17.576] [main/DEBUG] [Chaos Awakens/]: [Currently Translating Block]: block.chaosawakens.fossilized_zombified_piglin_netherrack -> Fossilized Zombified Piglin Netherrack
[10Jul.2025 12:04:17.576] [main/DEBUG] [Chaos Awakens/]: [Currently Modifying Localized Block]: Fossilized Zombified Piglin Netherrack -> Fossilized Zombified Piglin (Netherrack)
[10Jul.2025 12:04:17.576] [main/DEBUG] [Chaos Awakens/]: [Currently Translating Block]: block.chaosawakens.fossilized_magma_cube_blackstone -> Fossilized Magma Cube Blackstone
[10Jul.2025 12:04:17.576] [main/DEBUG] [Chaos Awakens/]: [Currently Modifying Localized Block]: Fossilized Magma Cube Blackstone -> Fossilized Magma Cube (Blackstone)
[10Jul.2025 12:04:17.576] [main/DEBUG] [Chaos Awakens/]: [Currently Translating Block]: block.chaosawakens.fossilized_skeleton_soul_soil -> Fossilized Skeleton Soul Soil
[10Jul.2025 12:04:17.576] [main/DEBUG] [Chaos Awakens/]: [Currently Modifying Localized Block]: Fossilized Skeleton Soul Soil -> Fossilized Skeleton (Soul Soil)
[10Jul.2025 12:04:17.576] [main/DEBUG] [Chaos Awakens/]: [Currently Translating Block]: block.chaosawakens.fossilized_acacia_ent_stone -> Fossilized Acacia Ent Stone
[10Jul.2025 12:04:17.576] [main/DEBUG] [Chaos Awakens/]: [Currently Modifying Localized Block]: Fossilized Acacia Ent Stone -> Fossilized Acacia Ent (Stone)
[10Jul.2025 12:04:17.576] [main/DEBUG] [Chaos Awakens/]: [Currently Translating Block]: block.chaosawakens.fossilized_apple_cow_stone -> Fossilized Apple Cow Stone
[10Jul.2025 12:04:17.576] [main/DEBUG] [Chaos Awakens/]: [Currently Modifying Localized Block]: Fossilized Apple Cow Stone -> Fossilized Apple Cow (Stone)
[10Jul.2025 12:04:17.576] [main/DEBUG] [Chaos Awakens/]: [Currently Translating Block]: block.chaosawakens.fossilized_apple_ent_stone -> Fossilized Apple Ent Stone
[10Jul.2025 12:04:17.576] [main/DEBUG] [Chaos Awakens/]: [Currently Modifying Localized Block]: Fossilized Apple Ent Stone -> Fossilized Apple Ent (Stone)
[10Jul.2025 12:04:17.577] [main/DEBUG] [Chaos Awakens/]: [Currently Translating Block]: block.chaosawakens.fossilized_beaver_stone -> Fossilized Beaver Stone
[10Jul.2025 12:04:17.577] [main/DEBUG] [Chaos Awakens/]: [Currently Modifying Localized Block]: Fossilized Beaver Stone -> Fossilized Beaver (Stone)
[10Jul.2025 12:04:17.577] [main/DEBUG] [Chaos Awakens/]: [Currently Translating Block]: block.chaosawakens.fossilized_birch_ent_stone -> Fossilized Birch Ent Stone
[10Jul.2025 12:04:17.577] [main/DEBUG] [Chaos Awakens/]: [Currently Modifying Localized Block]: Fossilized Birch Ent Stone -> Fossilized Birch Ent (Stone)
[10Jul.2025 12:04:17.577] [main/DEBUG] [Chaos Awakens/]: [Currently Translating Block]: block.chaosawakens.fossilized_bird_stone -> Fossilized Bird Stone
[10Jul.2025 12:04:17.577] [main/DEBUG] [Chaos Awakens/]: [Currently Modifying Localized Block]: Fossilized Bird Stone -> Fossilized Bird (Stone)
[10Jul.2025 12:04:17.577] [main/DEBUG] [Chaos Awakens/]: [Currently Translating Block]: block.chaosawakens.fossilized_carrot_pig_stone -> Fossilized Carrot Pig Stone
[10Jul.2025 12:04:17.577] [main/DEBUG] [Chaos Awakens/]: [Currently Modifying Localized Block]: Fossilized Carrot Pig Stone -> Fossilized Carrot Pig (Stone)
[10Jul.2025 12:04:17.577] [main/DEBUG] [Chaos Awakens/]: [Currently Translating Block]: block.chaosawakens.fossilized_cherry_ent_stone -> Fossilized Cherry Ent Stone
[10Jul.2025 12:04:17.577] [main/DEBUG] [Chaos Awakens/]: [Currently Modifying Localized Block]: Fossilized Cherry Ent Stone -> Fossilized Cherry Ent (Stone)
[10Jul.2025 12:04:17.578] [main/DEBUG] [Chaos Awakens/]: [Currently Translating Block]: block.chaosawakens.fossilized_dark_oak_ent_stone -> Fossilized Dark Oak Ent Stone
[10Jul.2025 12:04:17.578] [main/DEBUG] [Chaos Awakens/]: [Currently Modifying Localized Block]: Fossilized Dark Oak Ent Stone -> Fossilized Dark Oak Ent (Stone)
[10Jul.2025 12:04:17.578] [main/DEBUG] [Chaos Awakens/]: [Currently Translating Block]: block.chaosawakens.fossilized_dimetrodon_stone -> Fossilized Dimetrodon Stone
[10Jul.2025 12:04:17.578] [main/DEBUG] [Chaos Awakens/]: [Currently Modifying Localized Block]: Fossilized Dimetrodon Stone -> Fossilized Dimetrodon (Stone)
[10Jul.2025 12:04:17.578] [main/DEBUG] [Chaos Awakens/]: [Currently Translating Block]: block.chaosawakens.fossilized_emerald_gator_stone -> Fossilized Emerald Gator Stone
[10Jul.2025 12:04:17.578] [main/DEBUG] [Chaos Awakens/]: [Currently Modifying Localized Block]: Fossilized Emerald Gator Stone -> Fossilized Emerald Gator (Stone)
[10Jul.2025 12:04:17.578] [main/DEBUG] [Chaos Awakens/]: [Currently Translating Block]: block.chaosawakens.fossilized_firefly_stone -> Fossilized Firefly Stone
[10Jul.2025 12:04:17.578] [main/DEBUG] [Chaos Awakens/]: [Currently Modifying Localized Block]: Fossilized Firefly Stone -> Fossilized Firefly (Stone)
[10Jul.2025 12:04:17.578] [main/DEBUG] [Chaos Awakens/]: [Currently Translating Block]: block.chaosawakens.fossilized_gazelle_stone -> Fossilized Gazelle Stone
[10Jul.2025 12:04:17.578] [main/DEBUG] [Chaos Awakens/]: [Currently Modifying Localized Block]: Fossilized Gazelle Stone -> Fossilized Gazelle (Stone)
[10Jul.2025 12:04:17.578] [main/DEBUG] [Chaos Awakens/]: [Currently Translating Block]: block.chaosawakens.fossilized_golden_apple_cow_stone -> Fossilized Golden Apple Cow Stone
[10Jul.2025 12:04:17.578] [main/DEBUG] [Chaos Awakens/]: [Currently Modifying Localized Block]: Fossilized Golden Apple Cow Stone -> Fossilized Golden Apple Cow (Stone)
[10Jul.2025 12:04:17.578] [main/DEBUG] [Chaos Awakens/]: [Currently Translating Block]: block.chaosawakens.fossilized_golden_carrot_pig_stone -> Fossilized Golden Carrot Pig Stone
[10Jul.2025 12:04:17.578] [main/DEBUG] [Chaos Awakens/]: [Currently Modifying Localized Block]: Fossilized Golden Carrot Pig Stone -> Fossilized Golden Carrot Pig (Stone)
[10Jul.2025 12:04:17.578] [main/DEBUG] [Chaos Awakens/]: [Currently Translating Block]: block.chaosawakens.fossilized_hercules_beetle_stone -> Fossilized Hercules Beetle Stone
[10Jul.2025 12:04:17.578] [main/DEBUG] [Chaos Awakens/]: [Currently Modifying Localized Block]: Fossilized Hercules Beetle Stone -> Fossilized Hercules Beetle (Stone)
[10Jul.2025 12:04:17.579] [main/DEBUG] [Chaos Awakens/]: [Currently Translating Block]: block.chaosawakens.fossilized_jungle_ent_stone -> Fossilized Jungle Ent Stone
[10Jul.2025 12:04:17.579] [main/DEBUG] [Chaos Awakens/]: [Currently Modifying Localized Block]: Fossilized Jungle Ent Stone -> Fossilized Jungle Ent (Stone)
[10Jul.2025 12:04:17.579] [main/DEBUG] [Chaos Awakens/]: [Currently Translating Block]: block.chaosawakens.fossilized_lettuce_chicken_stone -> Fossilized Lettuce Chicken Stone
[10Jul.2025 12:04:17.579] [main/DEBUG] [Chaos Awakens/]: [Currently Modifying Localized Block]: Fossilized Lettuce Chicken Stone -> Fossilized Lettuce Chicken (Stone)
[10Jul.2025 12:04:17.579] [main/DEBUG] [Chaos Awakens/]: [Currently Translating Block]: block.chaosawakens.fossilized_mantis_stone -> Fossilized Mantis Stone
[10Jul.2025 12:04:17.579] [main/DEBUG] [Chaos Awakens/]: [Currently Modifying Localized Block]: Fossilized Mantis Stone -> Fossilized Mantis (Stone)
[10Jul.2025 12:04:17.579] [main/DEBUG] [Chaos Awakens/]: [Currently Translating Block]: block.chaosawakens.fossilized_mosquito_stone -> Fossilized Mosquito Stone
[10Jul.2025 12:04:17.579] [main/DEBUG] [Chaos Awakens/]: [Currently Modifying Localized Block]: Fossilized Mosquito Stone -> Fossilized Mosquito (Stone)
[10Jul.2025 12:04:17.579] [main/DEBUG] [Chaos Awakens/]: [Currently Translating Block]: block.chaosawakens.fossilized_moth_stone -> Fossilized Moth Stone
[10Jul.2025 12:04:17.579] [main/DEBUG] [Chaos Awakens/]: [Currently Modifying Localized Block]: Fossilized Moth Stone -> Fossilized Moth (Stone)
[10Jul.2025 12:04:17.579] [main/DEBUG] [Chaos Awakens/]: [Currently Translating Block]: block.chaosawakens.fossilized_oak_ent_stone -> Fossilized Oak Ent Stone
[10Jul.2025 12:04:17.579] [main/DEBUG] [Chaos Awakens/]: [Currently Modifying Localized Block]: Fossilized Oak Ent Stone -> Fossilized Oak Ent (Stone)
[10Jul.2025 12:04:17.579] [main/DEBUG] [Chaos Awakens/]: [Currently Translating Block]: block.chaosawakens.fossilized_ostrich_stone -> Fossilized Ostrich Stone
[10Jul.2025 12:04:17.579] [main/DEBUG] [Chaos Awakens/]: [Currently Modifying Localized Block]: Fossilized Ostrich Stone -> Fossilized Ostrich (Stone)
[10Jul.2025 12:04:17.579] [main/DEBUG] [Chaos Awakens/]: [Currently Translating Block]: block.chaosawakens.fossilized_peach_ent_stone -> Fossilized Peach Ent Stone
[10Jul.2025 12:04:17.579] [main/DEBUG] [Chaos Awakens/]: [Currently Modifying Localized Block]: Fossilized Peach Ent Stone -> Fossilized Peach Ent (Stone)
[10Jul.2025 12:04:17.580] [main/DEBUG] [Chaos Awakens/]: [Currently Translating Block]: block.chaosawakens.fossilized_ruby_bug_stone -> Fossilized Ruby Bug Stone
[10Jul.2025 12:04:17.580] [main/DEBUG] [Chaos Awakens/]: [Currently Modifying Localized Block]: Fossilized Ruby Bug Stone -> Fossilized Ruby Bug (Stone)
[10Jul.2025 12:04:17.580] [main/DEBUG] [Chaos Awakens/]: [Currently Translating Block]: block.chaosawakens.fossilized_scorpion_stone -> Fossilized Scorpion Stone
[10Jul.2025 12:04:17.580] [main/DEBUG] [Chaos Awakens/]: [Currently Modifying Localized Block]: Fossilized Scorpion Stone -> Fossilized Scorpion (Stone)
[10Jul.2025 12:04:17.580] [main/DEBUG] [Chaos Awakens/]: [Currently Translating Block]: block.chaosawakens.fossilized_spruce_ent_stone -> Fossilized Spruce Ent Stone
[10Jul.2025 12:04:17.580] [main/DEBUG] [Chaos Awakens/]: [Currently Modifying Localized Block]: Fossilized Spruce Ent Stone -> Fossilized Spruce Ent (Stone)
[10Jul.2025 12:04:17.580] [main/DEBUG] [Chaos Awakens/]: [Currently Translating Block]: block.chaosawakens.fossilized_bat_stone -> Fossilized Bat Stone
[10Jul.2025 12:04:17.580] [main/DEBUG] [Chaos Awakens/]: [Currently Modifying Localized Block]: Fossilized Bat Stone -> Fossilized Bat (Stone)
[10Jul.2025 12:04:17.580] [main/DEBUG] [Chaos Awakens/]: [Currently Translating Block]: block.chaosawakens.fossilized_bee_stone -> Fossilized Bee Stone
[10Jul.2025 12:04:17.580] [main/DEBUG] [Chaos Awakens/]: [Currently Modifying Localized Block]: Fossilized Bee Stone -> Fossilized Bee (Stone)
[10Jul.2025 12:04:17.580] [main/DEBUG] [Chaos Awakens/]: [Currently Translating Block]: block.chaosawakens.fossilized_cat_stone -> Fossilized Cat Stone
[10Jul.2025 12:04:17.580] [main/DEBUG] [Chaos Awakens/]: [Currently Modifying Localized Block]: Fossilized Cat Stone -> Fossilized Cat (Stone)
[10Jul.2025 12:04:17.580] [main/DEBUG] [Chaos Awakens/]: [Currently Translating Block]: block.chaosawakens.fossilized_cave_spider_stone -> Fossilized Cave Spider Stone
[10Jul.2025 12:04:17.580] [main/DEBUG] [Chaos Awakens/]: [Currently Modifying Localized Block]: Fossilized Cave Spider Stone -> Fossilized Cave Spider (Stone)
[10Jul.2025 12:04:17.580] [main/DEBUG] [Chaos Awakens/]: [Currently Translating Block]: block.chaosawakens.fossilized_chicken_stone -> Fossilized Chicken Stone
[10Jul.2025 12:04:17.580] [main/DEBUG] [Chaos Awakens/]: [Currently Modifying Localized Block]: Fossilized Chicken Stone -> Fossilized Chicken (Stone)
[10Jul.2025 12:04:17.581] [main/DEBUG] [Chaos Awakens/]: [Currently Translating Block]: block.chaosawakens.fossilized_cow_stone -> Fossilized Cow Stone
[10Jul.2025 12:04:17.581] [main/DEBUG] [Chaos Awakens/]: [Currently Modifying Localized Block]: Fossilized Cow Stone -> Fossilized Cow (Stone)
[10Jul.2025 12:04:17.581] [main/DEBUG] [Chaos Awakens/]: [Currently Translating Block]: block.chaosawakens.fossilized_creeper_stone -> Fossilized Creeper Stone
[10Jul.2025 12:04:17.581] [main/DEBUG] [Chaos Awakens/]: [Currently Modifying Localized Block]: Fossilized Creeper Stone -> Fossilized Creeper (Stone)
[10Jul.2025 12:04:17.581] [main/DEBUG] [Chaos Awakens/]: [Currently Translating Block]: block.chaosawakens.fossilized_donkey_stone -> Fossilized Donkey Stone
[10Jul.2025 12:04:17.581] [main/DEBUG] [Chaos Awakens/]: [Currently Modifying Localized Block]: Fossilized Donkey Stone -> Fossilized Donkey (Stone)
[10Jul.2025 12:04:17.582] [main/DEBUG] [Chaos Awakens/]: [Currently Translating Block]: block.chaosawakens.fossilized_enderman_stone -> Fossilized Enderman Stone
[10Jul.2025 12:04:17.582] [main/DEBUG] [Chaos Awakens/]: [Currently Modifying Localized Block]: Fossilized Enderman Stone -> Fossilized Enderman (Stone)
[10Jul.2025 12:04:17.582] [main/DEBUG] [Chaos Awakens/]: [Currently Translating Block]: block.chaosawakens.fossilized_evoker_stone -> Fossilized Evoker Stone
[10Jul.2025 12:04:17.582] [main/DEBUG] [Chaos Awakens/]: [Currently Modifying Localized Block]: Fossilized Evoker Stone -> Fossilized Evoker (Stone)
[10Jul.2025 12:04:17.582] [main/DEBUG] [Chaos Awakens/]: [Currently Translating Block]: block.chaosawakens.fossilized_fox_stone -> Fossilized Fox Stone
[10Jul.2025 12:04:17.582] [main/DEBUG] [Chaos Awakens/]: [Currently Modifying Localized Block]: Fossilized Fox Stone -> Fossilized Fox (Stone)
[10Jul.2025 12:04:17.583] [main/DEBUG] [Chaos Awakens/]: [Currently Translating Block]: block.chaosawakens.fossilized_frog_stone -> Fossilized Frog Stone
[10Jul.2025 12:04:17.583] [main/DEBUG] [Chaos Awakens/]: [Currently Modifying Localized Block]: Fossilized Frog Stone -> Fossilized Frog (Stone)
[10Jul.2025 12:04:17.583] [main/DEBUG] [Chaos Awakens/]: [Currently Translating Block]: block.chaosawakens.fossilized_horse_stone -> Fossilized Horse Stone
[10Jul.2025 12:04:17.583] [main/DEBUG] [Chaos Awakens/]: [Currently Modifying Localized Block]: Fossilized Horse Stone -> Fossilized Horse (Stone)
[10Jul.2025 12:04:17.583] [main/DEBUG] [Chaos Awakens/]: [Currently Translating Block]: block.chaosawakens.fossilized_husk_stone_stone -> Fossilized Husk Stone Stone
[10Jul.2025 12:04:17.583] [main/DEBUG] [Chaos Awakens/]: [Currently Modifying Localized Block]: Fossilized Husk Stone Stone -> Fossilized Husk (Stone Stone)
[10Jul.2025 12:04:17.583] [main/DEBUG] [Chaos Awakens/]: [Currently Translating Block]: block.chaosawakens.fossilized_llama_stone -> Fossilized Llama Stone
[10Jul.2025 12:04:17.583] [main/DEBUG] [Chaos Awakens/]: [Currently Modifying Localized Block]: Fossilized Llama Stone -> Fossilized Llama (Stone)
[10Jul.2025 12:04:17.584] [main/DEBUG] [Chaos Awakens/]: [Currently Translating Block]: block.chaosawakens.fossilized_mooshroom_stone -> Fossilized Mooshroom Stone
[10Jul.2025 12:04:17.584] [main/DEBUG] [Chaos Awakens/]: [Currently Modifying Localized Block]: Fossilized Mooshroom Stone -> Fossilized Mooshroom (Stone)
[10Jul.2025 12:04:17.584] [main/DEBUG] [Chaos Awakens/]: [Currently Translating Block]: block.chaosawakens.fossilized_ocelot_stone -> Fossilized Ocelot Stone
[10Jul.2025 12:04:17.584] [main/DEBUG] [Chaos Awakens/]: [Currently Modifying Localized Block]: Fossilized Ocelot Stone -> Fossilized Ocelot (Stone)
[10Jul.2025 12:04:17.584] [main/DEBUG] [Chaos Awakens/]: [Currently Translating Block]: block.chaosawakens.fossilized_panda_stone -> Fossilized Panda Stone
[10Jul.2025 12:04:17.584] [main/DEBUG] [Chaos Awakens/]: [Currently Modifying Localized Block]: Fossilized Panda Stone -> Fossilized Panda (Stone)
[10Jul.2025 12:04:17.584] [main/DEBUG] [Chaos Awakens/]: [Currently Translating Block]: block.chaosawakens.fossilized_parrot_stone -> Fossilized Parrot Stone
[10Jul.2025 12:04:17.584] [main/DEBUG] [Chaos Awakens/]: [Currently Modifying Localized Block]: Fossilized Parrot Stone -> Fossilized Parrot (Stone)
[10Jul.2025 12:04:17.585] [main/DEBUG] [Chaos Awakens/]: [Currently Translating Block]: block.chaosawakens.fossilized_phantom_stone -> Fossilized Phantom Stone
[10Jul.2025 12:04:17.585] [main/DEBUG] [Chaos Awakens/]: [Currently Modifying Localized Block]: Fossilized Phantom Stone -> Fossilized Phantom (Stone)
[10Jul.2025 12:04:17.585] [main/DEBUG] [Chaos Awakens/]: [Currently Translating Block]: block.chaosawakens.fossilized_pig_stone -> Fossilized Pig Stone
[10Jul.2025 12:04:17.585] [main/DEBUG] [Chaos Awakens/]: [Currently Modifying Localized Block]: Fossilized Pig Stone -> Fossilized Pig (Stone)
[10Jul.2025 12:04:17.585] [main/DEBUG] [Chaos Awakens/]: [Currently Translating Block]: block.chaosawakens.fossilized_pillager_stone -> Fossilized Pillager Stone
[10Jul.2025 12:04:17.585] [main/DEBUG] [Chaos Awakens/]: [Currently Modifying Localized Block]: Fossilized Pillager Stone -> Fossilized Pillager (Stone)
[10Jul.2025 12:04:17.585] [main/DEBUG] [Chaos Awakens/]: [Currently Translating Block]: block.chaosawakens.fossilized_polar_bear_stone -> Fossilized Polar Bear Stone
[10Jul.2025 12:04:17.585] [main/DEBUG] [Chaos Awakens/]: [Currently Modifying Localized Block]: Fossilized Polar Bear Stone -> Fossilized Polar Bear (Stone)
[10Jul.2025 12:04:17.586] [main/DEBUG] [Chaos Awakens/]: [Currently Translating Block]: block.chaosawakens.fossilized_rabbit_stone -> Fossilized Rabbit Stone
[10Jul.2025 12:04:17.586] [main/DEBUG] [Chaos Awakens/]: [Currently Modifying Localized Block]: Fossilized Rabbit Stone -> Fossilized Rabbit (Stone)
[10Jul.2025 12:04:17.586] [main/DEBUG] [Chaos Awakens/]: [Currently Translating Block]: block.chaosawakens.fossilized_ravager_stone -> Fossilized Ravager Stone
[10Jul.2025 12:04:17.586] [main/DEBUG] [Chaos Awakens/]: [Currently Modifying Localized Block]: Fossilized Ravager Stone -> Fossilized Ravager (Stone)
[10Jul.2025 12:04:17.586] [main/DEBUG] [Chaos Awakens/]: [Currently Translating Block]: block.chaosawakens.fossilized_sheep_stone -> Fossilized Sheep Stone
[10Jul.2025 12:04:17.586] [main/DEBUG] [Chaos Awakens/]: [Currently Modifying Localized Block]: Fossilized Sheep Stone -> Fossilized Sheep (Stone)
[10Jul.2025 12:04:17.586] [main/DEBUG] [Chaos Awakens/]: [Currently Translating Block]: block.chaosawakens.fossilized_skeleton_stone -> Fossilized Skeleton Stone
[10Jul.2025 12:04:17.586] [main/DEBUG] [Chaos Awakens/]: [Currently Modifying Localized Block]: Fossilized Skeleton Stone -> Fossilized Skeleton (Stone)
[10Jul.2025 12:04:17.587] [main/DEBUG] [Chaos Awakens/]: [Currently Translating Block]: block.chaosawakens.fossilized_skeleton_horse_stone -> Fossilized Skeleton Horse Stone
[10Jul.2025 12:04:17.587] [main/DEBUG] [Chaos Awakens/]: [Currently Modifying Localized Block]: Fossilized Skeleton Horse Stone -> Fossilized Skeleton Horse (Stone)
[10Jul.2025 12:04:17.587] [main/DEBUG] [Chaos Awakens/]: [Currently Translating Block]: block.chaosawakens.fossilized_slime_stone -> Fossilized Slime Stone
[10Jul.2025 12:04:17.587] [main/DEBUG] [Chaos Awakens/]: [Currently Modifying Localized Block]: Fossilized Slime Stone -> Fossilized Slime (Stone)
[10Jul.2025 12:04:17.587] [main/DEBUG] [Chaos Awakens/]: [Currently Translating Block]: block.chaosawakens.fossilized_spider_stone -> Fossilized Spider Stone
[10Jul.2025 12:04:17.587] [main/DEBUG] [Chaos Awakens/]: [Currently Modifying Localized Block]: Fossilized Spider Stone -> Fossilized Spider (Stone)
[10Jul.2025 12:04:17.587] [main/DEBUG] [Chaos Awakens/]: [Currently Translating Block]: block.chaosawakens.fossilized_villager_stone -> Fossilized Villager Stone
[10Jul.2025 12:04:17.587] [main/DEBUG] [Chaos Awakens/]: [Currently Modifying Localized Block]: Fossilized Villager Stone -> Fossilized Villager (Stone)
[10Jul.2025 12:04:17.587] [main/DEBUG] [Chaos Awakens/]: [Currently Translating Block]: block.chaosawakens.fossilized_vindicator_stone -> Fossilized Vindicator Stone
[10Jul.2025 12:04:17.587] [main/DEBUG] [Chaos Awakens/]: [Currently Modifying Localized Block]: Fossilized Vindicator Stone -> Fossilized Vindicator (Stone)
[10Jul.2025 12:04:17.587] [main/DEBUG] [Chaos Awakens/]: [Currently Translating Block]: block.chaosawakens.fossilized_wandering_trader_stone -> Fossilized Wandering Trader Stone
[10Jul.2025 12:04:17.588] [main/DEBUG] [Chaos Awakens/]: [Currently Modifying Localized Block]: Fossilized Wandering Trader Stone -> Fossilized Wandering Trader (Stone)
[10Jul.2025 12:04:17.588] [main/DEBUG] [Chaos Awakens/]: [Currently Translating Block]: block.chaosawakens.fossilized_wasp_stone -> Fossilized Wasp Stone
[10Jul.2025 12:04:17.588] [main/DEBUG] [Chaos Awakens/]: [Currently Modifying Localized Block]: Fossilized Wasp Stone -> Fossilized Wasp (Stone)
[10Jul.2025 12:04:17.588] [main/DEBUG] [Chaos Awakens/]: [Currently Translating Block]: block.chaosawakens.fossilized_witch_stone -> Fossilized Witch Stone
[10Jul.2025 12:04:17.588] [main/DEBUG] [Chaos Awakens/]: [Currently Modifying Localized Block]: Fossilized Witch Stone -> Fossilized Witch (Stone)
[10Jul.2025 12:04:17.588] [main/DEBUG] [Chaos Awakens/]: [Currently Translating Block]: block.chaosawakens.fossilized_wolf_stone -> Fossilized Wolf Stone
[10Jul.2025 12:04:17.588] [main/DEBUG] [Chaos Awakens/]: [Currently Modifying Localized Block]: Fossilized Wolf Stone -> Fossilized Wolf (Stone)
[10Jul.2025 12:04:17.588] [main/DEBUG] [Chaos Awakens/]: [Currently Translating Block]: block.chaosawakens.fossilized_zombie_stone -> Fossilized Zombie Stone
[10Jul.2025 12:04:17.588] [main/DEBUG] [Chaos Awakens/]: [Currently Modifying Localized Block]: Fossilized Zombie Stone -> Fossilized Zombie (Stone)
[10Jul.2025 12:04:17.589] [main/DEBUG] [Chaos Awakens/]: [Currently Translating Block]: block.chaosawakens.fossilized_zombie_horse_stone -> Fossilized Zombie Horse Stone
[10Jul.2025 12:04:17.589] [main/DEBUG] [Chaos Awakens/]: [Currently Modifying Localized Block]: Fossilized Zombie Horse Stone -> Fossilized Zombie Horse (Stone)
[10Jul.2025 12:04:17.589] [main/DEBUG] [Chaos Awakens/]: [Currently Translating Block]: block.chaosawakens.fossilized_zombie_villager_stone -> Fossilized Zombie Villager Stone
[10Jul.2025 12:04:17.589] [main/DEBUG] [Chaos Awakens/]: [Currently Modifying Localized Block]: Fossilized Zombie Villager Stone -> Fossilized Zombie Villager (Stone)
[10Jul.2025 12:04:17.589] [main/DEBUG] [Chaos Awakens/]: [Currently Translating Block]: block.chaosawakens.fossilized_warden_deepslate -> Fossilized Warden Deepslate
[10Jul.2025 12:04:17.589] [main/DEBUG] [Chaos Awakens/]: [Currently Modifying Localized Block]: Fossilized Warden Deepslate -> Fossilized Warden (Deepslate)
[10Jul.2025 12:04:17.589] [main/DEBUG] [Chaos Awakens/]: [Currently Translating Creative Mode Tab]: creativemodetab.chaosawakens.chaos_awakens_blocks -> Chaos Awakens Blocks
[10Jul.2025 12:04:17.592] [main/DEBUG] [Chaos Awakens/]: [Inserted Manual String]: Chaos Awakens Blocks -> Chaos Awakens: Blocks
[10Jul.2025 12:04:17.592] [main/DEBUG] [Chaos Awakens/]: [Currently Translating Creative Mode Tab]: creativemodetab.chaosawakens.chaos_awakens_fossils -> Chaos Awakens Fossils
[10Jul.2025 12:04:17.592] [main/DEBUG] [Chaos Awakens/]: [Inserted Manual String]: Chaos Awakens Fossils -> Chaos Awakens: Fossils
[10Jul.2025 12:04:17.592] [main/DEBUG] [Chaos Awakens/]: [Currently Translating Creative Mode Tab]: creativemodetab.chaosawakens.chaos_awakens_items -> Chaos Awakens Items
[10Jul.2025 12:04:17.592] [main/DEBUG] [Chaos Awakens/]: [Inserted Manual String]: Chaos Awakens Items -> Chaos Awakens: Items
[10Jul.2025 12:04:17.592] [main/DEBUG] [Chaos Awakens/]: [Currently Translating Creative Mode Tab]: creativemodetab.chaosawakens.chaos_awakens_food -> Chaos Awakens Food
[10Jul.2025 12:04:17.592] [main/DEBUG] [Chaos Awakens/]: [Inserted Manual String]: Chaos Awakens Food -> Chaos Awakens: Food
[10Jul.2025 12:04:17.592] [main/DEBUG] [Chaos Awakens/]: [Currently Adding Damage Type Description]: death.attack.thorny_sun -> %1$s was pricked to death by a Thorny Sun
[10Jul.2025 12:04:17.592] [main/DEBUG] [Chaos Awakens/]: [Currently Adding Damage Type Description]: death.attack.big_carnivorous_plant -> %1$s was bitten to death by a Big Carnivorous Plant
[10Jul.2025 12:04:17.593] [main/DEBUG] [Chaos Awakens/]: [Currently Translating EntityType]: entity.chaosawakens.apple_cow -> Apple Cow
[10Jul.2025 12:04:17.593] [main/DEBUG] [Chaos Awakens/]: [Currently Translating EntityType]: entity.chaosawakens.golden_apple_cow -> Golden Apple Cow
[10Jul.2025 12:04:17.593] [main/DEBUG] [Chaos Awakens/]: [Currently Translating EntityType]: entity.chaosawakens.enchanted_golden_apple_cow -> Enchanted Golden Apple Cow
[10Jul.2025 12:04:17.593] [main/DEBUG] [Chaos Awakens/]: [Currently Translating EntityType]: entity.chaosawakens.carrot_pig -> Carrot Pig
[10Jul.2025 12:04:17.593] [main/DEBUG] [Chaos Awakens/]: [Currently Translating EntityType]: entity.chaosawakens.golden_carrot_pig -> Golden Carrot Pig
[10Jul.2025 12:04:17.593] [main/DEBUG] [Chaos Awakens/]: [Currently Translating EntityType]: entity.chaosawakens.enchanted_golden_carrot_pig -> Enchanted Golden Carrot Pig
[10Jul.2025 12:04:17.593] [main/DEBUG] [Chaos Awakens/]: [Currently Translating EntityType]: entity.chaosawakens.lettuce_chicken -> Lettuce Chicken
[10Jul.2025 12:04:17.593] [main/DEBUG] [Chaos Awakens/]: [Currently Translating EntityType]: entity.chaosawakens.stink_bug -> Stink Bug
[10Jul.2025 12:04:17.593] [main/DEBUG] [Chaos Awakens/]: [Currently Translating EntityType]: entity.chaosawakens.robo_pounder -> Robo Pounder
[10Jul.2025 12:04:17.593] [main/DEBUG] [Chaos Awakens/]: [Currently Translating Item]: item.chaosawakens.butter -> Butter
[10Jul.2025 12:04:17.593] [main/DEBUG] [Chaos Awakens/]: [Currently Translating Item]: item.chaosawakens.cheese -> Cheese
[10Jul.2025 12:04:17.593] [main/DEBUG] [Chaos Awakens/]: [Currently Translating Item]: item.chaosawakens.raw_bacon -> Raw Bacon
[10Jul.2025 12:04:17.593] [main/DEBUG] [Chaos Awakens/]: [Currently Translating Item]: item.chaosawakens.cooked_bacon -> Cooked Bacon
[10Jul.2025 12:04:17.593] [main/DEBUG] [Chaos Awakens/]: [Currently Translating Item]: item.chaosawakens.raw_corndog -> Raw Corndog
[10Jul.2025 12:04:17.593] [main/DEBUG] [Chaos Awakens/]: [Currently Translating Item]: item.chaosawakens.cooked_corndog -> Cooked Corndog
[10Jul.2025 12:04:17.593] [main/DEBUG] [Chaos Awakens/]: [Currently Translating Item]: item.chaosawakens.raw_crab_meat -> Raw Crab Meat
[10Jul.2025 12:04:17.594] [main/DEBUG] [Chaos Awakens/]: [Currently Translating Item]: item.chaosawakens.cooked_crab_meat -> Cooked Crab Meat
[10Jul.2025 12:04:17.594] [main/DEBUG] [Chaos Awakens/]: [Currently Translating Item]: item.chaosawakens.raw_peacock_leg -> Raw Peacock Leg
[10Jul.2025 12:04:17.594] [main/DEBUG] [Chaos Awakens/]: [Currently Translating Item]: item.chaosawakens.cooked_peacock_leg -> Cooked Peacock Leg
[10Jul.2025 12:04:17.594] [main/DEBUG] [Chaos Awakens/]: [Currently Translating Item]: item.chaosawakens.raw_venison -> Raw Venison
[10Jul.2025 12:04:17.594] [main/DEBUG] [Chaos Awakens/]: [Currently Translating Item]: item.chaosawakens.cooked_venison -> Cooked Venison
[10Jul.2025 12:04:17.594] [main/DEBUG] [Chaos Awakens/]: [Currently Translating Item]: item.chaosawakens.blue_fish -> Blue Fish
[10Jul.2025 12:04:17.594] [main/DEBUG] [Chaos Awakens/]: [Currently Translating Item]: item.chaosawakens.fire_fish -> Fire Fish
[10Jul.2025 12:04:17.594] [main/DEBUG] [Chaos Awakens/]: [Currently Translating Item]: item.chaosawakens.gray_fish -> Gray Fish
[10Jul.2025 12:04:17.594] [main/DEBUG] [Chaos Awakens/]: [Currently Translating Item]: item.chaosawakens.green_fish -> Green Fish
[10Jul.2025 12:04:17.594] [main/DEBUG] [Chaos Awakens/]: [Currently Translating Item]: item.chaosawakens.lava_eel -> Lava Eel
[10Jul.2025 12:04:17.594] [main/DEBUG] [Chaos Awakens/]: [Currently Translating Item]: item.chaosawakens.pink_fish -> Pink Fish
[10Jul.2025 12:04:17.594] [main/DEBUG] [Chaos Awakens/]: [Currently Translating Item]: item.chaosawakens.rock_fish -> Rock Fish
[10Jul.2025 12:04:17.594] [main/DEBUG] [Chaos Awakens/]: [Currently Translating Item]: item.chaosawakens.spark_fish -> Spark Fish
[10Jul.2025 12:04:17.594] [main/DEBUG] [Chaos Awakens/]: [Currently Translating Item]: item.chaosawakens.sun_fish -> Sun Fish
[10Jul.2025 12:04:17.594] [main/DEBUG] [Chaos Awakens/]: [Currently Translating Item]: item.chaosawakens.wood_fish -> Wood Fish
[10Jul.2025 12:04:17.594] [main/DEBUG] [Chaos Awakens/]: [Currently Translating Item]: item.chaosawakens.cherries -> Cherries
[10Jul.2025 12:04:17.594] [main/DEBUG] [Chaos Awakens/]: [Currently Translating Item]: item.chaosawakens.corn -> Corn
[10Jul.2025 12:04:17.595] [main/DEBUG] [Chaos Awakens/]: [Currently Translating Item]: item.chaosawakens.lettuce -> Lettuce
[10Jul.2025 12:04:17.595] [main/DEBUG] [Chaos Awakens/]: [Currently Translating Item]: item.chaosawakens.peach -> Peach
[10Jul.2025 12:04:17.595] [main/DEBUG] [Chaos Awakens/]: [Currently Translating Item]: item.chaosawakens.quinoa -> Quinoa
[10Jul.2025 12:04:17.595] [main/DEBUG] [Chaos Awakens/]: [Currently Translating Item]: item.chaosawakens.radish -> Radish
[10Jul.2025 12:04:17.595] [main/DEBUG] [Chaos Awakens/]: [Currently Translating Item]: item.chaosawakens.strawberry -> Strawberry
[10Jul.2025 12:04:17.595] [main/DEBUG] [Chaos Awakens/]: [Currently Translating Item]: item.chaosawakens.tomato -> Tomato
[10Jul.2025 12:04:17.595] [main/DEBUG] [Chaos Awakens/]: [Currently Translating Item]: item.chaosawakens.crystal_apple -> Crystal Apple
[10Jul.2025 12:04:17.595] [main/DEBUG] [Chaos Awakens/]: [Currently Translating Item]: item.chaosawakens.crystal_beetroot -> Crystal Beetroot
[10Jul.2025 12:04:17.595] [main/DEBUG] [Chaos Awakens/]: [Currently Translating Item]: item.chaosawakens.crystal_carrot -> Crystal Carrot
[10Jul.2025 12:04:17.595] [main/DEBUG] [Chaos Awakens/]: [Currently Translating Item]: item.chaosawakens.crystal_potato -> Crystal Potato
[10Jul.2025 12:04:17.595] [main/DEBUG] [Chaos Awakens/]: [Currently Translating Item]: item.chaosawakens.butter_candy -> Butter Candy
[10Jul.2025 12:04:17.595] [main/DEBUG] [Chaos Awakens/]: [Currently Translating Item]: item.chaosawakens.candycane -> Candycane
[10Jul.2025 12:04:17.595] [main/DEBUG] [Chaos Awakens/]: [Currently Translating Item]: item.chaosawakens.blt_sandwich -> Blt Sandwich
[10Jul.2025 12:04:17.595] [main/DEBUG] [Chaos Awakens/]: [Currently Translating Item]: item.chaosawakens.garden_salad -> Garden Salad
[10Jul.2025 12:04:17.595] [main/DEBUG] [Chaos Awakens/]: [Currently Translating Item]: item.chaosawakens.quinoa_salad -> Quinoa Salad
[10Jul.2025 12:04:17.595] [main/DEBUG] [Chaos Awakens/]: [Currently Translating Item]: item.chaosawakens.radish_stew -> Radish Stew
[10Jul.2025 12:04:17.595] [main/DEBUG] [Chaos Awakens/]: [Currently Translating Item]: item.chaosawakens.seafood_patty -> Seafood Patty
[10Jul.2025 12:04:17.595] [main/DEBUG] [Chaos Awakens/]: [Currently Translating Item]: item.chaosawakens.golden_melon_slice -> Golden Melon Slice
[10Jul.2025 12:04:17.596] [main/DEBUG] [Chaos Awakens/]: [Currently Translating Item]: item.chaosawakens.golden_beetroot -> Golden Beetroot
[10Jul.2025 12:04:17.596] [main/DEBUG] [Chaos Awakens/]: [Currently Translating Item]: item.chaosawakens.golden_potato -> Golden Potato
[10Jul.2025 12:04:17.596] [main/DEBUG] [Chaos Awakens/]: [Currently Translating Item]: item.chaosawakens.baked_golden_potato -> Baked Golden Potato
[10Jul.2025 12:04:17.596] [main/DEBUG] [Chaos Awakens/]: [Currently Translating Item]: item.chaosawakens.enchanted_golden_carrot -> Enchanted Golden Carrot
[10Jul.2025 12:04:17.596] [main/DEBUG] [Chaos Awakens/]: [Currently Translating Item]: item.chaosawakens.ultimate_apple -> Ultimate Apple
[10Jul.2025 12:04:17.596] [main/DEBUG] [Chaos Awakens/]: [Currently Translating Item]: item.chaosawakens.salt -> Salt
[10Jul.2025 12:04:17.596] [main/DEBUG] [Chaos Awakens/]: [Currently Translating Item]: item.chaosawakens.beetroot_on_a_stick -> Beetroot On A Stick
[10Jul.2025 12:04:17.596] [main/DEBUG] [Chaos Awakens/]: [Currently Translating Item]: item.chaosawakens.golden_beetroot_on_a_stick -> Golden Beetroot On A Stick
[10Jul.2025 12:04:17.596] [main/DEBUG] [Chaos Awakens/]: [Currently Translating Item]: item.chaosawakens.kunzite -> Kunzite
[10Jul.2025 12:04:17.596] [main/DEBUG] [Chaos Awakens/]: [Currently Translating Item]: item.chaosawakens.ruby -> Ruby
[10Jul.2025 12:04:17.596] [main/DEBUG] [Chaos Awakens/]: [Currently Translating Item]: item.chaosawakens.titanium_nugget -> Titanium Nugget
[10Jul.2025 12:04:17.596] [main/DEBUG] [Chaos Awakens/]: [Currently Translating Item]: item.chaosawakens.uranium_nugget -> Uranium Nugget
[10Jul.2025 12:04:17.596] [main/DEBUG] [Chaos Awakens/]: [Currently Translating Item]: item.chaosawakens.titanium_ingot -> Titanium Ingot
[10Jul.2025 12:04:17.596] [main/DEBUG] [Chaos Awakens/]: [Currently Translating Item]: item.chaosawakens.uranium_ingot -> Uranium Ingot
[10Jul.2025 12:04:17.596] [main/DEBUG] [Chaos Awakens/]: [Currently Translating Item]: item.chaosawakens.wasp_stinger -> Wasp Stinger
[10Jul.2025 12:04:17.596] [main/DEBUG] [Chaos Awakens/]: [Currently Translating Item]: item.chaosawakens.basilisk_scale -> Basilisk Scale
[10Jul.2025 12:04:17.596] [main/DEBUG] [Chaos Awakens/]: [Currently Translating Item]: item.chaosawakens.dead_stink_bug -> Dead Stink Bug
[10Jul.2025 12:04:17.596] [main/DEBUG] [Chaos Awakens/]: [Currently Translating Item]: item.chaosawakens.emperor_scorpion_scale -> Emperor Scorpion Scale
[10Jul.2025 12:04:17.597] [main/DEBUG] [Chaos Awakens/]: [Currently Translating Item]: item.chaosawakens.ender_dragon_scale -> Ender Dragon Scale
[10Jul.2025 12:04:17.597] [main/DEBUG] [Chaos Awakens/]: [Currently Translating Item]: item.chaosawakens.moth_scale -> Moth Scale
[10Jul.2025 12:04:17.597] [main/DEBUG] [Chaos Awakens/]: [Currently Translating Item]: item.chaosawakens.nightmare_scale -> Nightmare Scale
[10Jul.2025 12:04:17.597] [main/DEBUG] [Chaos Awakens/]: [Currently Translating Item]: item.chaosawakens.sea_viper_tongue -> Sea Viper Tongue
[10Jul.2025 12:04:17.597] [main/DEBUG] [Chaos Awakens/]: [Currently Translating Item]: item.chaosawakens.triffid_goo -> Triffid Goo
[10Jul.2025 12:04:17.597] [main/DEBUG] [Chaos Awakens/]: [Currently Translating Item]: item.chaosawakens.vortex_eye -> Vortex Eye
[10Jul.2025 12:04:17.597] [main/DEBUG] [Chaos Awakens/]: [Currently Translating Item]: item.chaosawakens.water_dragon_scale -> Water Dragon Scale
[10Jul.2025 12:04:17.597] [main/DEBUG] [Chaos Awakens/]: [Currently Translating Item]: item.chaosawakens.worm_tooth -> Worm Tooth
[10Jul.2025 12:04:17.597] [main/DEBUG] [Chaos Awakens/]: [Currently Translating Item]: item.chaosawakens.mobzilla_scale -> Mobzilla Scale
[10Jul.2025 12:04:17.597] [main/DEBUG] [Chaos Awakens/]: [Currently Translating Item]: item.chaosawakens.royal_guardian_scale -> Royal Guardian Scale
[10Jul.2025 12:04:17.597] [main/DEBUG] [Chaos Awakens/]: [Currently Translating Item]: item.chaosawakens.queen_scale -> Queen Scale
[10Jul.2025 12:04:17.597] [main/DEBUG] [Chaos Awakens/]: [Currently Translating Item]: item.chaosawakens.jeffery_core -> Jeffery Core
[10Jul.2025 12:04:17.597] [main/DEBUG] [Chaos Awakens/]: [Currently Translating Item]: item.chaosawakens.big_bertha_blade -> Big Bertha Blade
[10Jul.2025 12:04:17.597] [main/DEBUG] [Chaos Awakens/]: [Currently Translating Item]: item.chaosawakens.big_bertha_guard -> Big Bertha Guard
[10Jul.2025 12:04:17.597] [main/DEBUG] [Chaos Awakens/]: [Currently Translating Item]: item.chaosawakens.big_bertha_handle -> Big Bertha Handle
[10Jul.2025 12:04:17.597] [main/DEBUG] [Chaos Awakens/]: [Currently Translating Item]: item.chaosawakens.miners_dream -> Miners Dream
[10Jul.2025 12:04:17.597] [main/DEBUG] [Chaos Awakens/]: [Currently Translating Item]: item.chaosawakens.critter_cage -> Critter Cage
[10Jul.2025 12:04:17.603] [main/INFO] [net.minecraft.data.DataGenerator/]: Chaos Awakens: Language Provider (en_us) finished after 66 ms
[10Jul.2025 12:04:17.603] [main/INFO] [net.minecraft.data.DataGenerator/]: Starting provider: Chaos Awakens: Item Models
[10Jul.2025 12:04:17.818] [main/DEBUG] [Chaos Awakens/]: [Setting Item Model]: item.chaosawakens.butter
[10Jul.2025 12:04:17.821] [main/DEBUG] [Chaos Awakens/]: [Setting Item Model]: item.chaosawakens.cheese
[10Jul.2025 12:04:17.821] [main/DEBUG] [Chaos Awakens/]: [Setting Item Model]: item.chaosawakens.raw_bacon
[10Jul.2025 12:04:17.821] [main/DEBUG] [Chaos Awakens/]: [Setting Item Model]: item.chaosawakens.cooked_bacon
[10Jul.2025 12:04:17.821] [main/DEBUG] [Chaos Awakens/]: [Setting Item Model]: item.chaosawakens.raw_corndog
[10Jul.2025 12:04:17.823] [main/DEBUG] [Chaos Awakens/]: [Setting Item Model]: item.chaosawakens.cooked_corndog
[10Jul.2025 12:04:17.823] [main/DEBUG] [Chaos Awakens/]: [Setting Item Model]: item.chaosawakens.raw_crab_meat
[10Jul.2025 12:04:17.823] [main/DEBUG] [Chaos Awakens/]: [Setting Item Model]: item.chaosawakens.cooked_crab_meat
[10Jul.2025 12:04:17.824] [main/DEBUG] [Chaos Awakens/]: [Setting Item Model]: item.chaosawakens.raw_peacock_leg
[10Jul.2025 12:04:17.824] [main/DEBUG] [Chaos Awakens/]: [Setting Item Model]: item.chaosawakens.cooked_peacock_leg
[10Jul.2025 12:04:17.824] [main/DEBUG] [Chaos Awakens/]: [Setting Item Model]: item.chaosawakens.raw_venison
[10Jul.2025 12:04:17.824] [main/DEBUG] [Chaos Awakens/]: [Setting Item Model]: item.chaosawakens.cooked_venison
[10Jul.2025 12:04:17.825] [main/DEBUG] [Chaos Awakens/]: [Setting Item Model]: item.chaosawakens.blue_fish
[10Jul.2025 12:04:17.825] [main/DEBUG] [Chaos Awakens/]: [Setting Item Model]: item.chaosawakens.fire_fish
[10Jul.2025 12:04:17.825] [main/DEBUG] [Chaos Awakens/]: [Setting Item Model]: item.chaosawakens.gray_fish
[10Jul.2025 12:04:17.826] [main/DEBUG] [Chaos Awakens/]: [Setting Item Model]: item.chaosawakens.green_fish
[10Jul.2025 12:04:17.826] [main/DEBUG] [Chaos Awakens/]: [Setting Item Model]: item.chaosawakens.lava_eel
[10Jul.2025 12:04:17.827] [main/DEBUG] [Chaos Awakens/]: [Setting Item Model]: item.chaosawakens.pink_fish
[10Jul.2025 12:04:17.827] [main/DEBUG] [Chaos Awakens/]: [Setting Item Model]: item.chaosawakens.rock_fish
[10Jul.2025 12:04:17.827] [main/DEBUG] [Chaos Awakens/]: [Setting Item Model]: item.chaosawakens.spark_fish
[10Jul.2025 12:04:17.827] [main/DEBUG] [Chaos Awakens/]: [Setting Item Model]: item.chaosawakens.sun_fish
[10Jul.2025 12:04:17.828] [main/DEBUG] [Chaos Awakens/]: [Setting Item Model]: item.chaosawakens.wood_fish
[10Jul.2025 12:04:17.828] [main/DEBUG] [Chaos Awakens/]: [Setting Item Model]: item.chaosawakens.cherries
[10Jul.2025 12:04:17.828] [main/DEBUG] [Chaos Awakens/]: [Setting Item Model]: item.chaosawakens.corn
[10Jul.2025 12:04:17.828] [main/DEBUG] [Chaos Awakens/]: [Setting Item Model]: item.chaosawakens.lettuce
[10Jul.2025 12:04:17.828] [main/DEBUG] [Chaos Awakens/]: [Setting Item Model]: item.chaosawakens.peach
[10Jul.2025 12:04:17.829] [main/DEBUG] [Chaos Awakens/]: [Setting Item Model]: item.chaosawakens.quinoa
[10Jul.2025 12:04:17.829] [main/DEBUG] [Chaos Awakens/]: [Setting Item Model]: item.chaosawakens.radish
[10Jul.2025 12:04:17.829] [main/DEBUG] [Chaos Awakens/]: [Setting Item Model]: item.chaosawakens.strawberry
[10Jul.2025 12:04:17.829] [main/DEBUG] [Chaos Awakens/]: [Setting Item Model]: item.chaosawakens.tomato
[10Jul.2025 12:04:17.829] [main/DEBUG] [Chaos Awakens/]: [Setting Item Model]: item.chaosawakens.crystal_apple
[10Jul.2025 12:04:17.829] [main/DEBUG] [Chaos Awakens/]: [Setting Item Model]: item.chaosawakens.crystal_beetroot
[10Jul.2025 12:04:17.829] [main/DEBUG] [Chaos Awakens/]: [Setting Item Model]: item.chaosawakens.crystal_carrot
[10Jul.2025 12:04:17.830] [main/DEBUG] [Chaos Awakens/]: [Setting Item Model]: item.chaosawakens.crystal_potato
[10Jul.2025 12:04:17.830] [main/DEBUG] [Chaos Awakens/]: [Setting Item Model]: item.chaosawakens.butter_candy
[10Jul.2025 12:04:17.830] [main/DEBUG] [Chaos Awakens/]: [Setting Item Model]: item.chaosawakens.candycane
[10Jul.2025 12:04:17.830] [main/DEBUG] [Chaos Awakens/]: [Setting Item Model]: item.chaosawakens.blt_sandwich
[10Jul.2025 12:04:17.830] [main/DEBUG] [Chaos Awakens/]: [Setting Item Model]: item.chaosawakens.garden_salad
[10Jul.2025 12:04:17.831] [main/DEBUG] [Chaos Awakens/]: [Setting Item Model]: item.chaosawakens.quinoa_salad
[10Jul.2025 12:04:17.831] [main/DEBUG] [Chaos Awakens/]: [Setting Item Model]: item.chaosawakens.radish_stew
[10Jul.2025 12:04:17.831] [main/DEBUG] [Chaos Awakens/]: [Setting Item Model]: item.chaosawakens.seafood_patty
[10Jul.2025 12:04:17.832] [main/DEBUG] [Chaos Awakens/]: [Setting Item Model]: item.chaosawakens.golden_melon_slice
[10Jul.2025 12:04:17.832] [main/DEBUG] [Chaos Awakens/]: [Setting Item Model]: item.chaosawakens.golden_beetroot
[10Jul.2025 12:04:17.832] [main/DEBUG] [Chaos Awakens/]: [Setting Item Model]: item.chaosawakens.golden_potato
[10Jul.2025 12:04:17.832] [main/DEBUG] [Chaos Awakens/]: [Setting Item Model]: item.chaosawakens.baked_golden_potato
[10Jul.2025 12:04:17.833] [main/DEBUG] [Chaos Awakens/]: [Setting Item Model]: item.chaosawakens.enchanted_golden_carrot
[10Jul.2025 12:04:17.833] [main/DEBUG] [Chaos Awakens/]: [Setting Item Model]: item.chaosawakens.ultimate_apple
[10Jul.2025 12:04:17.833] [main/DEBUG] [Chaos Awakens/]: [Setting Item Model]: item.chaosawakens.salt
[10Jul.2025 12:04:17.833] [main/DEBUG] [Chaos Awakens/]: [Setting Item Model]: item.chaosawakens.beetroot_on_a_stick
[10Jul.2025 12:04:17.833] [main/DEBUG] [Chaos Awakens/]: [Setting Item Model]: item.chaosawakens.golden_beetroot_on_a_stick
[10Jul.2025 12:04:17.833] [main/DEBUG] [Chaos Awakens/]: [Setting Item Model]: item.chaosawakens.kunzite
[10Jul.2025 12:04:17.833] [main/DEBUG] [Chaos Awakens/]: [Setting Item Model]: item.chaosawakens.ruby
[10Jul.2025 12:04:17.833] [main/DEBUG] [Chaos Awakens/]: [Setting Item Model]: item.chaosawakens.titanium_nugget
[10Jul.2025 12:04:17.835] [main/DEBUG] [Chaos Awakens/]: [Setting Item Model]: item.chaosawakens.uranium_nugget
[10Jul.2025 12:04:17.835] [main/DEBUG] [Chaos Awakens/]: [Setting Item Model]: item.chaosawakens.titanium_ingot
[10Jul.2025 12:04:17.835] [main/DEBUG] [Chaos Awakens/]: [Setting Item Model]: item.chaosawakens.uranium_ingot
[10Jul.2025 12:04:17.835] [main/DEBUG] [Chaos Awakens/]: [Setting Item Model]: item.chaosawakens.wasp_stinger
[10Jul.2025 12:04:17.835] [main/DEBUG] [Chaos Awakens/]: [Setting Item Model]: item.chaosawakens.basilisk_scale
[10Jul.2025 12:04:17.836] [main/DEBUG] [Chaos Awakens/]: [Setting Item Model]: item.chaosawakens.dead_stink_bug
[10Jul.2025 12:04:17.836] [main/DEBUG] [Chaos Awakens/]: [Setting Item Model]: item.chaosawakens.emperor_scorpion_scale
[10Jul.2025 12:04:17.836] [main/DEBUG] [Chaos Awakens/]: [Setting Item Model]: item.chaosawakens.ender_dragon_scale
[10Jul.2025 12:04:17.836] [main/DEBUG] [Chaos Awakens/]: [Setting Item Model]: item.chaosawakens.moth_scale
[10Jul.2025 12:04:17.837] [main/DEBUG] [Chaos Awakens/]: [Setting Item Model]: item.chaosawakens.nightmare_scale
[10Jul.2025 12:04:17.837] [main/DEBUG] [Chaos Awakens/]: [Setting Item Model]: item.chaosawakens.sea_viper_tongue
[10Jul.2025 12:04:17.837] [main/DEBUG] [Chaos Awakens/]: [Setting Item Model]: item.chaosawakens.triffid_goo
[10Jul.2025 12:04:17.837] [main/DEBUG] [Chaos Awakens/]: [Setting Item Model]: item.chaosawakens.vortex_eye
[10Jul.2025 12:04:17.838] [main/DEBUG] [Chaos Awakens/]: [Setting Item Model]: item.chaosawakens.water_dragon_scale
[10Jul.2025 12:04:17.838] [main/DEBUG] [Chaos Awakens/]: [Setting Item Model]: item.chaosawakens.worm_tooth
[10Jul.2025 12:04:17.838] [main/DEBUG] [Chaos Awakens/]: [Setting Item Model]: item.chaosawakens.mobzilla_scale
[10Jul.2025 12:04:17.838] [main/DEBUG] [Chaos Awakens/]: [Setting Item Model]: item.chaosawakens.royal_guardian_scale
[10Jul.2025 12:04:17.838] [main/DEBUG] [Chaos Awakens/]: [Setting Item Model]: item.chaosawakens.queen_scale
[10Jul.2025 12:04:17.839] [main/DEBUG] [Chaos Awakens/]: [Setting Item Model]: item.chaosawakens.jeffery_core
[10Jul.2025 12:04:17.839] [main/DEBUG] [Chaos Awakens/]: [Setting Item Model]: item.chaosawakens.big_bertha_blade
[10Jul.2025 12:04:17.839] [main/DEBUG] [Chaos Awakens/]: [Setting Item Model]: item.chaosawakens.big_bertha_guard
[10Jul.2025 12:04:17.839] [main/DEBUG] [Chaos Awakens/]: [Setting Item Model]: item.chaosawakens.big_bertha_handle
[10Jul.2025 12:04:17.839] [main/DEBUG] [Chaos Awakens/]: [Setting Item Model]: item.chaosawakens.miners_dream
[10Jul.2025 12:04:17.839] [main/DEBUG] [Chaos Awakens/]: [Setting Item Model]: item.chaosawakens.critter_cage
[10Jul.2025 12:04:17.856] [main/INFO] [net.minecraft.data.DataGenerator/]: Chaos Awakens: Item Models finished after 253 ms
[10Jul.2025 12:04:17.856] [main/INFO] [net.minecraft.data.DataGenerator/]: Starting provider: Chaos Awakens: Block & Block Item Models
[10Jul.2025 12:04:17.857] [main/DEBUG] [Chaos Awakens/]: [Setting Block & Item Model]: block.chaosawakens.apple_log
[10Jul.2025 12:04:17.859] [main/DEBUG] [Chaos Awakens/]: [Setting Block & Item Model]: block.chaosawakens.apple_wood
[10Jul.2025 12:04:17.859] [main/DEBUG] [Chaos Awakens/]: [Setting Block & Item Model]: block.chaosawakens.stripped_apple_log
[10Jul.2025 12:04:17.859] [main/DEBUG] [Chaos Awakens/]: [Setting Block & Item Model]: block.chaosawakens.stripped_apple_wood
[10Jul.2025 12:04:17.859] [main/DEBUG] [Chaos Awakens/]: [Setting Block & Item Model]: block.chaosawakens.apple_planks
[10Jul.2025 12:04:17.859] [main/DEBUG] [Chaos Awakens/]: [Setting Block & Item Model]: block.chaosawakens.apple_stairs
[10Jul.2025 12:04:17.860] [main/DEBUG] [Chaos Awakens/]: [Setting Block & Item Model]: block.chaosawakens.apple_slab
[10Jul.2025 12:04:17.862] [main/DEBUG] [Chaos Awakens/]: [Setting Block & Item Model]: block.chaosawakens.apple_fence
[10Jul.2025 12:04:17.863] [main/DEBUG] [Chaos Awakens/]: [Setting Block & Item Model]: block.chaosawakens.apple_fence_gate
[10Jul.2025 12:04:17.869] [main/DEBUG] [mixin/]: Mixing client.renderer.GameRendererMixin from chaosawakens.mixins.json into net.minecraft.client.renderer.GameRenderer
[10Jul.2025 12:04:17.869] [main/DEBUG] [mixin/]: Renaming synthetic method lambda$chaosawakens$renderLevel$0(Lio/github/chaosawakens/api/vfx/basic/ScreenShakeEffect;)Z to md35e342$lambda$chaosawakens$renderLevel$0$0 in chaosawakens.mixins.json:client.renderer.GameRendererMixin
[10Jul.2025 12:04:17.900] [main/DEBUG] [Chaos Awakens/]: [Setting Block & Item Model]: block.chaosawakens.apple_door
[10Jul.2025 12:04:17.902] [main/DEBUG] [Chaos Awakens/]: [Setting Block & Item Model]: block.chaosawakens.apple_trapdoor
[10Jul.2025 12:04:17.902] [main/DEBUG] [Chaos Awakens/]: [Setting Block & Item Model]: block.chaosawakens.apple_pressure_plate
[10Jul.2025 12:04:17.902] [main/DEBUG] [Chaos Awakens/]: [Setting Block & Item Model]: block.chaosawakens.apple_button
[10Jul.2025 12:04:17.904] [main/DEBUG] [Chaos Awakens/]: [Setting Block & Item Model]: block.chaosawakens.crystalwood_log
[10Jul.2025 12:04:17.904] [main/DEBUG] [Chaos Awakens/]: [Setting Block & Item Model]: block.chaosawakens.crystalwood
[10Jul.2025 12:04:17.904] [main/DEBUG] [Chaos Awakens/]: [Setting Block & Item Model]: block.chaosawakens.stripped_crystalwood_log
[10Jul.2025 12:04:17.905] [main/DEBUG] [Chaos Awakens/]: [Setting Block & Item Model]: block.chaosawakens.stripped_crystalwood
[10Jul.2025 12:04:17.905] [main/DEBUG] [Chaos Awakens/]: [Setting Block & Item Model]: block.chaosawakens.crystalwood_planks
[10Jul.2025 12:04:17.905] [main/DEBUG] [Chaos Awakens/]: [Setting Block & Item Model]: block.chaosawakens.crystalwood_stairs
[10Jul.2025 12:04:17.906] [main/DEBUG] [Chaos Awakens/]: [Setting Block & Item Model]: block.chaosawakens.crystalwood_slab
[10Jul.2025 12:04:17.906] [main/DEBUG] [Chaos Awakens/]: [Setting Block & Item Model]: block.chaosawakens.crystalwood_fence
[10Jul.2025 12:04:17.906] [main/DEBUG] [Chaos Awakens/]: [Setting Block & Item Model]: block.chaosawakens.crystalwood_fence_gate
[10Jul.2025 12:04:17.907] [main/DEBUG] [Chaos Awakens/]: [Setting Block & Item Model]: block.chaosawakens.crystalwood_door
[10Jul.2025 12:04:17.907] [main/DEBUG] [Chaos Awakens/]: [Setting Block & Item Model]: block.chaosawakens.crystalwood_trapdoor
[10Jul.2025 12:04:17.909] [main/DEBUG] [Chaos Awakens/]: [Setting Block & Item Model]: block.chaosawakens.crystalwood_pressure_plate
[10Jul.2025 12:04:17.909] [main/DEBUG] [Chaos Awakens/]: [Setting Block & Item Model]: block.chaosawakens.crystalwood_button
[10Jul.2025 12:04:17.910] [main/DEBUG] [Chaos Awakens/]: [Setting Block & Item Model]: block.chaosawakens.densewood_log
[10Jul.2025 12:04:17.910] [main/DEBUG] [Chaos Awakens/]: [Setting Block & Item Model]: block.chaosawakens.densewood
[10Jul.2025 12:04:17.910] [main/DEBUG] [Chaos Awakens/]: [Setting Block & Item Model]: block.chaosawakens.stripped_densewood_log
[10Jul.2025 12:04:17.911] [main/DEBUG] [Chaos Awakens/]: [Setting Block & Item Model]: block.chaosawakens.stripped_densewood
[10Jul.2025 12:04:17.911] [main/DEBUG] [Chaos Awakens/]: [Setting Block & Item Model]: block.chaosawakens.densewood_planks
[10Jul.2025 12:04:17.911] [main/DEBUG] [Chaos Awakens/]: [Setting Block & Item Model]: block.chaosawakens.densewood_stairs
[10Jul.2025 12:04:17.912] [main/DEBUG] [Chaos Awakens/]: [Setting Block & Item Model]: block.chaosawakens.densewood_slab
[10Jul.2025 12:04:17.912] [main/DEBUG] [Chaos Awakens/]: [Setting Block & Item Model]: block.chaosawakens.densewood_fence
[10Jul.2025 12:04:17.912] [main/DEBUG] [Chaos Awakens/]: [Setting Block & Item Model]: block.chaosawakens.densewood_fence_gate
[10Jul.2025 12:04:17.913] [main/DEBUG] [Chaos Awakens/]: [Setting Block & Item Model]: block.chaosawakens.densewood_door
[10Jul.2025 12:04:17.914] [main/DEBUG] [Chaos Awakens/]: [Setting Block & Item Model]: block.chaosawakens.densewood_trapdoor
[10Jul.2025 12:04:17.914] [main/DEBUG] [Chaos Awakens/]: [Setting Block & Item Model]: block.chaosawakens.densewood_pressure_plate
[10Jul.2025 12:04:17.914] [main/DEBUG] [Chaos Awakens/]: [Setting Block & Item Model]: block.chaosawakens.densewood_button
[10Jul.2025 12:04:17.914] [main/DEBUG] [Chaos Awakens/]: [Setting Block & Item Model]: block.chaosawakens.duplicator_log
[10Jul.2025 12:04:17.915] [main/DEBUG] [Chaos Awakens/]: [Setting Block & Item Model]: block.chaosawakens.duplicator_wood
[10Jul.2025 12:04:17.915] [main/DEBUG] [Chaos Awakens/]: [Setting Block & Item Model]: block.chaosawakens.stripped_duplicator_log
[10Jul.2025 12:04:17.915] [main/DEBUG] [Chaos Awakens/]: [Setting Block & Item Model]: block.chaosawakens.stripped_duplicator_wood
[10Jul.2025 12:04:17.915] [main/DEBUG] [Chaos Awakens/]: [Setting Block & Item Model]: block.chaosawakens.dead_duplicator_log
[10Jul.2025 12:04:17.916] [main/DEBUG] [Chaos Awakens/]: [Setting Block & Item Model]: block.chaosawakens.dead_duplicator_wood
[10Jul.2025 12:04:17.916] [main/DEBUG] [Chaos Awakens/]: [Setting Block & Item Model]: block.chaosawakens.stripped_dead_duplicator_log
[10Jul.2025 12:04:17.916] [main/DEBUG] [Chaos Awakens/]: [Setting Block & Item Model]: block.chaosawakens.stripped_dead_duplicator_wood
[10Jul.2025 12:04:17.916] [main/DEBUG] [Chaos Awakens/]: [Setting Block & Item Model]: block.chaosawakens.duplicator_planks
[10Jul.2025 12:04:17.916] [main/DEBUG] [Chaos Awakens/]: [Setting Block & Item Model]: block.chaosawakens.duplicator_stairs
[10Jul.2025 12:04:17.916] [main/DEBUG] [Chaos Awakens/]: [Setting Block & Item Model]: block.chaosawakens.duplicator_slab
[10Jul.2025 12:04:17.918] [main/DEBUG] [Chaos Awakens/]: [Setting Block & Item Model]: block.chaosawakens.duplicator_fence
[10Jul.2025 12:04:17.918] [main/DEBUG] [Chaos Awakens/]: [Setting Block & Item Model]: block.chaosawakens.duplicator_fence_gate
[10Jul.2025 12:04:17.919] [main/DEBUG] [Chaos Awakens/]: [Setting Block & Item Model]: block.chaosawakens.duplicator_door
[10Jul.2025 12:04:17.919] [main/DEBUG] [Chaos Awakens/]: [Setting Block & Item Model]: block.chaosawakens.duplicator_trapdoor
[10Jul.2025 12:04:17.919] [main/DEBUG] [Chaos Awakens/]: [Setting Block & Item Model]: block.chaosawakens.duplicator_pressure_plate
[10Jul.2025 12:04:17.919] [main/DEBUG] [Chaos Awakens/]: [Setting Block & Item Model]: block.chaosawakens.duplicator_button
[10Jul.2025 12:04:17.920] [main/DEBUG] [Chaos Awakens/]: [Setting Block & Item Model]: block.chaosawakens.ginkgo_log
[10Jul.2025 12:04:17.920] [main/DEBUG] [Chaos Awakens/]: [Setting Block & Item Model]: block.chaosawakens.ginkgo_wood
[10Jul.2025 12:04:17.920] [main/DEBUG] [Chaos Awakens/]: [Setting Block & Item Model]: block.chaosawakens.stripped_ginkgo_log
[10Jul.2025 12:04:17.920] [main/DEBUG] [Chaos Awakens/]: [Setting Block & Item Model]: block.chaosawakens.stripped_ginkgo_wood
[10Jul.2025 12:04:17.921] [main/DEBUG] [Chaos Awakens/]: [Setting Block & Item Model]: block.chaosawakens.ginkgo_planks
[10Jul.2025 12:04:17.921] [main/DEBUG] [Chaos Awakens/]: [Setting Block & Item Model]: block.chaosawakens.ginkgo_stairs
[10Jul.2025 12:04:17.921] [main/DEBUG] [Chaos Awakens/]: [Setting Block & Item Model]: block.chaosawakens.ginkgo_slab
[10Jul.2025 12:04:17.921] [main/DEBUG] [Chaos Awakens/]: [Setting Block & Item Model]: block.chaosawakens.ginkgo_fence
[10Jul.2025 12:04:17.922] [main/DEBUG] [Chaos Awakens/]: [Setting Block & Item Model]: block.chaosawakens.ginkgo_fence_gate
[10Jul.2025 12:04:17.922] [main/DEBUG] [Chaos Awakens/]: [Setting Block & Item Model]: block.chaosawakens.ginkgo_door
[10Jul.2025 12:04:17.923] [main/DEBUG] [Chaos Awakens/]: [Setting Block & Item Model]: block.chaosawakens.ginkgo_trapdoor
[10Jul.2025 12:04:17.924] [main/DEBUG] [Chaos Awakens/]: [Setting Block & Item Model]: block.chaosawakens.ginkgo_pressure_plate
[10Jul.2025 12:04:17.924] [main/DEBUG] [Chaos Awakens/]: [Setting Block & Item Model]: block.chaosawakens.ginkgo_button
[10Jul.2025 12:04:17.924] [main/DEBUG] [Chaos Awakens/]: [Setting Block & Item Model]: block.chaosawakens.mesozoic_log
[10Jul.2025 12:04:17.924] [main/DEBUG] [Chaos Awakens/]: [Setting Block & Item Model]: block.chaosawakens.mesozoic_wood
[10Jul.2025 12:04:17.924] [main/DEBUG] [Chaos Awakens/]: [Setting Block & Item Model]: block.chaosawakens.stripped_mesozoic_log
[10Jul.2025 12:04:17.925] [main/DEBUG] [Chaos Awakens/]: [Setting Block & Item Model]: block.chaosawakens.stripped_mesozoic_wood
[10Jul.2025 12:04:17.925] [main/DEBUG] [Chaos Awakens/]: [Setting Block & Item Model]: block.chaosawakens.mesozoic_planks
[10Jul.2025 12:04:17.925] [main/DEBUG] [Chaos Awakens/]: [Setting Block & Item Model]: block.chaosawakens.mesozoic_stairs
[10Jul.2025 12:04:17.925] [main/DEBUG] [Chaos Awakens/]: [Setting Block & Item Model]: block.chaosawakens.mesozoic_slab
[10Jul.2025 12:04:17.926] [main/DEBUG] [Chaos Awakens/]: [Setting Block & Item Model]: block.chaosawakens.mesozoic_fence
[10Jul.2025 12:04:17.926] [main/DEBUG] [Chaos Awakens/]: [Setting Block & Item Model]: block.chaosawakens.mesozoic_fence_gate
[10Jul.2025 12:04:17.926] [main/DEBUG] [Chaos Awakens/]: [Setting Block & Item Model]: block.chaosawakens.mesozoic_door
[10Jul.2025 12:04:17.927] [main/DEBUG] [Chaos Awakens/]: [Setting Block & Item Model]: block.chaosawakens.mesozoic_trapdoor
[10Jul.2025 12:04:17.927] [main/DEBUG] [Chaos Awakens/]: [Setting Block & Item Model]: block.chaosawakens.mesozoic_pressure_plate
[10Jul.2025 12:04:17.928] [main/DEBUG] [Chaos Awakens/]: [Setting Block & Item Model]: block.chaosawakens.mesozoic_button
[10Jul.2025 12:04:17.928] [main/DEBUG] [Chaos Awakens/]: [Setting Block & Item Model]: block.chaosawakens.peach_log
[10Jul.2025 12:04:17.928] [main/DEBUG] [Chaos Awakens/]: [Setting Block & Item Model]: block.chaosawakens.peach_wood
[10Jul.2025 12:04:17.928] [main/DEBUG] [Chaos Awakens/]: [Setting Block & Item Model]: block.chaosawakens.stripped_peach_log
[10Jul.2025 12:04:17.929] [main/DEBUG] [Chaos Awakens/]: [Setting Block & Item Model]: block.chaosawakens.stripped_peach_wood
[10Jul.2025 12:04:17.929] [main/DEBUG] [Chaos Awakens/]: [Setting Block & Item Model]: block.chaosawakens.peach_planks
[10Jul.2025 12:04:17.929] [main/DEBUG] [Chaos Awakens/]: [Setting Block & Item Model]: block.chaosawakens.peach_stairs
[10Jul.2025 12:04:17.929] [main/DEBUG] [Chaos Awakens/]: [Setting Block & Item Model]: block.chaosawakens.peach_slab
[10Jul.2025 12:04:17.929] [main/DEBUG] [Chaos Awakens/]: [Setting Block & Item Model]: block.chaosawakens.peach_fence
[10Jul.2025 12:04:17.930] [main/DEBUG] [Chaos Awakens/]: [Setting Block & Item Model]: block.chaosawakens.peach_fence_gate
[10Jul.2025 12:04:17.930] [main/DEBUG] [Chaos Awakens/]: [Setting Block & Item Model]: block.chaosawakens.peach_door
[10Jul.2025 12:04:17.931] [main/DEBUG] [Chaos Awakens/]: [Setting Block & Item Model]: block.chaosawakens.peach_trapdoor
[10Jul.2025 12:04:17.932] [main/DEBUG] [Chaos Awakens/]: [Setting Block & Item Model]: block.chaosawakens.peach_pressure_plate
[10Jul.2025 12:04:17.932] [main/DEBUG] [Chaos Awakens/]: [Setting Block & Item Model]: block.chaosawakens.peach_button
[10Jul.2025 12:04:17.932] [main/DEBUG] [Chaos Awakens/]: [Setting Block & Item Model]: block.chaosawakens.skywood_log
[10Jul.2025 12:04:17.932] [main/DEBUG] [Chaos Awakens/]: [Setting Block & Item Model]: block.chaosawakens.skywood
[10Jul.2025 12:04:17.933] [main/DEBUG] [Chaos Awakens/]: [Setting Block & Item Model]: block.chaosawakens.stripped_skywood_log
[10Jul.2025 12:04:17.933] [main/DEBUG] [Chaos Awakens/]: [Setting Block & Item Model]: block.chaosawakens.stripped_skywood
[10Jul.2025 12:04:17.933] [main/DEBUG] [Chaos Awakens/]: [Setting Block & Item Model]: block.chaosawakens.skywood_planks
[10Jul.2025 12:04:17.933] [main/DEBUG] [Chaos Awakens/]: [Setting Block & Item Model]: block.chaosawakens.skywood_stairs
[10Jul.2025 12:04:17.933] [main/DEBUG] [Chaos Awakens/]: [Setting Block & Item Model]: block.chaosawakens.skywood_slab
[10Jul.2025 12:04:17.933] [main/DEBUG] [Chaos Awakens/]: [Setting Block & Item Model]: block.chaosawakens.skywood_fence
[10Jul.2025 12:04:17.934] [main/DEBUG] [Chaos Awakens/]: [Setting Block & Item Model]: block.chaosawakens.skywood_fence_gate
[10Jul.2025 12:04:17.935] [main/DEBUG] [Chaos Awakens/]: [Setting Block & Item Model]: block.chaosawakens.skywood_door
[10Jul.2025 12:04:17.936] [main/DEBUG] [Chaos Awakens/]: [Setting Block & Item Model]: block.chaosawakens.skywood_trapdoor
[10Jul.2025 12:04:17.936] [main/DEBUG] [Chaos Awakens/]: [Setting Block & Item Model]: block.chaosawakens.skywood_pressure_plate
[10Jul.2025 12:04:17.937] [main/DEBUG] [Chaos Awakens/]: [Setting Block & Item Model]: block.chaosawakens.skywood_button
[10Jul.2025 12:04:17.937] [main/DEBUG] [Chaos Awakens/]: [Setting Block & Item Model]: block.chaosawakens.apple_leaves
[10Jul.2025 12:04:17.937] [main/DEBUG] [Chaos Awakens/]: [Setting Block & Item Model]: block.chaosawakens.densewood_leaves
[10Jul.2025 12:04:17.937] [main/DEBUG] [Chaos Awakens/]: [Setting Block & Item Model]: block.chaosawakens.duplicator_leaves
[10Jul.2025 12:04:17.937] [main/DEBUG] [Chaos Awakens/]: [Setting Block & Item Model]: block.chaosawakens.ginkgo_leaves
[10Jul.2025 12:04:17.937] [main/DEBUG] [Chaos Awakens/]: [Setting Block & Item Model]: block.chaosawakens.mesozoic_leaves
[10Jul.2025 12:04:17.937] [main/DEBUG] [Chaos Awakens/]: [Setting Block & Item Model]: block.chaosawakens.peach_leaves
[10Jul.2025 12:04:17.938] [main/DEBUG] [Chaos Awakens/]: [Setting Block & Item Model]: block.chaosawakens.skywood_leaves
[10Jul.2025 12:04:17.938] [main/DEBUG] [Chaos Awakens/]: [Setting Block & Item Model]: block.chaosawakens.apple_leaf_carpet
[10Jul.2025 12:04:17.938] [main/DEBUG] [Chaos Awakens/]: [Setting Block & Item Model]: block.chaosawakens.densewood_leaf_carpet
[10Jul.2025 12:04:17.939] [main/DEBUG] [Chaos Awakens/]: [Setting Block & Item Model]: block.chaosawakens.duplicator_leaf_carpet
[10Jul.2025 12:04:17.939] [main/DEBUG] [Chaos Awakens/]: [Setting Block & Item Model]: block.chaosawakens.ginkgo_leaf_carpet
[10Jul.2025 12:04:17.939] [main/DEBUG] [Chaos Awakens/]: [Setting Block & Item Model]: block.chaosawakens.mesozoic_leaf_carpet
[10Jul.2025 12:04:17.939] [main/DEBUG] [Chaos Awakens/]: [Setting Block & Item Model]: block.chaosawakens.peach_leaf_carpet
[10Jul.2025 12:04:17.940] [main/DEBUG] [Chaos Awakens/]: [Setting Block & Item Model]: block.chaosawakens.skywood_leaf_carpet
[10Jul.2025 12:04:17.940] [main/DEBUG] [Chaos Awakens/]: [Setting Block & Item Model]: block.chaosawakens.acacia_leaf_carpet
[10Jul.2025 12:04:17.940] [main/DEBUG] [Chaos Awakens/]: [Setting Block & Item Model]: block.chaosawakens.birch_leaf_carpet
[10Jul.2025 12:04:17.941] [main/DEBUG] [Chaos Awakens/]: [Setting Block & Item Model]: block.chaosawakens.cherry_leaf_carpet
[10Jul.2025 12:04:17.941] [main/DEBUG] [Chaos Awakens/]: [Setting Block & Item Model]: block.chaosawakens.dark_oak_leaf_carpet
[10Jul.2025 12:04:17.942] [main/DEBUG] [Chaos Awakens/]: [Setting Block & Item Model]: block.chaosawakens.mangrove_leaf_carpet
[10Jul.2025 12:04:17.942] [main/DEBUG] [Chaos Awakens/]: [Setting Block & Item Model]: block.chaosawakens.oak_leaf_carpet
[10Jul.2025 12:04:17.942] [main/DEBUG] [Chaos Awakens/]: [Setting Block & Item Model]: block.chaosawakens.spruce_leaf_carpet
[10Jul.2025 12:04:17.942] [main/DEBUG] [Chaos Awakens/]: [Setting Block & Item Model]: block.chaosawakens.apple_gate_block
[10Jul.2025 12:04:17.943] [main/DEBUG] [Chaos Awakens/]: [Setting Block & Item Model]: block.chaosawakens.crystalwood_gate_block
[10Jul.2025 12:04:17.943] [main/DEBUG] [Chaos Awakens/]: [Setting Block & Item Model]: block.chaosawakens.densewood_gate_block
[10Jul.2025 12:04:17.943] [main/DEBUG] [Chaos Awakens/]: [Setting Block & Item Model]: block.chaosawakens.duplicator_gate_block
[10Jul.2025 12:04:17.943] [main/DEBUG] [Chaos Awakens/]: [Setting Block & Item Model]: block.chaosawakens.ginkgo_gate_block
[10Jul.2025 12:04:17.943] [main/DEBUG] [Chaos Awakens/]: [Setting Block & Item Model]: block.chaosawakens.mesozoic_gate_block
[10Jul.2025 12:04:17.943] [main/DEBUG] [Chaos Awakens/]: [Setting Block & Item Model]: block.chaosawakens.peach_gate_block
[10Jul.2025 12:04:17.944] [main/DEBUG] [Chaos Awakens/]: [Setting Block & Item Model]: block.chaosawakens.skywood_gate_block
[10Jul.2025 12:04:17.944] [main/DEBUG] [Chaos Awakens/]: [Setting Block & Item Model]: block.chaosawakens.acacia_gate_block
[10Jul.2025 12:04:17.944] [main/DEBUG] [Chaos Awakens/]: [Setting Block & Item Model]: block.chaosawakens.birch_gate_block
[10Jul.2025 12:04:17.944] [main/DEBUG] [Chaos Awakens/]: [Setting Block & Item Model]: block.chaosawakens.cherry_gate_block
[10Jul.2025 12:04:17.944] [main/DEBUG] [Chaos Awakens/]: [Setting Block & Item Model]: block.chaosawakens.crimson_gate_block
[10Jul.2025 12:04:17.944] [main/DEBUG] [Chaos Awakens/]: [Setting Block & Item Model]: block.chaosawakens.dark_oak_gate_block
[10Jul.2025 12:04:17.945] [main/DEBUG] [Chaos Awakens/]: [Setting Block & Item Model]: block.chaosawakens.mangrove_gate_block
[10Jul.2025 12:04:17.945] [main/DEBUG] [Chaos Awakens/]: [Setting Block & Item Model]: block.chaosawakens.oak_gate_block
[10Jul.2025 12:04:17.945] [main/DEBUG] [Chaos Awakens/]: [Setting Block & Item Model]: block.chaosawakens.spruce_gate_block
[10Jul.2025 12:04:17.945] [main/DEBUG] [Chaos Awakens/]: [Setting Block & Item Model]: block.chaosawakens.warped_gate_block
[10Jul.2025 12:04:17.945] [main/DEBUG] [Chaos Awakens/]: [Setting Block & Item Model]: block.chaosawakens.kunzite_block
[10Jul.2025 12:04:17.945] [main/DEBUG] [Chaos Awakens/]: [Setting Block & Item Model]: block.chaosawakens.ruby_block
[10Jul.2025 12:04:17.946] [main/DEBUG] [Chaos Awakens/]: [Setting Block & Item Model]: block.chaosawakens.titanium_block
[10Jul.2025 12:04:17.946] [main/DEBUG] [Chaos Awakens/]: [Setting Block & Item Model]: block.chaosawakens.uranium_block
[10Jul.2025 12:04:17.946] [main/DEBUG] [Chaos Awakens/]: [Setting Block & Item Model]: block.chaosawakens.ender_pearl_block
[10Jul.2025 12:04:17.946] [main/DEBUG] [Chaos Awakens/]: [Setting Block & Item Model]: block.chaosawakens.ender_eye_block
[10Jul.2025 12:04:17.946] [main/DEBUG] [Chaos Awakens/]: [Setting Block & Item Model]: block.chaosawakens.basilisk_scale_block
[10Jul.2025 12:04:17.946] [main/DEBUG] [Chaos Awakens/]: [Setting Block & Item Model]: block.chaosawakens.emperor_scorpion_scale_block
[10Jul.2025 12:04:17.946] [main/DEBUG] [Chaos Awakens/]: [Setting Block & Item Model]: block.chaosawakens.ender_dragon_scale_block
[10Jul.2025 12:04:17.946] [main/DEBUG] [Chaos Awakens/]: [Setting Block & Item Model]: block.chaosawakens.mobzilla_scale_block
[10Jul.2025 12:04:17.946] [main/DEBUG] [Chaos Awakens/]: [Setting Block & Item Model]: block.chaosawakens.moth_scale_block
[10Jul.2025 12:04:17.947] [main/DEBUG] [Chaos Awakens/]: [Setting Block & Item Model]: block.chaosawakens.nightmare_scale_block
[10Jul.2025 12:04:17.947] [main/DEBUG] [Chaos Awakens/]: [Setting Block & Item Model]: block.chaosawakens.queen_scale_block
[10Jul.2025 12:04:17.947] [main/DEBUG] [Chaos Awakens/]: [Setting Block & Item Model]: block.chaosawakens.royal_guardian_scale_block
[10Jul.2025 12:04:17.947] [main/DEBUG] [Chaos Awakens/]: [Setting Block & Item Model]: block.chaosawakens.water_dragon_scale_block
[10Jul.2025 12:04:17.947] [main/DEBUG] [Chaos Awakens/]: [Setting Block & Item Model]: block.chaosawakens.salt_block
[10Jul.2025 12:04:17.947] [main/DEBUG] [Chaos Awakens/]: [Setting Block & Item Model]: block.chaosawakens.dredgestone
[10Jul.2025 12:04:17.947] [main/DEBUG] [Chaos Awakens/]: [Setting Block & Item Model]: block.chaosawakens.dredgestone_bricks
[10Jul.2025 12:04:17.947] [main/DEBUG] [Chaos Awakens/]: [Setting Block & Item Model]: block.chaosawakens.gloomstone
[10Jul.2025 12:04:17.947] [main/DEBUG] [Chaos Awakens/]: [Setting Block & Item Model]: block.chaosawakens.gloomstone_bricks
[10Jul.2025 12:04:17.947] [main/DEBUG] [Chaos Awakens/]: [Setting Block & Item Model]: block.chaosawakens.mining_lamp
[10Jul.2025 12:04:17.947] [main/DEBUG] [Chaos Awakens/]: [Setting Block & Item Model]: block.chaosawakens.mining_wood
[10Jul.2025 12:04:17.947] [main/DEBUG] [Chaos Awakens/]: [Setting Block & Item Model]: block.chaosawakens.mining_planks
[10Jul.2025 12:04:17.947] [main/DEBUG] [Chaos Awakens/]: [Setting Block & Item Model]: block.chaosawakens.mining_slab
[10Jul.2025 12:04:17.948] [main/DEBUG] [Chaos Awakens/]: [Setting Block & Item Model]: block.chaosawakens.mining_fence
[10Jul.2025 12:04:17.948] [main/DEBUG] [Chaos Awakens/]: [Setting Block & Item Model]: block.chaosawakens.flower_stem
[10Jul.2025 12:04:17.948] [main/DEBUG] [Chaos Awakens/]: [Setting Block & Item Model]: block.chaosawakens.blood_red_petal_block
[10Jul.2025 12:04:17.948] [main/DEBUG] [Chaos Awakens/]: [Setting Block & Item Model]: block.chaosawakens.bright_pink_petal_block
[10Jul.2025 12:04:17.948] [main/DEBUG] [Chaos Awakens/]: [Setting Block & Item Model]: block.chaosawakens.navy_blue_petal_block
[10Jul.2025 12:04:17.948] [main/DEBUG] [Chaos Awakens/]: [Setting Block & Item Model]: block.chaosawakens.cyan_rose
[10Jul.2025 12:04:17.949] [main/DEBUG] [Chaos Awakens/]: [Setting Block & Item Model]: block.chaosawakens.red_rose
[10Jul.2025 12:04:17.949] [main/DEBUG] [Chaos Awakens/]: [Setting Block & Item Model]: block.chaosawakens.paeonia
[10Jul.2025 12:04:17.949] [main/DEBUG] [Chaos Awakens/]: [Setting Block & Item Model]: block.chaosawakens.swamp_milkweed
[10Jul.2025 12:04:17.949] [main/DEBUG] [Chaos Awakens/]: [Setting Block & Item Model]: block.chaosawakens.primrose
[10Jul.2025 12:04:17.949] [main/DEBUG] [Chaos Awakens/]: [Setting Block & Item Model]: block.chaosawakens.daisy
[10Jul.2025 12:04:17.949] [main/DEBUG] [Chaos Awakens/]: [Setting Block & Item Model]: block.chaosawakens.dense_grass_block
[10Jul.2025 12:04:17.949] [main/DEBUG] [Chaos Awakens/]: [Setting Block & Item Model]: block.chaosawakens.dense_dirt
[10Jul.2025 12:04:17.949] [main/DEBUG] [Chaos Awakens/]: [Setting Block & Item Model]: block.chaosawakens.dense_farmland
[10Jul.2025 12:04:17.949] [main/DEBUG] [Chaos Awakens/]: [Setting Block & Item Model]: block.chaosawakens.dense_grass
[10Jul.2025 12:04:17.951] [main/DEBUG] [Chaos Awakens/]: [Setting Block & Item Model]: block.chaosawakens.tall_dense_grass
[10Jul.2025 12:04:17.951] [main/DEBUG] [Chaos Awakens/]: [Setting Block & Item Model]: block.chaosawakens.thorny_sun
[10Jul.2025 12:04:17.951] [main/DEBUG] [Chaos Awakens/]: [Setting Block & Item Model]: block.chaosawakens.blue_bulb
[10Jul.2025 12:04:17.951] [main/DEBUG] [Chaos Awakens/]: [Setting Block & Item Model]: block.chaosawakens.pink_bulb
[10Jul.2025 12:04:17.951] [main/DEBUG] [Chaos Awakens/]: [Setting Block & Item Model]: block.chaosawakens.purple_bulb
[10Jul.2025 12:04:17.951] [main/DEBUG] [Chaos Awakens/]: [Setting Block & Item Model]: block.chaosawakens.dense_orchid
[10Jul.2025 12:04:17.951] [main/DEBUG] [Chaos Awakens/]: [Setting Block & Item Model]: block.chaosawakens.dense_rose
[10Jul.2025 12:04:17.951] [main/DEBUG] [Chaos Awakens/]: [Setting Block & Item Model]: block.chaosawakens.terra_preta
[10Jul.2025 12:04:17.952] [main/DEBUG] [Chaos Awakens/]: [Setting Block & Item Model]: block.chaosawakens.terra_preta_farmland
[10Jul.2025 12:04:17.952] [main/DEBUG] [Chaos Awakens/]: [Setting Block & Item Model]: block.chaosawakens.tar
[10Jul.2025 12:04:17.952] [main/DEBUG] [Chaos Awakens/]: [Setting Block & Item Model]: block.chaosawakens.latosol
[10Jul.2025 12:04:17.952] [main/DEBUG] [Chaos Awakens/]: [Setting Block & Item Model]: block.chaosawakens.alstroemeriat
[10Jul.2025 12:04:17.952] [main/DEBUG] [Chaos Awakens/]: [Setting Block & Item Model]: block.chaosawakens.bush
[10Jul.2025 12:04:17.953] [main/DEBUG] [Chaos Awakens/]: [Setting Block & Item Model]: block.chaosawakens.tall_bush
[10Jul.2025 12:04:17.953] [main/DEBUG] [Chaos Awakens/]: [Setting Block & Item Model]: block.chaosawakens.small_carnivorous_plant
[10Jul.2025 12:04:17.953] [main/DEBUG] [Chaos Awakens/]: [Setting Block & Item Model]: block.chaosawakens.big_carnivorous_plant
[10Jul.2025 12:04:17.953] [main/DEBUG] [Chaos Awakens/]: [Setting Block & Item Model]: block.chaosawakens.dense_bush
[10Jul.2025 12:04:17.953] [main/DEBUG] [Chaos Awakens/]: [Setting Block & Item Model]: block.chaosawakens.tall_dense_bush
[10Jul.2025 12:04:17.954] [main/DEBUG] [Chaos Awakens/]: [Setting Block & Item Model]: block.chaosawakens.horsetail_restio
[10Jul.2025 12:04:17.955] [main/DEBUG] [Chaos Awakens/]: [Setting Block & Item Model]: block.chaosawakens.king_protea
[10Jul.2025 12:04:17.955] [main/DEBUG] [Chaos Awakens/]: [Setting Block & Item Model]: block.chaosawakens.luminara_petal
[10Jul.2025 12:04:17.955] [main/DEBUG] [Chaos Awakens/]: [Setting Block & Item Model]: block.chaosawakens.large_densewood_bush
[10Jul.2025 12:04:17.956] [main/DEBUG] [Chaos Awakens/]: [Setting Block & Item Model]: block.chaosawakens.large_ginkgo_bush
[10Jul.2025 12:04:17.956] [main/DEBUG] [Chaos Awakens/]: [Setting Block & Item Model]: block.chaosawakens.large_mesozoic_bush
[10Jul.2025 12:04:17.956] [main/DEBUG] [Chaos Awakens/]: [Setting Block & Item Model]: block.chaosawakens.crystal_grass_block
[10Jul.2025 12:04:17.956] [main/DEBUG] [Chaos Awakens/]: [Setting Block & Item Model]: block.chaosawakens.crystal_grass
[10Jul.2025 12:04:17.956] [main/DEBUG] [Chaos Awakens/]: [Setting Block & Item Model]: block.chaosawakens.tall_crystal_grass
[10Jul.2025 12:04:17.957] [main/DEBUG] [Chaos Awakens/]: [Setting Block & Item Model]: block.chaosawakens.black_crystal_growth
[10Jul.2025 12:04:17.957] [main/DEBUG] [Chaos Awakens/]: [Setting Block & Item Model]: block.chaosawakens.brown_crystal_growth
[10Jul.2025 12:04:17.957] [main/DEBUG] [Chaos Awakens/]: [Setting Block & Item Model]: block.chaosawakens.green_crystal_growth
[10Jul.2025 12:04:17.957] [main/DEBUG] [Chaos Awakens/]: [Setting Block & Item Model]: block.chaosawakens.pink_crystal_growth
[10Jul.2025 12:04:17.958] [main/DEBUG] [Chaos Awakens/]: [Setting Block & Item Model]: block.chaosawakens.purple_crystal_growth
[10Jul.2025 12:04:17.958] [main/DEBUG] [Chaos Awakens/]: [Setting Block & Item Model]: block.chaosawakens.yellow_crystal_growth
[10Jul.2025 12:04:17.958] [main/DEBUG] [Chaos Awakens/]: [Setting Block & Item Model]: block.chaosawakens.blue_crystal_flower
[10Jul.2025 12:04:17.959] [main/DEBUG] [Chaos Awakens/]: [Setting Block & Item Model]: block.chaosawakens.green_crystal_flower
[10Jul.2025 12:04:17.959] [main/DEBUG] [Chaos Awakens/]: [Setting Block & Item Model]: block.chaosawakens.orange_crystal_flower
[10Jul.2025 12:04:17.959] [main/DEBUG] [Chaos Awakens/]: [Setting Block & Item Model]: block.chaosawakens.pink_crystal_flower
[10Jul.2025 12:04:17.959] [main/DEBUG] [Chaos Awakens/]: [Setting Block & Item Model]: block.chaosawakens.red_crystal_flower
[10Jul.2025 12:04:17.959] [main/DEBUG] [Chaos Awakens/]: [Setting Block & Item Model]: block.chaosawakens.yellow_crystal_flower
[10Jul.2025 12:04:17.960] [main/DEBUG] [Chaos Awakens/]: [Setting Block & Item Model]: block.chaosawakens.crystalized_crystal_apple_cow_kyanite
[10Jul.2025 12:04:17.960] [main/DEBUG] [Chaos Awakens/]: [Setting Block & Item Model]: block.chaosawakens.crystalized_crystal_carrot_pig_kyanite
[10Jul.2025 12:04:17.960] [main/DEBUG] [Chaos Awakens/]: [Setting Block & Item Model]: block.chaosawakens.crystalized_crystal_gator_kyanite
[10Jul.2025 12:04:17.960] [main/DEBUG] [Chaos Awakens/]: [Setting Block & Item Model]: block.chaosawakens.fossilized_enderman_end_stone
[10Jul.2025 12:04:17.960] [main/DEBUG] [Chaos Awakens/]: [Setting Block & Item Model]: block.chaosawakens.fossilized_endermite_end_stone
[10Jul.2025 12:04:17.960] [main/DEBUG] [Chaos Awakens/]: [Setting Block & Item Model]: block.chaosawakens.fossilized_shulker_end_stone
[10Jul.2025 12:04:17.960] [main/DEBUG] [Chaos Awakens/]: [Setting Block & Item Model]: block.chaosawakens.frozen_arctic_fox_ice
[10Jul.2025 12:04:17.960] [main/DEBUG] [Chaos Awakens/]: [Setting Block & Item Model]: block.chaosawakens.frozen_polar_bear_ice
[10Jul.2025 12:04:17.961] [main/DEBUG] [Chaos Awakens/]: [Setting Block & Item Model]: block.chaosawakens.frozen_snow_golem_ice
[10Jul.2025 12:04:17.961] [main/DEBUG] [Chaos Awakens/]: [Setting Block & Item Model]: block.chaosawakens.frozen_stray_ice
[10Jul.2025 12:04:17.961] [main/DEBUG] [Chaos Awakens/]: [Setting Block & Item Model]: block.chaosawakens.fossilized_greenfish_gravel
[10Jul.2025 12:04:17.961] [main/DEBUG] [Chaos Awakens/]: [Setting Block & Item Model]: block.chaosawakens.fossilized_rock_fish_gravel
[10Jul.2025 12:04:17.961] [main/DEBUG] [Chaos Awakens/]: [Setting Block & Item Model]: block.chaosawakens.fossilized_spark_fish_gravel
[10Jul.2025 12:04:17.961] [main/DEBUG] [Chaos Awakens/]: [Setting Block & Item Model]: block.chaosawakens.fossilized_woodfish_gravel
[10Jul.2025 12:04:17.961] [main/DEBUG] [Chaos Awakens/]: [Setting Block & Item Model]: block.chaosawakens.fossilized_cod_gravel
[10Jul.2025 12:04:17.961] [main/DEBUG] [Chaos Awakens/]: [Setting Block & Item Model]: block.chaosawakens.fossilized_dolphin_gravel
[10Jul.2025 12:04:17.961] [main/DEBUG] [Chaos Awakens/]: [Setting Block & Item Model]: block.chaosawakens.fossilized_drowned_gravel
[10Jul.2025 12:04:17.961] [main/DEBUG] [Chaos Awakens/]: [Setting Block & Item Model]: block.chaosawakens.fossilized_glow_squid_gravel
[10Jul.2025 12:04:17.962] [main/DEBUG] [Chaos Awakens/]: [Setting Block & Item Model]: block.chaosawakens.fossilized_guardian_gravel
[10Jul.2025 12:04:17.962] [main/DEBUG] [Chaos Awakens/]: [Setting Block & Item Model]: block.chaosawakens.fossilized_pufferfish_gravel
[10Jul.2025 12:04:17.962] [main/DEBUG] [Chaos Awakens/]: [Setting Block & Item Model]: block.chaosawakens.fossilized_salmon_gravel
[10Jul.2025 12:04:17.962] [main/DEBUG] [Chaos Awakens/]: [Setting Block & Item Model]: block.chaosawakens.fossilized_squid_gravel
[10Jul.2025 12:04:17.962] [main/DEBUG] [Chaos Awakens/]: [Setting Block & Item Model]: block.chaosawakens.fossilized_tropical_fish_gravel
[10Jul.2025 12:04:17.962] [main/DEBUG] [Chaos Awakens/]: [Setting Block & Item Model]: block.chaosawakens.fossilized_turtle_gravel
[10Jul.2025 12:04:17.962] [main/DEBUG] [Chaos Awakens/]: [Setting Block & Item Model]: block.chaosawakens.fossilized_drowned_sand
[10Jul.2025 12:04:17.963] [main/DEBUG] [Chaos Awakens/]: [Setting Block & Item Model]: block.chaosawakens.fossilized_husk_sandstone
[10Jul.2025 12:04:17.963] [main/DEBUG] [Chaos Awakens/]: [Setting Block & Item Model]: block.chaosawakens.fossilized_crimson_ent_netherrack
[10Jul.2025 12:04:17.963] [main/DEBUG] [Chaos Awakens/]: [Setting Block & Item Model]: block.chaosawakens.fossilized_lava_eel_netherrack
[10Jul.2025 12:04:17.963] [main/DEBUG] [Chaos Awakens/]: [Setting Block & Item Model]: block.chaosawakens.fossilized_blaze_netherrack
[10Jul.2025 12:04:17.963] [main/DEBUG] [Chaos Awakens/]: [Setting Block & Item Model]: block.chaosawakens.fossilized_enderman_netherrack
[10Jul.2025 12:04:17.963] [main/DEBUG] [Chaos Awakens/]: [Setting Block & Item Model]: block.chaosawakens.fossilized_frog_netherrack
[10Jul.2025 12:04:17.963] [main/DEBUG] [Chaos Awakens/]: [Setting Block & Item Model]: block.chaosawakens.fossilized_ghast_netherrack
[10Jul.2025 12:04:17.963] [main/DEBUG] [Chaos Awakens/]: [Setting Block & Item Model]: block.chaosawakens.fossilized_hoglin_netherrack
[10Jul.2025 12:04:17.963] [main/DEBUG] [Chaos Awakens/]: [Setting Block & Item Model]: block.chaosawakens.fossilized_magma_cube_netherrack
[10Jul.2025 12:04:17.963] [main/DEBUG] [Chaos Awakens/]: [Setting Block & Item Model]: block.chaosawakens.fossilized_piglin_netherrack
[10Jul.2025 12:04:17.963] [main/DEBUG] [Chaos Awakens/]: [Setting Block & Item Model]: block.chaosawakens.fossilized_strider_netherrack
[10Jul.2025 12:04:17.963] [main/DEBUG] [Chaos Awakens/]: [Setting Block & Item Model]: block.chaosawakens.fossilized_warped_ent_netherrack
[10Jul.2025 12:04:17.963] [main/DEBUG] [Chaos Awakens/]: [Setting Block & Item Model]: block.chaosawakens.fossilized_wither_skeleton_netherrack
[10Jul.2025 12:04:17.964] [main/DEBUG] [Chaos Awakens/]: [Setting Block & Item Model]: block.chaosawakens.fossilized_zombified_piglin_netherrack
[10Jul.2025 12:04:17.964] [main/DEBUG] [Chaos Awakens/]: [Setting Block & Item Model]: block.chaosawakens.fossilized_magma_cube_blackstone
[10Jul.2025 12:04:17.964] [main/DEBUG] [Chaos Awakens/]: [Setting Block & Item Model]: block.chaosawakens.fossilized_skeleton_soul_soil
[10Jul.2025 12:04:17.964] [main/DEBUG] [Chaos Awakens/]: [Setting Block & Item Model]: block.chaosawakens.fossilized_acacia_ent_stone
[10Jul.2025 12:04:17.964] [main/DEBUG] [Chaos Awakens/]: [Setting Block & Item Model]: block.chaosawakens.fossilized_apple_cow_stone
[10Jul.2025 12:04:17.964] [main/DEBUG] [Chaos Awakens/]: [Setting Block & Item Model]: block.chaosawakens.fossilized_apple_ent_stone
[10Jul.2025 12:04:17.965] [main/DEBUG] [Chaos Awakens/]: [Setting Block & Item Model]: block.chaosawakens.fossilized_beaver_stone
[10Jul.2025 12:04:17.965] [main/DEBUG] [Chaos Awakens/]: [Setting Block & Item Model]: block.chaosawakens.fossilized_birch_ent_stone
[10Jul.2025 12:04:17.965] [main/DEBUG] [Chaos Awakens/]: [Setting Block & Item Model]: block.chaosawakens.fossilized_bird_stone
[10Jul.2025 12:04:17.965] [main/DEBUG] [Chaos Awakens/]: [Setting Block & Item Model]: block.chaosawakens.fossilized_carrot_pig_stone
[10Jul.2025 12:04:17.965] [main/DEBUG] [Chaos Awakens/]: [Setting Block & Item Model]: block.chaosawakens.fossilized_cherry_ent_stone
[10Jul.2025 12:04:17.965] [main/DEBUG] [Chaos Awakens/]: [Setting Block & Item Model]: block.chaosawakens.fossilized_dark_oak_ent_stone
[10Jul.2025 12:04:17.965] [main/DEBUG] [Chaos Awakens/]: [Setting Block & Item Model]: block.chaosawakens.fossilized_dimetrodon_stone
[10Jul.2025 12:04:17.965] [main/DEBUG] [Chaos Awakens/]: [Setting Block & Item Model]: block.chaosawakens.fossilized_emerald_gator_stone
[10Jul.2025 12:04:17.965] [main/DEBUG] [Chaos Awakens/]: [Setting Block & Item Model]: block.chaosawakens.fossilized_firefly_stone
[10Jul.2025 12:04:17.965] [main/DEBUG] [Chaos Awakens/]: [Setting Block & Item Model]: block.chaosawakens.fossilized_gazelle_stone
[10Jul.2025 12:04:17.966] [main/DEBUG] [Chaos Awakens/]: [Setting Block & Item Model]: block.chaosawakens.fossilized_golden_apple_cow_stone
[10Jul.2025 12:04:17.966] [main/DEBUG] [Chaos Awakens/]: [Setting Block & Item Model]: block.chaosawakens.fossilized_golden_carrot_pig_stone
[10Jul.2025 12:04:17.966] [main/DEBUG] [Chaos Awakens/]: [Setting Block & Item Model]: block.chaosawakens.fossilized_hercules_beetle_stone
[10Jul.2025 12:04:17.966] [main/DEBUG] [Chaos Awakens/]: [Setting Block & Item Model]: block.chaosawakens.fossilized_jungle_ent_stone
[10Jul.2025 12:04:17.966] [main/DEBUG] [Chaos Awakens/]: [Setting Block & Item Model]: block.chaosawakens.fossilized_lettuce_chicken_stone
[10Jul.2025 12:04:17.966] [main/DEBUG] [Chaos Awakens/]: [Setting Block & Item Model]: block.chaosawakens.fossilized_mantis_stone
[10Jul.2025 12:04:17.966] [main/DEBUG] [Chaos Awakens/]: [Setting Block & Item Model]: block.chaosawakens.fossilized_mosquito_stone
[10Jul.2025 12:04:17.966] [main/DEBUG] [Chaos Awakens/]: [Setting Block & Item Model]: block.chaosawakens.fossilized_moth_stone
[10Jul.2025 12:04:17.966] [main/DEBUG] [Chaos Awakens/]: [Setting Block & Item Model]: block.chaosawakens.fossilized_oak_ent_stone
[10Jul.2025 12:04:17.966] [main/DEBUG] [Chaos Awakens/]: [Setting Block & Item Model]: block.chaosawakens.fossilized_ostrich_stone
[10Jul.2025 12:04:17.966] [main/DEBUG] [Chaos Awakens/]: [Setting Block & Item Model]: block.chaosawakens.fossilized_peach_ent_stone
[10Jul.2025 12:04:17.966] [main/DEBUG] [Chaos Awakens/]: [Setting Block & Item Model]: block.chaosawakens.fossilized_ruby_bug_stone
[10Jul.2025 12:04:17.966] [main/DEBUG] [Chaos Awakens/]: [Setting Block & Item Model]: block.chaosawakens.fossilized_scorpion_stone
[10Jul.2025 12:04:17.966] [main/DEBUG] [Chaos Awakens/]: [Setting Block & Item Model]: block.chaosawakens.fossilized_spruce_ent_stone
[10Jul.2025 12:04:17.966] [main/DEBUG] [Chaos Awakens/]: [Setting Block & Item Model]: block.chaosawakens.fossilized_bat_stone
[10Jul.2025 12:04:17.968] [main/DEBUG] [Chaos Awakens/]: [Setting Block & Item Model]: block.chaosawakens.fossilized_bee_stone
[10Jul.2025 12:04:17.968] [main/DEBUG] [Chaos Awakens/]: [Setting Block & Item Model]: block.chaosawakens.fossilized_cat_stone
[10Jul.2025 12:04:17.968] [main/DEBUG] [Chaos Awakens/]: [Setting Block & Item Model]: block.chaosawakens.fossilized_cave_spider_stone
[10Jul.2025 12:04:17.968] [main/DEBUG] [Chaos Awakens/]: [Setting Block & Item Model]: block.chaosawakens.fossilized_chicken_stone
[10Jul.2025 12:04:17.968] [main/DEBUG] [Chaos Awakens/]: [Setting Block & Item Model]: block.chaosawakens.fossilized_cow_stone
[10Jul.2025 12:04:17.968] [main/DEBUG] [Chaos Awakens/]: [Setting Block & Item Model]: block.chaosawakens.fossilized_creeper_stone
[10Jul.2025 12:04:17.968] [main/DEBUG] [Chaos Awakens/]: [Setting Block & Item Model]: block.chaosawakens.fossilized_donkey_stone
[10Jul.2025 12:04:17.968] [main/DEBUG] [Chaos Awakens/]: [Setting Block & Item Model]: block.chaosawakens.fossilized_enderman_stone
[10Jul.2025 12:04:17.969] [main/DEBUG] [Chaos Awakens/]: [Setting Block & Item Model]: block.chaosawakens.fossilized_evoker_stone
[10Jul.2025 12:04:17.969] [main/DEBUG] [Chaos Awakens/]: [Setting Block & Item Model]: block.chaosawakens.fossilized_fox_stone
[10Jul.2025 12:04:17.969] [main/DEBUG] [Chaos Awakens/]: [Setting Block & Item Model]: block.chaosawakens.fossilized_frog_stone
[10Jul.2025 12:04:17.969] [main/DEBUG] [Chaos Awakens/]: [Setting Block & Item Model]: block.chaosawakens.fossilized_horse_stone
[10Jul.2025 12:04:17.969] [main/DEBUG] [Chaos Awakens/]: [Setting Block & Item Model]: block.chaosawakens.fossilized_husk_stone_stone
[10Jul.2025 12:04:17.969] [main/DEBUG] [Chaos Awakens/]: [Setting Block & Item Model]: block.chaosawakens.fossilized_llama_stone
[10Jul.2025 12:04:17.969] [main/DEBUG] [Chaos Awakens/]: [Setting Block & Item Model]: block.chaosawakens.fossilized_mooshroom_stone
[10Jul.2025 12:04:17.969] [main/DEBUG] [Chaos Awakens/]: [Setting Block & Item Model]: block.chaosawakens.fossilized_ocelot_stone
[10Jul.2025 12:04:17.970] [main/DEBUG] [Chaos Awakens/]: [Setting Block & Item Model]: block.chaosawakens.fossilized_panda_stone
[10Jul.2025 12:04:17.970] [main/DEBUG] [Chaos Awakens/]: [Setting Block & Item Model]: block.chaosawakens.fossilized_parrot_stone
[10Jul.2025 12:04:17.971] [main/DEBUG] [Chaos Awakens/]: [Setting Block & Item Model]: block.chaosawakens.fossilized_phantom_stone
[10Jul.2025 12:04:17.971] [main/DEBUG] [Chaos Awakens/]: [Setting Block & Item Model]: block.chaosawakens.fossilized_pig_stone
[10Jul.2025 12:04:17.971] [main/DEBUG] [Chaos Awakens/]: [Setting Block & Item Model]: block.chaosawakens.fossilized_pillager_stone
[10Jul.2025 12:04:17.971] [main/DEBUG] [Chaos Awakens/]: [Setting Block & Item Model]: block.chaosawakens.fossilized_polar_bear_stone
[10Jul.2025 12:04:17.971] [main/DEBUG] [Chaos Awakens/]: [Setting Block & Item Model]: block.chaosawakens.fossilized_rabbit_stone
[10Jul.2025 12:04:17.971] [main/DEBUG] [Chaos Awakens/]: [Setting Block & Item Model]: block.chaosawakens.fossilized_ravager_stone
[10Jul.2025 12:04:17.972] [main/DEBUG] [Chaos Awakens/]: [Setting Block & Item Model]: block.chaosawakens.fossilized_sheep_stone
[10Jul.2025 12:04:17.972] [main/DEBUG] [Chaos Awakens/]: [Setting Block & Item Model]: block.chaosawakens.fossilized_skeleton_stone
[10Jul.2025 12:04:17.972] [main/DEBUG] [Chaos Awakens/]: [Setting Block & Item Model]: block.chaosawakens.fossilized_skeleton_horse_stone
[10Jul.2025 12:04:17.972] [main/DEBUG] [Chaos Awakens/]: [Setting Block & Item Model]: block.chaosawakens.fossilized_slime_stone
[10Jul.2025 12:04:17.972] [main/DEBUG] [Chaos Awakens/]: [Setting Block & Item Model]: block.chaosawakens.fossilized_spider_stone
[10Jul.2025 12:04:17.972] [main/DEBUG] [Chaos Awakens/]: [Setting Block & Item Model]: block.chaosawakens.fossilized_villager_stone
[10Jul.2025 12:04:17.972] [main/DEBUG] [Chaos Awakens/]: [Setting Block & Item Model]: block.chaosawakens.fossilized_vindicator_stone
[10Jul.2025 12:04:17.972] [main/DEBUG] [Chaos Awakens/]: [Setting Block & Item Model]: block.chaosawakens.fossilized_wandering_trader_stone
[10Jul.2025 12:04:17.973] [main/DEBUG] [Chaos Awakens/]: [Setting Block & Item Model]: block.chaosawakens.fossilized_wasp_stone
[10Jul.2025 12:04:17.973] [main/DEBUG] [Chaos Awakens/]: [Setting Block & Item Model]: block.chaosawakens.fossilized_witch_stone
[10Jul.2025 12:04:17.973] [main/DEBUG] [Chaos Awakens/]: [Setting Block & Item Model]: block.chaosawakens.fossilized_wolf_stone
[10Jul.2025 12:04:17.973] [main/DEBUG] [Chaos Awakens/]: [Setting Block & Item Model]: block.chaosawakens.fossilized_zombie_stone
[10Jul.2025 12:04:17.973] [main/DEBUG] [Chaos Awakens/]: [Setting Block & Item Model]: block.chaosawakens.fossilized_zombie_horse_stone
[10Jul.2025 12:04:17.973] [main/DEBUG] [Chaos Awakens/]: [Setting Block & Item Model]: block.chaosawakens.fossilized_zombie_villager_stone
[10Jul.2025 12:04:17.973] [main/DEBUG] [Chaos Awakens/]: [Setting Block & Item Model]: block.chaosawakens.fossilized_warden_deepslate
[10Jul.2025 12:04:17.999] [main/INFO] [net.minecraft.data.DataGenerator/]: Chaos Awakens: Block & Block Item Models finished after 142 ms
[10Jul.2025 12:04:17.999] [main/INFO] [net.minecraft.data.DataGenerator/]: Starting provider: Chaos Awakens: Block States
[10Jul.2025 12:04:18.002] [main/DEBUG] [Chaos Awakens/]: [Setting BlockState]: block.chaosawakens.apple_log
[10Jul.2025 12:04:18.002] [main/DEBUG] [Chaos Awakens/]: [Setting BlockState]: block.chaosawakens.apple_wood
[10Jul.2025 12:04:18.002] [main/DEBUG] [Chaos Awakens/]: [Setting BlockState]: block.chaosawakens.stripped_apple_log
[10Jul.2025 12:04:18.002] [main/DEBUG] [Chaos Awakens/]: [Setting BlockState]: block.chaosawakens.stripped_apple_wood
[10Jul.2025 12:04:18.002] [main/DEBUG] [Chaos Awakens/]: [Setting BlockState]: block.chaosawakens.apple_planks
[10Jul.2025 12:04:18.003] [main/DEBUG] [Chaos Awakens/]: [Setting BlockState]: block.chaosawakens.apple_stairs
[10Jul.2025 12:04:18.003] [main/DEBUG] [Chaos Awakens/]: [Setting BlockState]: block.chaosawakens.apple_slab
[10Jul.2025 12:04:18.004] [main/DEBUG] [Chaos Awakens/]: [Setting BlockState]: block.chaosawakens.apple_fence
[10Jul.2025 12:04:18.004] [main/DEBUG] [Chaos Awakens/]: [Setting BlockState]: block.chaosawakens.apple_fence_gate
[10Jul.2025 12:04:18.004] [main/DEBUG] [Chaos Awakens/]: [Setting BlockState]: block.chaosawakens.apple_door
[10Jul.2025 12:04:18.004] [main/DEBUG] [Chaos Awakens/]: [Setting BlockState]: block.chaosawakens.apple_trapdoor
[10Jul.2025 12:04:18.004] [main/DEBUG] [Chaos Awakens/]: [Setting BlockState]: block.chaosawakens.apple_pressure_plate
[10Jul.2025 12:04:18.004] [main/DEBUG] [Chaos Awakens/]: [Setting BlockState]: block.chaosawakens.apple_button
[10Jul.2025 12:04:18.004] [main/DEBUG] [Chaos Awakens/]: [Setting BlockState]: block.chaosawakens.crystalwood_log
[10Jul.2025 12:04:18.004] [main/DEBUG] [Chaos Awakens/]: [Setting BlockState]: block.chaosawakens.crystalwood
[10Jul.2025 12:04:18.004] [main/DEBUG] [Chaos Awakens/]: [Setting BlockState]: block.chaosawakens.stripped_crystalwood_log
[10Jul.2025 12:04:18.004] [main/DEBUG] [Chaos Awakens/]: [Setting BlockState]: block.chaosawakens.stripped_crystalwood
[10Jul.2025 12:04:18.004] [main/DEBUG] [Chaos Awakens/]: [Setting BlockState]: block.chaosawakens.crystalwood_planks
[10Jul.2025 12:04:18.004] [main/DEBUG] [Chaos Awakens/]: [Setting BlockState]: block.chaosawakens.crystalwood_stairs
[10Jul.2025 12:04:18.004] [main/DEBUG] [Chaos Awakens/]: [Setting BlockState]: block.chaosawakens.crystalwood_slab
[10Jul.2025 12:04:18.004] [main/DEBUG] [Chaos Awakens/]: [Setting BlockState]: block.chaosawakens.crystalwood_fence
[10Jul.2025 12:04:18.004] [main/DEBUG] [Chaos Awakens/]: [Setting BlockState]: block.chaosawakens.crystalwood_fence_gate
[10Jul.2025 12:04:18.004] [main/DEBUG] [Chaos Awakens/]: [Setting BlockState]: block.chaosawakens.crystalwood_door
[10Jul.2025 12:04:18.004] [main/DEBUG] [Chaos Awakens/]: [Setting BlockState]: block.chaosawakens.crystalwood_trapdoor
[10Jul.2025 12:04:18.004] [main/DEBUG] [Chaos Awakens/]: [Setting BlockState]: block.chaosawakens.crystalwood_pressure_plate
[10Jul.2025 12:04:18.004] [main/DEBUG] [Chaos Awakens/]: [Setting BlockState]: block.chaosawakens.crystalwood_button
[10Jul.2025 12:04:18.004] [main/DEBUG] [Chaos Awakens/]: [Setting BlockState]: block.chaosawakens.densewood_log
[10Jul.2025 12:04:18.004] [main/DEBUG] [Chaos Awakens/]: [Setting BlockState]: block.chaosawakens.densewood
[10Jul.2025 12:04:18.004] [main/DEBUG] [Chaos Awakens/]: [Setting BlockState]: block.chaosawakens.stripped_densewood_log
[10Jul.2025 12:04:18.004] [main/DEBUG] [Chaos Awakens/]: [Setting BlockState]: block.chaosawakens.stripped_densewood
[10Jul.2025 12:04:18.004] [main/DEBUG] [Chaos Awakens/]: [Setting BlockState]: block.chaosawakens.densewood_planks
[10Jul.2025 12:04:18.004] [main/DEBUG] [Chaos Awakens/]: [Setting BlockState]: block.chaosawakens.densewood_stairs
[10Jul.2025 12:04:18.004] [main/DEBUG] [Chaos Awakens/]: [Setting BlockState]: block.chaosawakens.densewood_slab
[10Jul.2025 12:04:18.004] [main/DEBUG] [Chaos Awakens/]: [Setting BlockState]: block.chaosawakens.densewood_fence
[10Jul.2025 12:04:18.006] [main/DEBUG] [Chaos Awakens/]: [Setting BlockState]: block.chaosawakens.densewood_fence_gate
[10Jul.2025 12:04:18.006] [main/DEBUG] [Chaos Awakens/]: [Setting BlockState]: block.chaosawakens.densewood_door
[10Jul.2025 12:04:18.006] [main/DEBUG] [Chaos Awakens/]: [Setting BlockState]: block.chaosawakens.densewood_trapdoor
[10Jul.2025 12:04:18.006] [main/DEBUG] [Chaos Awakens/]: [Setting BlockState]: block.chaosawakens.densewood_pressure_plate
[10Jul.2025 12:04:18.006] [main/DEBUG] [Chaos Awakens/]: [Setting BlockState]: block.chaosawakens.densewood_button
[10Jul.2025 12:04:18.006] [main/DEBUG] [Chaos Awakens/]: [Setting BlockState]: block.chaosawakens.duplicator_log
[10Jul.2025 12:04:18.006] [main/DEBUG] [Chaos Awakens/]: [Setting BlockState]: block.chaosawakens.duplicator_wood
[10Jul.2025 12:04:18.006] [main/DEBUG] [Chaos Awakens/]: [Setting BlockState]: block.chaosawakens.stripped_duplicator_log
[10Jul.2025 12:04:18.006] [main/DEBUG] [Chaos Awakens/]: [Setting BlockState]: block.chaosawakens.stripped_duplicator_wood
[10Jul.2025 12:04:18.006] [main/DEBUG] [Chaos Awakens/]: [Setting BlockState]: block.chaosawakens.dead_duplicator_log
[10Jul.2025 12:04:18.006] [main/DEBUG] [Chaos Awakens/]: [Setting BlockState]: block.chaosawakens.dead_duplicator_wood
[10Jul.2025 12:04:18.006] [main/DEBUG] [Chaos Awakens/]: [Setting BlockState]: block.chaosawakens.stripped_dead_duplicator_log
[10Jul.2025 12:04:18.006] [main/DEBUG] [Chaos Awakens/]: [Setting BlockState]: block.chaosawakens.stripped_dead_duplicator_wood
[10Jul.2025 12:04:18.006] [main/DEBUG] [Chaos Awakens/]: [Setting BlockState]: block.chaosawakens.duplicator_planks
[10Jul.2025 12:04:18.006] [main/DEBUG] [Chaos Awakens/]: [Setting BlockState]: block.chaosawakens.duplicator_stairs
[10Jul.2025 12:04:18.006] [main/DEBUG] [Chaos Awakens/]: [Setting BlockState]: block.chaosawakens.duplicator_slab
[10Jul.2025 12:04:18.006] [main/DEBUG] [Chaos Awakens/]: [Setting BlockState]: block.chaosawakens.duplicator_fence
[10Jul.2025 12:04:18.006] [main/DEBUG] [Chaos Awakens/]: [Setting BlockState]: block.chaosawakens.duplicator_fence_gate
[10Jul.2025 12:04:18.006] [main/DEBUG] [Chaos Awakens/]: [Setting BlockState]: block.chaosawakens.duplicator_door
[10Jul.2025 12:04:18.006] [main/DEBUG] [Chaos Awakens/]: [Setting BlockState]: block.chaosawakens.duplicator_trapdoor
[10Jul.2025 12:04:18.006] [main/DEBUG] [Chaos Awakens/]: [Setting BlockState]: block.chaosawakens.duplicator_pressure_plate
[10Jul.2025 12:04:18.006] [main/DEBUG] [Chaos Awakens/]: [Setting BlockState]: block.chaosawakens.duplicator_button
[10Jul.2025 12:04:18.006] [main/DEBUG] [Chaos Awakens/]: [Setting BlockState]: block.chaosawakens.ginkgo_log
[10Jul.2025 12:04:18.006] [main/DEBUG] [Chaos Awakens/]: [Setting BlockState]: block.chaosawakens.ginkgo_wood
[10Jul.2025 12:04:18.006] [main/DEBUG] [Chaos Awakens/]: [Setting BlockState]: block.chaosawakens.stripped_ginkgo_log
[10Jul.2025 12:04:18.006] [main/DEBUG] [Chaos Awakens/]: [Setting BlockState]: block.chaosawakens.stripped_ginkgo_wood
[10Jul.2025 12:04:18.006] [main/DEBUG] [Chaos Awakens/]: [Setting BlockState]: block.chaosawakens.ginkgo_planks
[10Jul.2025 12:04:18.006] [main/DEBUG] [Chaos Awakens/]: [Setting BlockState]: block.chaosawakens.ginkgo_stairs
[10Jul.2025 12:04:18.006] [main/DEBUG] [Chaos Awakens/]: [Setting BlockState]: block.chaosawakens.ginkgo_slab
[10Jul.2025 12:04:18.006] [main/DEBUG] [Chaos Awakens/]: [Setting BlockState]: block.chaosawakens.ginkgo_fence
[10Jul.2025 12:04:18.006] [main/DEBUG] [Chaos Awakens/]: [Setting BlockState]: block.chaosawakens.ginkgo_fence_gate
[10Jul.2025 12:04:18.006] [main/DEBUG] [Chaos Awakens/]: [Setting BlockState]: block.chaosawakens.ginkgo_door
[10Jul.2025 12:04:18.006] [main/DEBUG] [Chaos Awakens/]: [Setting BlockState]: block.chaosawakens.ginkgo_trapdoor
[10Jul.2025 12:04:18.006] [main/DEBUG] [Chaos Awakens/]: [Setting BlockState]: block.chaosawakens.ginkgo_pressure_plate
[10Jul.2025 12:04:18.006] [main/DEBUG] [Chaos Awakens/]: [Setting BlockState]: block.chaosawakens.ginkgo_button
[10Jul.2025 12:04:18.006] [main/DEBUG] [Chaos Awakens/]: [Setting BlockState]: block.chaosawakens.mesozoic_log
[10Jul.2025 12:04:18.006] [main/DEBUG] [Chaos Awakens/]: [Setting BlockState]: block.chaosawakens.mesozoic_wood
[10Jul.2025 12:04:18.006] [main/DEBUG] [Chaos Awakens/]: [Setting BlockState]: block.chaosawakens.stripped_mesozoic_log
[10Jul.2025 12:04:18.006] [main/DEBUG] [Chaos Awakens/]: [Setting BlockState]: block.chaosawakens.stripped_mesozoic_wood
[10Jul.2025 12:04:18.006] [main/DEBUG] [Chaos Awakens/]: [Setting BlockState]: block.chaosawakens.mesozoic_planks
[10Jul.2025 12:04:18.006] [main/DEBUG] [Chaos Awakens/]: [Setting BlockState]: block.chaosawakens.mesozoic_stairs
[10Jul.2025 12:04:18.006] [main/DEBUG] [Chaos Awakens/]: [Setting BlockState]: block.chaosawakens.mesozoic_slab
[10Jul.2025 12:04:18.006] [main/DEBUG] [Chaos Awakens/]: [Setting BlockState]: block.chaosawakens.mesozoic_fence
[10Jul.2025 12:04:18.006] [main/DEBUG] [Chaos Awakens/]: [Setting BlockState]: block.chaosawakens.mesozoic_fence_gate
[10Jul.2025 12:04:18.006] [main/DEBUG] [Chaos Awakens/]: [Setting BlockState]: block.chaosawakens.mesozoic_door
[10Jul.2025 12:04:18.006] [main/DEBUG] [Chaos Awakens/]: [Setting BlockState]: block.chaosawakens.mesozoic_trapdoor
[10Jul.2025 12:04:18.006] [main/DEBUG] [Chaos Awakens/]: [Setting BlockState]: block.chaosawakens.mesozoic_pressure_plate
[10Jul.2025 12:04:18.006] [main/DEBUG] [Chaos Awakens/]: [Setting BlockState]: block.chaosawakens.mesozoic_button
[10Jul.2025 12:04:18.006] [main/DEBUG] [Chaos Awakens/]: [Setting BlockState]: block.chaosawakens.peach_log
[10Jul.2025 12:04:18.006] [main/DEBUG] [Chaos Awakens/]: [Setting BlockState]: block.chaosawakens.peach_wood
[10Jul.2025 12:04:18.006] [main/DEBUG] [Chaos Awakens/]: [Setting BlockState]: block.chaosawakens.stripped_peach_log
[10Jul.2025 12:04:18.006] [main/DEBUG] [Chaos Awakens/]: [Setting BlockState]: block.chaosawakens.stripped_peach_wood
[10Jul.2025 12:04:18.006] [main/DEBUG] [Chaos Awakens/]: [Setting BlockState]: block.chaosawakens.peach_planks
[10Jul.2025 12:04:18.006] [main/DEBUG] [Chaos Awakens/]: [Setting BlockState]: block.chaosawakens.peach_stairs
[10Jul.2025 12:04:18.006] [main/DEBUG] [Chaos Awakens/]: [Setting BlockState]: block.chaosawakens.peach_slab
[10Jul.2025 12:04:18.006] [main/DEBUG] [Chaos Awakens/]: [Setting BlockState]: block.chaosawakens.peach_fence
[10Jul.2025 12:04:18.006] [main/DEBUG] [Chaos Awakens/]: [Setting BlockState]: block.chaosawakens.peach_fence_gate
[10Jul.2025 12:04:18.006] [main/DEBUG] [Chaos Awakens/]: [Setting BlockState]: block.chaosawakens.peach_door
[10Jul.2025 12:04:18.006] [main/DEBUG] [Chaos Awakens/]: [Setting BlockState]: block.chaosawakens.peach_trapdoor
[10Jul.2025 12:04:18.006] [main/DEBUG] [Chaos Awakens/]: [Setting BlockState]: block.chaosawakens.peach_pressure_plate
[10Jul.2025 12:04:18.006] [main/DEBUG] [Chaos Awakens/]: [Setting BlockState]: block.chaosawakens.peach_button
[10Jul.2025 12:04:18.006] [main/DEBUG] [Chaos Awakens/]: [Setting BlockState]: block.chaosawakens.skywood_log
[10Jul.2025 12:04:18.006] [main/DEBUG] [Chaos Awakens/]: [Setting BlockState]: block.chaosawakens.skywood
[10Jul.2025 12:04:18.006] [main/DEBUG] [Chaos Awakens/]: [Setting BlockState]: block.chaosawakens.stripped_skywood_log
[10Jul.2025 12:04:18.006] [main/DEBUG] [Chaos Awakens/]: [Setting BlockState]: block.chaosawakens.stripped_skywood
[10Jul.2025 12:04:18.006] [main/DEBUG] [Chaos Awakens/]: [Setting BlockState]: block.chaosawakens.skywood_planks
[10Jul.2025 12:04:18.006] [main/DEBUG] [Chaos Awakens/]: [Setting BlockState]: block.chaosawakens.skywood_stairs
[10Jul.2025 12:04:18.006] [main/DEBUG] [Chaos Awakens/]: [Setting BlockState]: block.chaosawakens.skywood_slab
[10Jul.2025 12:04:18.006] [main/DEBUG] [Chaos Awakens/]: [Setting BlockState]: block.chaosawakens.skywood_fence
[10Jul.2025 12:04:18.006] [main/DEBUG] [Chaos Awakens/]: [Setting BlockState]: block.chaosawakens.skywood_fence_gate
[10Jul.2025 12:04:18.007] [main/DEBUG] [Chaos Awakens/]: [Setting BlockState]: block.chaosawakens.skywood_door
[10Jul.2025 12:04:18.007] [main/DEBUG] [Chaos Awakens/]: [Setting BlockState]: block.chaosawakens.skywood_trapdoor
[10Jul.2025 12:04:18.007] [main/DEBUG] [Chaos Awakens/]: [Setting BlockState]: block.chaosawakens.skywood_pressure_plate
[10Jul.2025 12:04:18.007] [main/DEBUG] [Chaos Awakens/]: [Setting BlockState]: block.chaosawakens.skywood_button
[10Jul.2025 12:04:18.007] [main/DEBUG] [Chaos Awakens/]: [Setting BlockState]: block.chaosawakens.apple_leaves
[10Jul.2025 12:04:18.007] [main/DEBUG] [Chaos Awakens/]: [Setting BlockState]: block.chaosawakens.densewood_leaves
[10Jul.2025 12:04:18.007] [main/DEBUG] [Chaos Awakens/]: [Setting BlockState]: block.chaosawakens.duplicator_leaves
[10Jul.2025 12:04:18.007] [main/DEBUG] [Chaos Awakens/]: [Setting BlockState]: block.chaosawakens.ginkgo_leaves
[10Jul.2025 12:04:18.007] [main/DEBUG] [Chaos Awakens/]: [Setting BlockState]: block.chaosawakens.mesozoic_leaves
[10Jul.2025 12:04:18.007] [main/DEBUG] [Chaos Awakens/]: [Setting BlockState]: block.chaosawakens.peach_leaves
[10Jul.2025 12:04:18.007] [main/DEBUG] [Chaos Awakens/]: [Setting BlockState]: block.chaosawakens.skywood_leaves
[10Jul.2025 12:04:18.007] [main/DEBUG] [Chaos Awakens/]: [Setting BlockState]: block.chaosawakens.apple_leaf_carpet
[10Jul.2025 12:04:18.007] [main/DEBUG] [Chaos Awakens/]: [Setting BlockState]: block.chaosawakens.densewood_leaf_carpet
[10Jul.2025 12:04:18.007] [main/DEBUG] [Chaos Awakens/]: [Setting BlockState]: block.chaosawakens.duplicator_leaf_carpet
[10Jul.2025 12:04:18.007] [main/DEBUG] [Chaos Awakens/]: [Setting BlockState]: block.chaosawakens.ginkgo_leaf_carpet
[10Jul.2025 12:04:18.007] [main/DEBUG] [Chaos Awakens/]: [Setting BlockState]: block.chaosawakens.mesozoic_leaf_carpet
[10Jul.2025 12:04:18.007] [main/DEBUG] [Chaos Awakens/]: [Setting BlockState]: block.chaosawakens.peach_leaf_carpet
[10Jul.2025 12:04:18.007] [main/DEBUG] [Chaos Awakens/]: [Setting BlockState]: block.chaosawakens.skywood_leaf_carpet
[10Jul.2025 12:04:18.007] [main/DEBUG] [Chaos Awakens/]: [Setting BlockState]: block.chaosawakens.acacia_leaf_carpet
[10Jul.2025 12:04:18.007] [main/DEBUG] [Chaos Awakens/]: [Setting BlockState]: block.chaosawakens.birch_leaf_carpet
[10Jul.2025 12:04:18.007] [main/DEBUG] [Chaos Awakens/]: [Setting BlockState]: block.chaosawakens.cherry_leaf_carpet
[10Jul.2025 12:04:18.007] [main/DEBUG] [Chaos Awakens/]: [Setting BlockState]: block.chaosawakens.dark_oak_leaf_carpet
[10Jul.2025 12:04:18.007] [main/DEBUG] [Chaos Awakens/]: [Setting BlockState]: block.chaosawakens.mangrove_leaf_carpet
[10Jul.2025 12:04:18.007] [main/DEBUG] [Chaos Awakens/]: [Setting BlockState]: block.chaosawakens.oak_leaf_carpet
[10Jul.2025 12:04:18.007] [main/DEBUG] [Chaos Awakens/]: [Setting BlockState]: block.chaosawakens.spruce_leaf_carpet
[10Jul.2025 12:04:18.007] [main/DEBUG] [Chaos Awakens/]: [Setting BlockState]: block.chaosawakens.apple_gate_block
[10Jul.2025 12:04:18.007] [main/DEBUG] [Chaos Awakens/]: [Setting BlockState]: block.chaosawakens.crystalwood_gate_block
[10Jul.2025 12:04:18.007] [main/DEBUG] [Chaos Awakens/]: [Setting BlockState]: block.chaosawakens.densewood_gate_block
[10Jul.2025 12:04:18.007] [main/DEBUG] [Chaos Awakens/]: [Setting BlockState]: block.chaosawakens.duplicator_gate_block
[10Jul.2025 12:04:18.007] [main/DEBUG] [Chaos Awakens/]: [Setting BlockState]: block.chaosawakens.ginkgo_gate_block
[10Jul.2025 12:04:18.007] [main/DEBUG] [Chaos Awakens/]: [Setting BlockState]: block.chaosawakens.mesozoic_gate_block
[10Jul.2025 12:04:18.007] [main/DEBUG] [Chaos Awakens/]: [Setting BlockState]: block.chaosawakens.peach_gate_block
[10Jul.2025 12:04:18.007] [main/DEBUG] [Chaos Awakens/]: [Setting BlockState]: block.chaosawakens.skywood_gate_block
[10Jul.2025 12:04:18.007] [main/DEBUG] [Chaos Awakens/]: [Setting BlockState]: block.chaosawakens.acacia_gate_block
[10Jul.2025 12:04:18.007] [main/DEBUG] [Chaos Awakens/]: [Setting BlockState]: block.chaosawakens.birch_gate_block
[10Jul.2025 12:04:18.007] [main/DEBUG] [Chaos Awakens/]: [Setting BlockState]: block.chaosawakens.cherry_gate_block
[10Jul.2025 12:04:18.007] [main/DEBUG] [Chaos Awakens/]: [Setting BlockState]: block.chaosawakens.crimson_gate_block
[10Jul.2025 12:04:18.007] [main/DEBUG] [Chaos Awakens/]: [Setting BlockState]: block.chaosawakens.dark_oak_gate_block
[10Jul.2025 12:04:18.007] [main/DEBUG] [Chaos Awakens/]: [Setting BlockState]: block.chaosawakens.mangrove_gate_block
[10Jul.2025 12:04:18.007] [main/DEBUG] [Chaos Awakens/]: [Setting BlockState]: block.chaosawakens.oak_gate_block
[10Jul.2025 12:04:18.007] [main/DEBUG] [Chaos Awakens/]: [Setting BlockState]: block.chaosawakens.spruce_gate_block
[10Jul.2025 12:04:18.007] [main/DEBUG] [Chaos Awakens/]: [Setting BlockState]: block.chaosawakens.warped_gate_block
[10Jul.2025 12:04:18.007] [main/DEBUG] [Chaos Awakens/]: [Setting BlockState]: block.chaosawakens.kunzite_block
[10Jul.2025 12:04:18.007] [main/DEBUG] [Chaos Awakens/]: [Setting BlockState]: block.chaosawakens.ruby_block
[10Jul.2025 12:04:18.007] [main/DEBUG] [Chaos Awakens/]: [Setting BlockState]: block.chaosawakens.titanium_block
[10Jul.2025 12:04:18.007] [main/DEBUG] [Chaos Awakens/]: [Setting BlockState]: block.chaosawakens.uranium_block
[10Jul.2025 12:04:18.007] [main/DEBUG] [Chaos Awakens/]: [Setting BlockState]: block.chaosawakens.ender_pearl_block
[10Jul.2025 12:04:18.007] [main/DEBUG] [Chaos Awakens/]: [Setting BlockState]: block.chaosawakens.ender_eye_block
[10Jul.2025 12:04:18.007] [main/DEBUG] [Chaos Awakens/]: [Setting BlockState]: block.chaosawakens.basilisk_scale_block
[10Jul.2025 12:04:18.007] [main/DEBUG] [Chaos Awakens/]: [Setting BlockState]: block.chaosawakens.emperor_scorpion_scale_block
[10Jul.2025 12:04:18.007] [main/DEBUG] [Chaos Awakens/]: [Setting BlockState]: block.chaosawakens.ender_dragon_scale_block
[10Jul.2025 12:04:18.007] [main/DEBUG] [Chaos Awakens/]: [Setting BlockState]: block.chaosawakens.mobzilla_scale_block
[10Jul.2025 12:04:18.007] [main/DEBUG] [Chaos Awakens/]: [Setting BlockState]: block.chaosawakens.moth_scale_block
[10Jul.2025 12:04:18.007] [main/DEBUG] [Chaos Awakens/]: [Setting BlockState]: block.chaosawakens.nightmare_scale_block
[10Jul.2025 12:04:18.007] [main/DEBUG] [Chaos Awakens/]: [Setting BlockState]: block.chaosawakens.queen_scale_block
[10Jul.2025 12:04:18.007] [main/DEBUG] [Chaos Awakens/]: [Setting BlockState]: block.chaosawakens.royal_guardian_scale_block
[10Jul.2025 12:04:18.007] [main/DEBUG] [Chaos Awakens/]: [Setting BlockState]: block.chaosawakens.water_dragon_scale_block
[10Jul.2025 12:04:18.007] [main/DEBUG] [Chaos Awakens/]: [Setting BlockState]: block.chaosawakens.salt_block
[10Jul.2025 12:04:18.007] [main/DEBUG] [Chaos Awakens/]: [Setting BlockState]: block.chaosawakens.dredgestone
[10Jul.2025 12:04:18.007] [main/DEBUG] [Chaos Awakens/]: [Setting BlockState]: block.chaosawakens.dredgestone_bricks
[10Jul.2025 12:04:18.007] [main/DEBUG] [Chaos Awakens/]: [Setting BlockState]: block.chaosawakens.gloomstone
[10Jul.2025 12:04:18.007] [main/DEBUG] [Chaos Awakens/]: [Setting BlockState]: block.chaosawakens.gloomstone_bricks
[10Jul.2025 12:04:18.007] [main/DEBUG] [Chaos Awakens/]: [Setting BlockState]: block.chaosawakens.mining_lamp
[10Jul.2025 12:04:18.007] [main/DEBUG] [Chaos Awakens/]: [Setting BlockState]: block.chaosawakens.mining_wood
[10Jul.2025 12:04:18.007] [main/DEBUG] [Chaos Awakens/]: [Setting BlockState]: block.chaosawakens.mining_planks
[10Jul.2025 12:04:18.007] [main/DEBUG] [Chaos Awakens/]: [Setting BlockState]: block.chaosawakens.mining_slab
[10Jul.2025 12:04:18.008] [main/DEBUG] [Chaos Awakens/]: [Setting BlockState]: block.chaosawakens.mining_fence
[10Jul.2025 12:04:18.008] [main/DEBUG] [Chaos Awakens/]: [Setting BlockState]: block.chaosawakens.flower_stem
[10Jul.2025 12:04:18.008] [main/DEBUG] [Chaos Awakens/]: [Setting BlockState]: block.chaosawakens.blood_red_petal_block
[10Jul.2025 12:04:18.008] [main/DEBUG] [Chaos Awakens/]: [Setting BlockState]: block.chaosawakens.bright_pink_petal_block
[10Jul.2025 12:04:18.008] [main/DEBUG] [Chaos Awakens/]: [Setting BlockState]: block.chaosawakens.navy_blue_petal_block
[10Jul.2025 12:04:18.008] [main/DEBUG] [Chaos Awakens/]: [Setting BlockState]: block.chaosawakens.cyan_rose
[10Jul.2025 12:04:18.008] [main/DEBUG] [Chaos Awakens/]: [Setting BlockState]: block.chaosawakens.red_rose
[10Jul.2025 12:04:18.008] [main/DEBUG] [Chaos Awakens/]: [Setting BlockState]: block.chaosawakens.paeonia
[10Jul.2025 12:04:18.008] [main/DEBUG] [Chaos Awakens/]: [Setting BlockState]: block.chaosawakens.swamp_milkweed
[10Jul.2025 12:04:18.008] [main/DEBUG] [Chaos Awakens/]: [Setting BlockState]: block.chaosawakens.primrose
[10Jul.2025 12:04:18.008] [main/DEBUG] [Chaos Awakens/]: [Setting BlockState]: block.chaosawakens.daisy
[10Jul.2025 12:04:18.008] [main/DEBUG] [Chaos Awakens/]: [Setting BlockState]: block.chaosawakens.dense_grass_block
[10Jul.2025 12:04:18.008] [main/DEBUG] [Chaos Awakens/]: [Setting BlockState]: block.chaosawakens.dense_dirt
[10Jul.2025 12:04:18.008] [main/DEBUG] [Chaos Awakens/]: [Setting BlockState]: block.chaosawakens.dense_farmland
[10Jul.2025 12:04:18.008] [main/DEBUG] [Chaos Awakens/]: [Setting BlockState]: block.chaosawakens.dense_grass
[10Jul.2025 12:04:18.008] [main/DEBUG] [Chaos Awakens/]: [Setting BlockState]: block.chaosawakens.tall_dense_grass
[10Jul.2025 12:04:18.008] [main/DEBUG] [Chaos Awakens/]: [Setting BlockState]: block.chaosawakens.thorny_sun
[10Jul.2025 12:04:18.008] [main/DEBUG] [Chaos Awakens/]: [Setting BlockState]: block.chaosawakens.blue_bulb
[10Jul.2025 12:04:18.008] [main/DEBUG] [Chaos Awakens/]: [Setting BlockState]: block.chaosawakens.pink_bulb
[10Jul.2025 12:04:18.008] [main/DEBUG] [Chaos Awakens/]: [Setting BlockState]: block.chaosawakens.purple_bulb
[10Jul.2025 12:04:18.008] [main/DEBUG] [Chaos Awakens/]: [Setting BlockState]: block.chaosawakens.dense_orchid
[10Jul.2025 12:04:18.008] [main/DEBUG] [Chaos Awakens/]: [Setting BlockState]: block.chaosawakens.dense_rose
[10Jul.2025 12:04:18.008] [main/DEBUG] [Chaos Awakens/]: [Setting BlockState]: block.chaosawakens.terra_preta
[10Jul.2025 12:04:18.008] [main/DEBUG] [Chaos Awakens/]: [Setting BlockState]: block.chaosawakens.terra_preta_farmland
[10Jul.2025 12:04:18.008] [main/DEBUG] [Chaos Awakens/]: [Setting BlockState]: block.chaosawakens.tar
[10Jul.2025 12:04:18.008] [main/DEBUG] [Chaos Awakens/]: [Setting BlockState]: block.chaosawakens.latosol
[10Jul.2025 12:04:18.008] [main/DEBUG] [Chaos Awakens/]: [Setting BlockState]: block.chaosawakens.alstroemeriat
[10Jul.2025 12:04:18.008] [main/DEBUG] [Chaos Awakens/]: [Setting BlockState]: block.chaosawakens.bush
[10Jul.2025 12:04:18.008] [main/DEBUG] [Chaos Awakens/]: [Setting BlockState]: block.chaosawakens.tall_bush
[10Jul.2025 12:04:18.008] [main/DEBUG] [Chaos Awakens/]: [Setting BlockState]: block.chaosawakens.small_carnivorous_plant
[10Jul.2025 12:04:18.008] [main/DEBUG] [Chaos Awakens/]: [Setting BlockState]: block.chaosawakens.big_carnivorous_plant
[10Jul.2025 12:04:18.008] [main/DEBUG] [Chaos Awakens/]: [Setting BlockState]: block.chaosawakens.dense_bush
[10Jul.2025 12:04:18.008] [main/DEBUG] [Chaos Awakens/]: [Setting BlockState]: block.chaosawakens.tall_dense_bush
[10Jul.2025 12:04:18.008] [main/DEBUG] [Chaos Awakens/]: [Setting BlockState]: block.chaosawakens.horsetail_restio
[10Jul.2025 12:04:18.008] [main/DEBUG] [Chaos Awakens/]: [Setting BlockState]: block.chaosawakens.king_protea
[10Jul.2025 12:04:18.008] [main/DEBUG] [Chaos Awakens/]: [Setting BlockState]: block.chaosawakens.luminara_petal
[10Jul.2025 12:04:18.008] [main/DEBUG] [Chaos Awakens/]: [Setting BlockState]: block.chaosawakens.large_densewood_bush
[10Jul.2025 12:04:18.008] [main/DEBUG] [Chaos Awakens/]: [Setting BlockState]: block.chaosawakens.large_ginkgo_bush
[10Jul.2025 12:04:18.008] [main/DEBUG] [Chaos Awakens/]: [Setting BlockState]: block.chaosawakens.large_mesozoic_bush
[10Jul.2025 12:04:18.008] [main/DEBUG] [Chaos Awakens/]: [Setting BlockState]: block.chaosawakens.crystal_grass_block
[10Jul.2025 12:04:18.008] [main/DEBUG] [Chaos Awakens/]: [Setting BlockState]: block.chaosawakens.crystal_grass
[10Jul.2025 12:04:18.008] [main/DEBUG] [Chaos Awakens/]: [Setting BlockState]: block.chaosawakens.tall_crystal_grass
[10Jul.2025 12:04:18.008] [main/DEBUG] [Chaos Awakens/]: [Setting BlockState]: block.chaosawakens.black_crystal_growth
[10Jul.2025 12:04:18.008] [main/DEBUG] [Chaos Awakens/]: [Setting BlockState]: block.chaosawakens.brown_crystal_growth
[10Jul.2025 12:04:18.008] [main/DEBUG] [Chaos Awakens/]: [Setting BlockState]: block.chaosawakens.green_crystal_growth
[10Jul.2025 12:04:18.008] [main/DEBUG] [Chaos Awakens/]: [Setting BlockState]: block.chaosawakens.pink_crystal_growth
[10Jul.2025 12:04:18.008] [main/DEBUG] [Chaos Awakens/]: [Setting BlockState]: block.chaosawakens.purple_crystal_growth
[10Jul.2025 12:04:18.008] [main/DEBUG] [Chaos Awakens/]: [Setting BlockState]: block.chaosawakens.yellow_crystal_growth
[10Jul.2025 12:04:18.008] [main/DEBUG] [Chaos Awakens/]: [Setting BlockState]: block.chaosawakens.blue_crystal_flower
[10Jul.2025 12:04:18.008] [main/DEBUG] [Chaos Awakens/]: [Setting BlockState]: block.chaosawakens.green_crystal_flower
[10Jul.2025 12:04:18.008] [main/DEBUG] [Chaos Awakens/]: [Setting BlockState]: block.chaosawakens.orange_crystal_flower
[10Jul.2025 12:04:18.008] [main/DEBUG] [Chaos Awakens/]: [Setting BlockState]: block.chaosawakens.pink_crystal_flower
[10Jul.2025 12:04:18.008] [main/DEBUG] [Chaos Awakens/]: [Setting BlockState]: block.chaosawakens.red_crystal_flower
[10Jul.2025 12:04:18.008] [main/DEBUG] [Chaos Awakens/]: [Setting BlockState]: block.chaosawakens.yellow_crystal_flower
[10Jul.2025 12:04:18.008] [main/DEBUG] [Chaos Awakens/]: [Setting BlockState]: block.chaosawakens.crystalized_crystal_apple_cow_kyanite
[10Jul.2025 12:04:18.008] [main/DEBUG] [Chaos Awakens/]: [Setting BlockState]: block.chaosawakens.crystalized_crystal_carrot_pig_kyanite
[10Jul.2025 12:04:18.008] [main/DEBUG] [Chaos Awakens/]: [Setting BlockState]: block.chaosawakens.crystalized_crystal_gator_kyanite
[10Jul.2025 12:04:18.008] [main/DEBUG] [Chaos Awakens/]: [Setting BlockState]: block.chaosawakens.fossilized_enderman_end_stone
[10Jul.2025 12:04:18.008] [main/DEBUG] [Chaos Awakens/]: [Setting BlockState]: block.chaosawakens.fossilized_endermite_end_stone
[10Jul.2025 12:04:18.008] [main/DEBUG] [Chaos Awakens/]: [Setting BlockState]: block.chaosawakens.fossilized_shulker_end_stone
[10Jul.2025 12:04:18.008] [main/DEBUG] [Chaos Awakens/]: [Setting BlockState]: block.chaosawakens.frozen_arctic_fox_ice
[10Jul.2025 12:04:18.008] [main/DEBUG] [Chaos Awakens/]: [Setting BlockState]: block.chaosawakens.frozen_polar_bear_ice
[10Jul.2025 12:04:18.008] [main/DEBUG] [Chaos Awakens/]: [Setting BlockState]: block.chaosawakens.frozen_snow_golem_ice
[10Jul.2025 12:04:18.008] [main/DEBUG] [Chaos Awakens/]: [Setting BlockState]: block.chaosawakens.frozen_stray_ice
[10Jul.2025 12:04:18.008] [main/DEBUG] [Chaos Awakens/]: [Setting BlockState]: block.chaosawakens.fossilized_greenfish_gravel
[10Jul.2025 12:04:18.008] [main/DEBUG] [Chaos Awakens/]: [Setting BlockState]: block.chaosawakens.fossilized_rock_fish_gravel
[10Jul.2025 12:04:18.008] [main/DEBUG] [Chaos Awakens/]: [Setting BlockState]: block.chaosawakens.fossilized_spark_fish_gravel
[10Jul.2025 12:04:18.008] [main/DEBUG] [Chaos Awakens/]: [Setting BlockState]: block.chaosawakens.fossilized_woodfish_gravel
[10Jul.2025 12:04:18.008] [main/DEBUG] [Chaos Awakens/]: [Setting BlockState]: block.chaosawakens.fossilized_cod_gravel
[10Jul.2025 12:04:18.008] [main/DEBUG] [Chaos Awakens/]: [Setting BlockState]: block.chaosawakens.fossilized_dolphin_gravel
[10Jul.2025 12:04:18.008] [main/DEBUG] [Chaos Awakens/]: [Setting BlockState]: block.chaosawakens.fossilized_drowned_gravel
[10Jul.2025 12:04:18.008] [main/DEBUG] [Chaos Awakens/]: [Setting BlockState]: block.chaosawakens.fossilized_glow_squid_gravel
[10Jul.2025 12:04:18.008] [main/DEBUG] [Chaos Awakens/]: [Setting BlockState]: block.chaosawakens.fossilized_guardian_gravel
[10Jul.2025 12:04:18.008] [main/DEBUG] [Chaos Awakens/]: [Setting BlockState]: block.chaosawakens.fossilized_pufferfish_gravel
[10Jul.2025 12:04:18.008] [main/DEBUG] [Chaos Awakens/]: [Setting BlockState]: block.chaosawakens.fossilized_salmon_gravel
[10Jul.2025 12:04:18.008] [main/DEBUG] [Chaos Awakens/]: [Setting BlockState]: block.chaosawakens.fossilized_squid_gravel
[10Jul.2025 12:04:18.008] [main/DEBUG] [Chaos Awakens/]: [Setting BlockState]: block.chaosawakens.fossilized_tropical_fish_gravel
[10Jul.2025 12:04:18.008] [main/DEBUG] [Chaos Awakens/]: [Setting BlockState]: block.chaosawakens.fossilized_turtle_gravel
[10Jul.2025 12:04:18.008] [main/DEBUG] [Chaos Awakens/]: [Setting BlockState]: block.chaosawakens.fossilized_drowned_sand
[10Jul.2025 12:04:18.008] [main/DEBUG] [Chaos Awakens/]: [Setting BlockState]: block.chaosawakens.fossilized_husk_sandstone
[10Jul.2025 12:04:18.008] [main/DEBUG] [Chaos Awakens/]: [Setting BlockState]: block.chaosawakens.fossilized_crimson_ent_netherrack
[10Jul.2025 12:04:18.008] [main/DEBUG] [Chaos Awakens/]: [Setting BlockState]: block.chaosawakens.fossilized_lava_eel_netherrack
[10Jul.2025 12:04:18.008] [main/DEBUG] [Chaos Awakens/]: [Setting BlockState]: block.chaosawakens.fossilized_blaze_netherrack
[10Jul.2025 12:04:18.008] [main/DEBUG] [Chaos Awakens/]: [Setting BlockState]: block.chaosawakens.fossilized_enderman_netherrack
[10Jul.2025 12:04:18.008] [main/DEBUG] [Chaos Awakens/]: [Setting BlockState]: block.chaosawakens.fossilized_frog_netherrack
[10Jul.2025 12:04:18.008] [main/DEBUG] [Chaos Awakens/]: [Setting BlockState]: block.chaosawakens.fossilized_ghast_netherrack
[10Jul.2025 12:04:18.008] [main/DEBUG] [Chaos Awakens/]: [Setting BlockState]: block.chaosawakens.fossilized_hoglin_netherrack
[10Jul.2025 12:04:18.008] [main/DEBUG] [Chaos Awakens/]: [Setting BlockState]: block.chaosawakens.fossilized_magma_cube_netherrack
[10Jul.2025 12:04:18.008] [main/DEBUG] [Chaos Awakens/]: [Setting BlockState]: block.chaosawakens.fossilized_piglin_netherrack
[10Jul.2025 12:04:18.008] [main/DEBUG] [Chaos Awakens/]: [Setting BlockState]: block.chaosawakens.fossilized_strider_netherrack
[10Jul.2025 12:04:18.008] [main/DEBUG] [Chaos Awakens/]: [Setting BlockState]: block.chaosawakens.fossilized_warped_ent_netherrack
[10Jul.2025 12:04:18.008] [main/DEBUG] [Chaos Awakens/]: [Setting BlockState]: block.chaosawakens.fossilized_wither_skeleton_netherrack
[10Jul.2025 12:04:18.008] [main/DEBUG] [Chaos Awakens/]: [Setting BlockState]: block.chaosawakens.fossilized_zombified_piglin_netherrack
[10Jul.2025 12:04:18.008] [main/DEBUG] [Chaos Awakens/]: [Setting BlockState]: block.chaosawakens.fossilized_magma_cube_blackstone
[10Jul.2025 12:04:18.008] [main/DEBUG] [Chaos Awakens/]: [Setting BlockState]: block.chaosawakens.fossilized_skeleton_soul_soil
[10Jul.2025 12:04:18.008] [main/DEBUG] [Chaos Awakens/]: [Setting BlockState]: block.chaosawakens.fossilized_acacia_ent_stone
[10Jul.2025 12:04:18.008] [main/DEBUG] [Chaos Awakens/]: [Setting BlockState]: block.chaosawakens.fossilized_apple_cow_stone
[10Jul.2025 12:04:18.008] [main/DEBUG] [Chaos Awakens/]: [Setting BlockState]: block.chaosawakens.fossilized_apple_ent_stone
[10Jul.2025 12:04:18.008] [main/DEBUG] [Chaos Awakens/]: [Setting BlockState]: block.chaosawakens.fossilized_beaver_stone
[10Jul.2025 12:04:18.008] [main/DEBUG] [Chaos Awakens/]: [Setting BlockState]: block.chaosawakens.fossilized_birch_ent_stone
[10Jul.2025 12:04:18.008] [main/DEBUG] [Chaos Awakens/]: [Setting BlockState]: block.chaosawakens.fossilized_bird_stone
[10Jul.2025 12:04:18.008] [main/DEBUG] [Chaos Awakens/]: [Setting BlockState]: block.chaosawakens.fossilized_carrot_pig_stone
[10Jul.2025 12:04:18.008] [main/DEBUG] [Chaos Awakens/]: [Setting BlockState]: block.chaosawakens.fossilized_cherry_ent_stone
[10Jul.2025 12:04:18.010] [main/DEBUG] [Chaos Awakens/]: [Setting BlockState]: block.chaosawakens.fossilized_dark_oak_ent_stone
[10Jul.2025 12:04:18.010] [main/DEBUG] [Chaos Awakens/]: [Setting BlockState]: block.chaosawakens.fossilized_dimetrodon_stone
[10Jul.2025 12:04:18.010] [main/DEBUG] [Chaos Awakens/]: [Setting BlockState]: block.chaosawakens.fossilized_emerald_gator_stone
[10Jul.2025 12:04:18.010] [main/DEBUG] [Chaos Awakens/]: [Setting BlockState]: block.chaosawakens.fossilized_firefly_stone
[10Jul.2025 12:04:18.010] [main/DEBUG] [Chaos Awakens/]: [Setting BlockState]: block.chaosawakens.fossilized_gazelle_stone
[10Jul.2025 12:04:18.010] [main/DEBUG] [Chaos Awakens/]: [Setting BlockState]: block.chaosawakens.fossilized_golden_apple_cow_stone
[10Jul.2025 12:04:18.010] [main/DEBUG] [Chaos Awakens/]: [Setting BlockState]: block.chaosawakens.fossilized_golden_carrot_pig_stone
[10Jul.2025 12:04:18.010] [main/DEBUG] [Chaos Awakens/]: [Setting BlockState]: block.chaosawakens.fossilized_hercules_beetle_stone
[10Jul.2025 12:04:18.010] [main/DEBUG] [Chaos Awakens/]: [Setting BlockState]: block.chaosawakens.fossilized_jungle_ent_stone
[10Jul.2025 12:04:18.010] [main/DEBUG] [Chaos Awakens/]: [Setting BlockState]: block.chaosawakens.fossilized_lettuce_chicken_stone
[10Jul.2025 12:04:18.010] [main/DEBUG] [Chaos Awakens/]: [Setting BlockState]: block.chaosawakens.fossilized_mantis_stone
[10Jul.2025 12:04:18.010] [main/DEBUG] [Chaos Awakens/]: [Setting BlockState]: block.chaosawakens.fossilized_mosquito_stone
[10Jul.2025 12:04:18.010] [main/DEBUG] [Chaos Awakens/]: [Setting BlockState]: block.chaosawakens.fossilized_moth_stone
[10Jul.2025 12:04:18.010] [main/DEBUG] [Chaos Awakens/]: [Setting BlockState]: block.chaosawakens.fossilized_oak_ent_stone
[10Jul.2025 12:04:18.010] [main/DEBUG] [Chaos Awakens/]: [Setting BlockState]: block.chaosawakens.fossilized_ostrich_stone
[10Jul.2025 12:04:18.010] [main/DEBUG] [Chaos Awakens/]: [Setting BlockState]: block.chaosawakens.fossilized_peach_ent_stone
[10Jul.2025 12:04:18.010] [main/DEBUG] [Chaos Awakens/]: [Setting BlockState]: block.chaosawakens.fossilized_ruby_bug_stone
[10Jul.2025 12:04:18.010] [main/DEBUG] [Chaos Awakens/]: [Setting BlockState]: block.chaosawakens.fossilized_scorpion_stone
[10Jul.2025 12:04:18.010] [main/DEBUG] [Chaos Awakens/]: [Setting BlockState]: block.chaosawakens.fossilized_spruce_ent_stone
[10Jul.2025 12:04:18.010] [main/DEBUG] [Chaos Awakens/]: [Setting BlockState]: block.chaosawakens.fossilized_bat_stone
[10Jul.2025 12:04:18.010] [main/DEBUG] [Chaos Awakens/]: [Setting BlockState]: block.chaosawakens.fossilized_bee_stone
[10Jul.2025 12:04:18.010] [main/DEBUG] [Chaos Awakens/]: [Setting BlockState]: block.chaosawakens.fossilized_cat_stone
[10Jul.2025 12:04:18.010] [main/DEBUG] [Chaos Awakens/]: [Setting BlockState]: block.chaosawakens.fossilized_cave_spider_stone
[10Jul.2025 12:04:18.010] [main/DEBUG] [Chaos Awakens/]: [Setting BlockState]: block.chaosawakens.fossilized_chicken_stone
[10Jul.2025 12:04:18.010] [main/DEBUG] [Chaos Awakens/]: [Setting BlockState]: block.chaosawakens.fossilized_cow_stone
[10Jul.2025 12:04:18.010] [main/DEBUG] [Chaos Awakens/]: [Setting BlockState]: block.chaosawakens.fossilized_creeper_stone
[10Jul.2025 12:04:18.010] [main/DEBUG] [Chaos Awakens/]: [Setting BlockState]: block.chaosawakens.fossilized_donkey_stone
[10Jul.2025 12:04:18.010] [main/DEBUG] [Chaos Awakens/]: [Setting BlockState]: block.chaosawakens.fossilized_enderman_stone
[10Jul.2025 12:04:18.010] [main/DEBUG] [Chaos Awakens/]: [Setting BlockState]: block.chaosawakens.fossilized_evoker_stone
[10Jul.2025 12:04:18.010] [main/DEBUG] [Chaos Awakens/]: [Setting BlockState]: block.chaosawakens.fossilized_fox_stone
[10Jul.2025 12:04:18.010] [main/DEBUG] [Chaos Awakens/]: [Setting BlockState]: block.chaosawakens.fossilized_frog_stone
[10Jul.2025 12:04:18.010] [main/DEBUG] [Chaos Awakens/]: [Setting BlockState]: block.chaosawakens.fossilized_horse_stone
[10Jul.2025 12:04:18.010] [main/DEBUG] [Chaos Awakens/]: [Setting BlockState]: block.chaosawakens.fossilized_husk_stone_stone
[10Jul.2025 12:04:18.010] [main/DEBUG] [Chaos Awakens/]: [Setting BlockState]: block.chaosawakens.fossilized_llama_stone
[10Jul.2025 12:04:18.010] [main/DEBUG] [Chaos Awakens/]: [Setting BlockState]: block.chaosawakens.fossilized_mooshroom_stone
[10Jul.2025 12:04:18.010] [main/DEBUG] [Chaos Awakens/]: [Setting BlockState]: block.chaosawakens.fossilized_ocelot_stone
[10Jul.2025 12:04:18.010] [main/DEBUG] [Chaos Awakens/]: [Setting BlockState]: block.chaosawakens.fossilized_panda_stone
[10Jul.2025 12:04:18.010] [main/DEBUG] [Chaos Awakens/]: [Setting BlockState]: block.chaosawakens.fossilized_parrot_stone
[10Jul.2025 12:04:18.010] [main/DEBUG] [Chaos Awakens/]: [Setting BlockState]: block.chaosawakens.fossilized_phantom_stone
[10Jul.2025 12:04:18.011] [main/DEBUG] [Chaos Awakens/]: [Setting BlockState]: block.chaosawakens.fossilized_pig_stone
[10Jul.2025 12:04:18.011] [main/DEBUG] [Chaos Awakens/]: [Setting BlockState]: block.chaosawakens.fossilized_pillager_stone
[10Jul.2025 12:04:18.011] [main/DEBUG] [Chaos Awakens/]: [Setting BlockState]: block.chaosawakens.fossilized_polar_bear_stone
[10Jul.2025 12:04:18.011] [main/DEBUG] [Chaos Awakens/]: [Setting BlockState]: block.chaosawakens.fossilized_rabbit_stone
[10Jul.2025 12:04:18.011] [main/DEBUG] [Chaos Awakens/]: [Setting BlockState]: block.chaosawakens.fossilized_ravager_stone
[10Jul.2025 12:04:18.011] [main/DEBUG] [Chaos Awakens/]: [Setting BlockState]: block.chaosawakens.fossilized_sheep_stone
[10Jul.2025 12:04:18.011] [main/DEBUG] [Chaos Awakens/]: [Setting BlockState]: block.chaosawakens.fossilized_skeleton_stone
[10Jul.2025 12:04:18.011] [main/DEBUG] [Chaos Awakens/]: [Setting BlockState]: block.chaosawakens.fossilized_skeleton_horse_stone
[10Jul.2025 12:04:18.011] [main/DEBUG] [Chaos Awakens/]: [Setting BlockState]: block.chaosawakens.fossilized_slime_stone
[10Jul.2025 12:04:18.011] [main/DEBUG] [Chaos Awakens/]: [Setting BlockState]: block.chaosawakens.fossilized_spider_stone
[10Jul.2025 12:04:18.011] [main/DEBUG] [Chaos Awakens/]: [Setting BlockState]: block.chaosawakens.fossilized_villager_stone
[10Jul.2025 12:04:18.011] [main/DEBUG] [Chaos Awakens/]: [Setting BlockState]: block.chaosawakens.fossilized_vindicator_stone
[10Jul.2025 12:04:18.011] [main/DEBUG] [Chaos Awakens/]: [Setting BlockState]: block.chaosawakens.fossilized_wandering_trader_stone
[10Jul.2025 12:04:18.011] [main/DEBUG] [Chaos Awakens/]: [Setting BlockState]: block.chaosawakens.fossilized_wasp_stone
[10Jul.2025 12:04:18.011] [main/DEBUG] [Chaos Awakens/]: [Setting BlockState]: block.chaosawakens.fossilized_witch_stone
[10Jul.2025 12:04:18.011] [main/DEBUG] [Chaos Awakens/]: [Setting BlockState]: block.chaosawakens.fossilized_wolf_stone
[10Jul.2025 12:04:18.011] [main/DEBUG] [Chaos Awakens/]: [Setting BlockState]: block.chaosawakens.fossilized_zombie_stone
[10Jul.2025 12:04:18.011] [main/DEBUG] [Chaos Awakens/]: [Setting BlockState]: block.chaosawakens.fossilized_zombie_horse_stone
[10Jul.2025 12:04:18.011] [main/DEBUG] [Chaos Awakens/]: [Setting BlockState]: block.chaosawakens.fossilized_zombie_villager_stone
[10Jul.2025 12:04:18.011] [main/DEBUG] [Chaos Awakens/]: [Setting BlockState]: block.chaosawakens.fossilized_warden_deepslate
[10Jul.2025 12:04:18.026] [main/INFO] [net.minecraft.data.DataGenerator/]: Chaos Awakens: Block States finished after 27 ms
[10Jul.2025 12:04:18.026] [main/INFO] [net.minecraft.data.DataGenerator/]: Starting provider: Loot Tables
[10Jul.2025 12:04:18.031] [main/DEBUG] [Chaos Awakens/]: [Adding Block Loot Table]: block.chaosawakens.apple_log
[10Jul.2025 12:04:18.036] [main/DEBUG] [net.minecraftforge.coremod.transformer.CoreModBaseTransformer/COREMOD]: Transforming net/minecraft/world/entity/raid/Raid
[10Jul.2025 12:04:18.062] [main/DEBUG] [Chaos Awakens/]: [Adding Block Loot Table]: block.chaosawakens.apple_wood
[10Jul.2025 12:04:18.063] [main/DEBUG] [Chaos Awakens/]: [Adding Block Loot Table]: block.chaosawakens.stripped_apple_log
[10Jul.2025 12:04:18.063] [main/DEBUG] [Chaos Awakens/]: [Adding Block Loot Table]: block.chaosawakens.stripped_apple_wood
[10Jul.2025 12:04:18.063] [main/DEBUG] [Chaos Awakens/]: [Adding Block Loot Table]: block.chaosawakens.apple_planks
[10Jul.2025 12:04:18.063] [main/DEBUG] [Chaos Awakens/]: [Adding Block Loot Table]: block.chaosawakens.apple_stairs
[10Jul.2025 12:04:18.063] [main/DEBUG] [Chaos Awakens/]: [Adding Block Loot Table]: block.chaosawakens.apple_slab
[10Jul.2025 12:04:18.063] [main/DEBUG] [Chaos Awakens/]: [Adding Block Loot Table]: block.chaosawakens.apple_fence
[10Jul.2025 12:04:18.065] [main/DEBUG] [Chaos Awakens/]: [Adding Block Loot Table]: block.chaosawakens.apple_fence_gate
[10Jul.2025 12:04:18.065] [main/DEBUG] [Chaos Awakens/]: [Adding Block Loot Table]: block.chaosawakens.apple_door
[10Jul.2025 12:04:18.065] [main/DEBUG] [Chaos Awakens/]: [Adding Block Loot Table]: block.chaosawakens.apple_trapdoor
[10Jul.2025 12:04:18.065] [main/DEBUG] [Chaos Awakens/]: [Adding Block Loot Table]: block.chaosawakens.apple_pressure_plate
[10Jul.2025 12:04:18.065] [main/DEBUG] [Chaos Awakens/]: [Adding Block Loot Table]: block.chaosawakens.apple_button
[10Jul.2025 12:04:18.065] [main/DEBUG] [Chaos Awakens/]: [Adding Block Loot Table]: block.chaosawakens.crystalwood_log
[10Jul.2025 12:04:18.065] [main/DEBUG] [Chaos Awakens/]: [Adding Block Loot Table]: block.chaosawakens.crystalwood
[10Jul.2025 12:04:18.065] [main/DEBUG] [Chaos Awakens/]: [Adding Block Loot Table]: block.chaosawakens.stripped_crystalwood_log
[10Jul.2025 12:04:18.065] [main/DEBUG] [Chaos Awakens/]: [Adding Block Loot Table]: block.chaosawakens.stripped_crystalwood
[10Jul.2025 12:04:18.065] [main/DEBUG] [Chaos Awakens/]: [Adding Block Loot Table]: block.chaosawakens.crystalwood_planks
[10Jul.2025 12:04:18.065] [main/DEBUG] [Chaos Awakens/]: [Adding Block Loot Table]: block.chaosawakens.crystalwood_stairs
[10Jul.2025 12:04:18.065] [main/DEBUG] [Chaos Awakens/]: [Adding Block Loot Table]: block.chaosawakens.crystalwood_slab
[10Jul.2025 12:04:18.065] [main/DEBUG] [Chaos Awakens/]: [Adding Block Loot Table]: block.chaosawakens.crystalwood_fence
[10Jul.2025 12:04:18.065] [main/DEBUG] [Chaos Awakens/]: [Adding Block Loot Table]: block.chaosawakens.crystalwood_fence_gate
[10Jul.2025 12:04:18.065] [main/DEBUG] [Chaos Awakens/]: [Adding Block Loot Table]: block.chaosawakens.crystalwood_door
[10Jul.2025 12:04:18.065] [main/DEBUG] [Chaos Awakens/]: [Adding Block Loot Table]: block.chaosawakens.crystalwood_trapdoor
[10Jul.2025 12:04:18.065] [main/DEBUG] [Chaos Awakens/]: [Adding Block Loot Table]: block.chaosawakens.crystalwood_pressure_plate
[10Jul.2025 12:04:18.065] [main/DEBUG] [Chaos Awakens/]: [Adding Block Loot Table]: block.chaosawakens.crystalwood_button
[10Jul.2025 12:04:18.065] [main/DEBUG] [Chaos Awakens/]: [Adding Block Loot Table]: block.chaosawakens.densewood_log
[10Jul.2025 12:04:18.065] [main/DEBUG] [Chaos Awakens/]: [Adding Block Loot Table]: block.chaosawakens.densewood
[10Jul.2025 12:04:18.065] [main/DEBUG] [Chaos Awakens/]: [Adding Block Loot Table]: block.chaosawakens.stripped_densewood_log
[10Jul.2025 12:04:18.065] [main/DEBUG] [Chaos Awakens/]: [Adding Block Loot Table]: block.chaosawakens.stripped_densewood
[10Jul.2025 12:04:18.065] [main/DEBUG] [Chaos Awakens/]: [Adding Block Loot Table]: block.chaosawakens.densewood_planks
[10Jul.2025 12:04:18.065] [main/DEBUG] [Chaos Awakens/]: [Adding Block Loot Table]: block.chaosawakens.densewood_stairs
[10Jul.2025 12:04:18.065] [main/DEBUG] [Chaos Awakens/]: [Adding Block Loot Table]: block.chaosawakens.densewood_slab
[10Jul.2025 12:04:18.065] [main/DEBUG] [Chaos Awakens/]: [Adding Block Loot Table]: block.chaosawakens.densewood_fence
[10Jul.2025 12:04:18.065] [main/DEBUG] [Chaos Awakens/]: [Adding Block Loot Table]: block.chaosawakens.densewood_fence_gate
[10Jul.2025 12:04:18.065] [main/DEBUG] [Chaos Awakens/]: [Adding Block Loot Table]: block.chaosawakens.densewood_door
[10Jul.2025 12:04:18.065] [main/DEBUG] [Chaos Awakens/]: [Adding Block Loot Table]: block.chaosawakens.densewood_trapdoor
[10Jul.2025 12:04:18.065] [main/DEBUG] [Chaos Awakens/]: [Adding Block Loot Table]: block.chaosawakens.densewood_pressure_plate
[10Jul.2025 12:04:18.065] [main/DEBUG] [Chaos Awakens/]: [Adding Block Loot Table]: block.chaosawakens.densewood_button
[10Jul.2025 12:04:18.065] [main/DEBUG] [Chaos Awakens/]: [Adding Block Loot Table]: block.chaosawakens.duplicator_log
[10Jul.2025 12:04:18.065] [main/DEBUG] [Chaos Awakens/]: [Adding Block Loot Table]: block.chaosawakens.duplicator_wood
[10Jul.2025 12:04:18.065] [main/DEBUG] [Chaos Awakens/]: [Adding Block Loot Table]: block.chaosawakens.stripped_duplicator_log
[10Jul.2025 12:04:18.065] [main/DEBUG] [Chaos Awakens/]: [Adding Block Loot Table]: block.chaosawakens.stripped_duplicator_wood
[10Jul.2025 12:04:18.065] [main/DEBUG] [Chaos Awakens/]: [Adding Block Loot Table]: block.chaosawakens.dead_duplicator_log
[10Jul.2025 12:04:18.065] [main/DEBUG] [Chaos Awakens/]: [Adding Block Loot Table]: block.chaosawakens.dead_duplicator_wood
[10Jul.2025 12:04:18.065] [main/DEBUG] [Chaos Awakens/]: [Adding Block Loot Table]: block.chaosawakens.stripped_dead_duplicator_log
[10Jul.2025 12:04:18.065] [main/DEBUG] [Chaos Awakens/]: [Adding Block Loot Table]: block.chaosawakens.stripped_dead_duplicator_wood
[10Jul.2025 12:04:18.065] [main/DEBUG] [Chaos Awakens/]: [Adding Block Loot Table]: block.chaosawakens.duplicator_planks
[10Jul.2025 12:04:18.065] [main/DEBUG] [Chaos Awakens/]: [Adding Block Loot Table]: block.chaosawakens.duplicator_stairs
[10Jul.2025 12:04:18.065] [main/DEBUG] [Chaos Awakens/]: [Adding Block Loot Table]: block.chaosawakens.duplicator_slab
[10Jul.2025 12:04:18.065] [main/DEBUG] [Chaos Awakens/]: [Adding Block Loot Table]: block.chaosawakens.duplicator_fence
[10Jul.2025 12:04:18.065] [main/DEBUG] [Chaos Awakens/]: [Adding Block Loot Table]: block.chaosawakens.duplicator_fence_gate
[10Jul.2025 12:04:18.065] [main/DEBUG] [Chaos Awakens/]: [Adding Block Loot Table]: block.chaosawakens.duplicator_door
[10Jul.2025 12:04:18.065] [main/DEBUG] [Chaos Awakens/]: [Adding Block Loot Table]: block.chaosawakens.duplicator_trapdoor
[10Jul.2025 12:04:18.065] [main/DEBUG] [Chaos Awakens/]: [Adding Block Loot Table]: block.chaosawakens.duplicator_pressure_plate
[10Jul.2025 12:04:18.065] [main/DEBUG] [Chaos Awakens/]: [Adding Block Loot Table]: block.chaosawakens.duplicator_button
[10Jul.2025 12:04:18.065] [main/DEBUG] [Chaos Awakens/]: [Adding Block Loot Table]: block.chaosawakens.ginkgo_log
[10Jul.2025 12:04:18.065] [main/DEBUG] [Chaos Awakens/]: [Adding Block Loot Table]: block.chaosawakens.ginkgo_wood
[10Jul.2025 12:04:18.065] [main/DEBUG] [Chaos Awakens/]: [Adding Block Loot Table]: block.chaosawakens.stripped_ginkgo_log
[10Jul.2025 12:04:18.065] [main/DEBUG] [Chaos Awakens/]: [Adding Block Loot Table]: block.chaosawakens.stripped_ginkgo_wood
[10Jul.2025 12:04:18.065] [main/DEBUG] [Chaos Awakens/]: [Adding Block Loot Table]: block.chaosawakens.ginkgo_planks
[10Jul.2025 12:04:18.065] [main/DEBUG] [Chaos Awakens/]: [Adding Block Loot Table]: block.chaosawakens.ginkgo_stairs
[10Jul.2025 12:04:18.065] [main/DEBUG] [Chaos Awakens/]: [Adding Block Loot Table]: block.chaosawakens.ginkgo_slab
[10Jul.2025 12:04:18.065] [main/DEBUG] [Chaos Awakens/]: [Adding Block Loot Table]: block.chaosawakens.ginkgo_fence
[10Jul.2025 12:04:18.065] [main/DEBUG] [Chaos Awakens/]: [Adding Block Loot Table]: block.chaosawakens.ginkgo_fence_gate
[10Jul.2025 12:04:18.065] [main/DEBUG] [Chaos Awakens/]: [Adding Block Loot Table]: block.chaosawakens.ginkgo_door
[10Jul.2025 12:04:18.065] [main/DEBUG] [Chaos Awakens/]: [Adding Block Loot Table]: block.chaosawakens.ginkgo_trapdoor
[10Jul.2025 12:04:18.065] [main/DEBUG] [Chaos Awakens/]: [Adding Block Loot Table]: block.chaosawakens.ginkgo_pressure_plate
[10Jul.2025 12:04:18.065] [main/DEBUG] [Chaos Awakens/]: [Adding Block Loot Table]: block.chaosawakens.ginkgo_button
[10Jul.2025 12:04:18.065] [main/DEBUG] [Chaos Awakens/]: [Adding Block Loot Table]: block.chaosawakens.mesozoic_log
[10Jul.2025 12:04:18.065] [main/DEBUG] [Chaos Awakens/]: [Adding Block Loot Table]: block.chaosawakens.mesozoic_wood
[10Jul.2025 12:04:18.065] [main/DEBUG] [Chaos Awakens/]: [Adding Block Loot Table]: block.chaosawakens.stripped_mesozoic_log
[10Jul.2025 12:04:18.065] [main/DEBUG] [Chaos Awakens/]: [Adding Block Loot Table]: block.chaosawakens.stripped_mesozoic_wood
[10Jul.2025 12:04:18.065] [main/DEBUG] [Chaos Awakens/]: [Adding Block Loot Table]: block.chaosawakens.mesozoic_planks
[10Jul.2025 12:04:18.065] [main/DEBUG] [Chaos Awakens/]: [Adding Block Loot Table]: block.chaosawakens.mesozoic_stairs
[10Jul.2025 12:04:18.065] [main/DEBUG] [Chaos Awakens/]: [Adding Block Loot Table]: block.chaosawakens.mesozoic_slab
[10Jul.2025 12:04:18.065] [main/DEBUG] [Chaos Awakens/]: [Adding Block Loot Table]: block.chaosawakens.mesozoic_fence
[10Jul.2025 12:04:18.065] [main/DEBUG] [Chaos Awakens/]: [Adding Block Loot Table]: block.chaosawakens.mesozoic_fence_gate
[10Jul.2025 12:04:18.065] [main/DEBUG] [Chaos Awakens/]: [Adding Block Loot Table]: block.chaosawakens.mesozoic_door
[10Jul.2025 12:04:18.065] [main/DEBUG] [Chaos Awakens/]: [Adding Block Loot Table]: block.chaosawakens.mesozoic_trapdoor
[10Jul.2025 12:04:18.065] [main/DEBUG] [Chaos Awakens/]: [Adding Block Loot Table]: block.chaosawakens.mesozoic_pressure_plate
[10Jul.2025 12:04:18.065] [main/DEBUG] [Chaos Awakens/]: [Adding Block Loot Table]: block.chaosawakens.mesozoic_button
[10Jul.2025 12:04:18.065] [main/DEBUG] [Chaos Awakens/]: [Adding Block Loot Table]: block.chaosawakens.peach_log
[10Jul.2025 12:04:18.065] [main/DEBUG] [Chaos Awakens/]: [Adding Block Loot Table]: block.chaosawakens.peach_wood
[10Jul.2025 12:04:18.065] [main/DEBUG] [Chaos Awakens/]: [Adding Block Loot Table]: block.chaosawakens.stripped_peach_log
[10Jul.2025 12:04:18.065] [main/DEBUG] [Chaos Awakens/]: [Adding Block Loot Table]: block.chaosawakens.stripped_peach_wood
[10Jul.2025 12:04:18.065] [main/DEBUG] [Chaos Awakens/]: [Adding Block Loot Table]: block.chaosawakens.peach_planks
[10Jul.2025 12:04:18.065] [main/DEBUG] [Chaos Awakens/]: [Adding Block Loot Table]: block.chaosawakens.peach_stairs
[10Jul.2025 12:04:18.065] [main/DEBUG] [Chaos Awakens/]: [Adding Block Loot Table]: block.chaosawakens.peach_slab
[10Jul.2025 12:04:18.065] [main/DEBUG] [Chaos Awakens/]: [Adding Block Loot Table]: block.chaosawakens.peach_fence
[10Jul.2025 12:04:18.065] [main/DEBUG] [Chaos Awakens/]: [Adding Block Loot Table]: block.chaosawakens.peach_fence_gate
[10Jul.2025 12:04:18.065] [main/DEBUG] [Chaos Awakens/]: [Adding Block Loot Table]: block.chaosawakens.peach_door
[10Jul.2025 12:04:18.065] [main/DEBUG] [Chaos Awakens/]: [Adding Block Loot Table]: block.chaosawakens.peach_trapdoor
[10Jul.2025 12:04:18.065] [main/DEBUG] [Chaos Awakens/]: [Adding Block Loot Table]: block.chaosawakens.peach_pressure_plate
[10Jul.2025 12:04:18.065] [main/DEBUG] [Chaos Awakens/]: [Adding Block Loot Table]: block.chaosawakens.peach_button
[10Jul.2025 12:04:18.065] [main/DEBUG] [Chaos Awakens/]: [Adding Block Loot Table]: block.chaosawakens.skywood_log
[10Jul.2025 12:04:18.065] [main/DEBUG] [Chaos Awakens/]: [Adding Block Loot Table]: block.chaosawakens.skywood
[10Jul.2025 12:04:18.065] [main/DEBUG] [Chaos Awakens/]: [Adding Block Loot Table]: block.chaosawakens.stripped_skywood_log
[10Jul.2025 12:04:18.065] [main/DEBUG] [Chaos Awakens/]: [Adding Block Loot Table]: block.chaosawakens.stripped_skywood
[10Jul.2025 12:04:18.065] [main/DEBUG] [Chaos Awakens/]: [Adding Block Loot Table]: block.chaosawakens.skywood_planks
[10Jul.2025 12:04:18.065] [main/DEBUG] [Chaos Awakens/]: [Adding Block Loot Table]: block.chaosawakens.skywood_stairs
[10Jul.2025 12:04:18.065] [main/DEBUG] [Chaos Awakens/]: [Adding Block Loot Table]: block.chaosawakens.skywood_slab
[10Jul.2025 12:04:18.065] [main/DEBUG] [Chaos Awakens/]: [Adding Block Loot Table]: block.chaosawakens.skywood_fence
[10Jul.2025 12:04:18.065] [main/DEBUG] [Chaos Awakens/]: [Adding Block Loot Table]: block.chaosawakens.skywood_fence_gate
[10Jul.2025 12:04:18.065] [main/DEBUG] [Chaos Awakens/]: [Adding Block Loot Table]: block.chaosawakens.skywood_door
[10Jul.2025 12:04:18.065] [main/DEBUG] [Chaos Awakens/]: [Adding Block Loot Table]: block.chaosawakens.skywood_trapdoor
[10Jul.2025 12:04:18.065] [main/DEBUG] [Chaos Awakens/]: [Adding Block Loot Table]: block.chaosawakens.skywood_pressure_plate
[10Jul.2025 12:04:18.065] [main/DEBUG] [Chaos Awakens/]: [Adding Block Loot Table]: block.chaosawakens.skywood_button
[10Jul.2025 12:04:18.066] [main/DEBUG] [Chaos Awakens/]: [Adding Block Loot Table]: block.chaosawakens.apple_leaves
[10Jul.2025 12:04:18.066] [main/DEBUG] [Chaos Awakens/]: [Adding Block Loot Table]: block.chaosawakens.densewood_leaves
[10Jul.2025 12:04:18.066] [main/DEBUG] [Chaos Awakens/]: [Adding Block Loot Table]: block.chaosawakens.duplicator_leaves
[10Jul.2025 12:04:18.066] [main/DEBUG] [Chaos Awakens/]: [Adding Block Loot Table]: block.chaosawakens.ginkgo_leaves
[10Jul.2025 12:04:18.066] [main/DEBUG] [Chaos Awakens/]: [Adding Block Loot Table]: block.chaosawakens.mesozoic_leaves
[10Jul.2025 12:04:18.066] [main/DEBUG] [Chaos Awakens/]: [Adding Block Loot Table]: block.chaosawakens.peach_leaves
[10Jul.2025 12:04:18.066] [main/DEBUG] [Chaos Awakens/]: [Adding Block Loot Table]: block.chaosawakens.skywood_leaves
[10Jul.2025 12:04:18.066] [main/DEBUG] [Chaos Awakens/]: [Adding Block Loot Table]: block.chaosawakens.apple_leaf_carpet
[10Jul.2025 12:04:18.068] [main/DEBUG] [Chaos Awakens/]: [Adding Block Loot Table]: block.chaosawakens.densewood_leaf_carpet
[10Jul.2025 12:04:18.068] [main/DEBUG] [Chaos Awakens/]: [Adding Block Loot Table]: block.chaosawakens.duplicator_leaf_carpet
[10Jul.2025 12:04:18.068] [main/DEBUG] [Chaos Awakens/]: [Adding Block Loot Table]: block.chaosawakens.ginkgo_leaf_carpet
[10Jul.2025 12:04:18.068] [main/DEBUG] [Chaos Awakens/]: [Adding Block Loot Table]: block.chaosawakens.mesozoic_leaf_carpet
[10Jul.2025 12:04:18.068] [main/DEBUG] [Chaos Awakens/]: [Adding Block Loot Table]: block.chaosawakens.peach_leaf_carpet
[10Jul.2025 12:04:18.068] [main/DEBUG] [Chaos Awakens/]: [Adding Block Loot Table]: block.chaosawakens.skywood_leaf_carpet
[10Jul.2025 12:04:18.068] [main/DEBUG] [Chaos Awakens/]: [Adding Block Loot Table]: block.chaosawakens.acacia_leaf_carpet
[10Jul.2025 12:04:18.068] [main/DEBUG] [Chaos Awakens/]: [Adding Block Loot Table]: block.chaosawakens.birch_leaf_carpet
[10Jul.2025 12:04:18.068] [main/DEBUG] [Chaos Awakens/]: [Adding Block Loot Table]: block.chaosawakens.cherry_leaf_carpet
[10Jul.2025 12:04:18.068] [main/DEBUG] [Chaos Awakens/]: [Adding Block Loot Table]: block.chaosawakens.dark_oak_leaf_carpet
[10Jul.2025 12:04:18.068] [main/DEBUG] [Chaos Awakens/]: [Adding Block Loot Table]: block.chaosawakens.mangrove_leaf_carpet
[10Jul.2025 12:04:18.068] [main/DEBUG] [Chaos Awakens/]: [Adding Block Loot Table]: block.chaosawakens.oak_leaf_carpet
[10Jul.2025 12:04:18.068] [main/DEBUG] [Chaos Awakens/]: [Adding Block Loot Table]: block.chaosawakens.spruce_leaf_carpet
[10Jul.2025 12:04:18.068] [main/DEBUG] [Chaos Awakens/]: [Adding Block Loot Table]: block.chaosawakens.apple_gate_block
[10Jul.2025 12:04:18.068] [main/DEBUG] [Chaos Awakens/]: [Adding Block Loot Table]: block.chaosawakens.crystalwood_gate_block
[10Jul.2025 12:04:18.068] [main/DEBUG] [Chaos Awakens/]: [Adding Block Loot Table]: block.chaosawakens.densewood_gate_block
[10Jul.2025 12:04:18.068] [main/DEBUG] [Chaos Awakens/]: [Adding Block Loot Table]: block.chaosawakens.duplicator_gate_block
[10Jul.2025 12:04:18.068] [main/DEBUG] [Chaos Awakens/]: [Adding Block Loot Table]: block.chaosawakens.ginkgo_gate_block
[10Jul.2025 12:04:18.068] [main/DEBUG] [Chaos Awakens/]: [Adding Block Loot Table]: block.chaosawakens.mesozoic_gate_block
[10Jul.2025 12:04:18.068] [main/DEBUG] [Chaos Awakens/]: [Adding Block Loot Table]: block.chaosawakens.peach_gate_block
[10Jul.2025 12:04:18.068] [main/DEBUG] [Chaos Awakens/]: [Adding Block Loot Table]: block.chaosawakens.skywood_gate_block
[10Jul.2025 12:04:18.068] [main/DEBUG] [Chaos Awakens/]: [Adding Block Loot Table]: block.chaosawakens.acacia_gate_block
[10Jul.2025 12:04:18.068] [main/DEBUG] [Chaos Awakens/]: [Adding Block Loot Table]: block.chaosawakens.birch_gate_block
[10Jul.2025 12:04:18.068] [main/DEBUG] [Chaos Awakens/]: [Adding Block Loot Table]: block.chaosawakens.cherry_gate_block
[10Jul.2025 12:04:18.068] [main/DEBUG] [Chaos Awakens/]: [Adding Block Loot Table]: block.chaosawakens.crimson_gate_block
[10Jul.2025 12:04:18.068] [main/DEBUG] [Chaos Awakens/]: [Adding Block Loot Table]: block.chaosawakens.dark_oak_gate_block
[10Jul.2025 12:04:18.068] [main/DEBUG] [Chaos Awakens/]: [Adding Block Loot Table]: block.chaosawakens.mangrove_gate_block
[10Jul.2025 12:04:18.068] [main/DEBUG] [Chaos Awakens/]: [Adding Block Loot Table]: block.chaosawakens.oak_gate_block
[10Jul.2025 12:04:18.068] [main/DEBUG] [Chaos Awakens/]: [Adding Block Loot Table]: block.chaosawakens.spruce_gate_block
[10Jul.2025 12:04:18.068] [main/DEBUG] [Chaos Awakens/]: [Adding Block Loot Table]: block.chaosawakens.warped_gate_block
[10Jul.2025 12:04:18.068] [main/DEBUG] [Chaos Awakens/]: [Adding Block Loot Table]: block.chaosawakens.kunzite_block
[10Jul.2025 12:04:18.068] [main/DEBUG] [Chaos Awakens/]: [Adding Block Loot Table]: block.chaosawakens.ruby_block
[10Jul.2025 12:04:18.068] [main/DEBUG] [Chaos Awakens/]: [Adding Block Loot Table]: block.chaosawakens.titanium_block
[10Jul.2025 12:04:18.068] [main/DEBUG] [Chaos Awakens/]: [Adding Block Loot Table]: block.chaosawakens.uranium_block
[10Jul.2025 12:04:18.069] [main/DEBUG] [Chaos Awakens/]: [Adding Block Loot Table]: block.chaosawakens.ender_pearl_block
[10Jul.2025 12:04:18.069] [main/DEBUG] [Chaos Awakens/]: [Adding Block Loot Table]: block.chaosawakens.ender_eye_block
[10Jul.2025 12:04:18.069] [main/DEBUG] [Chaos Awakens/]: [Adding Block Loot Table]: block.chaosawakens.basilisk_scale_block
[10Jul.2025 12:04:18.069] [main/DEBUG] [Chaos Awakens/]: [Adding Block Loot Table]: block.chaosawakens.emperor_scorpion_scale_block
[10Jul.2025 12:04:18.069] [main/DEBUG] [Chaos Awakens/]: [Adding Block Loot Table]: block.chaosawakens.ender_dragon_scale_block
[10Jul.2025 12:04:18.069] [main/DEBUG] [Chaos Awakens/]: [Adding Block Loot Table]: block.chaosawakens.mobzilla_scale_block
[10Jul.2025 12:04:18.069] [main/DEBUG] [Chaos Awakens/]: [Adding Block Loot Table]: block.chaosawakens.moth_scale_block
[10Jul.2025 12:04:18.069] [main/DEBUG] [Chaos Awakens/]: [Adding Block Loot Table]: block.chaosawakens.nightmare_scale_block
[10Jul.2025 12:04:18.069] [main/DEBUG] [Chaos Awakens/]: [Adding Block Loot Table]: block.chaosawakens.queen_scale_block
[10Jul.2025 12:04:18.069] [main/DEBUG] [Chaos Awakens/]: [Adding Block Loot Table]: block.chaosawakens.royal_guardian_scale_block
[10Jul.2025 12:04:18.069] [main/DEBUG] [Chaos Awakens/]: [Adding Block Loot Table]: block.chaosawakens.water_dragon_scale_block
[10Jul.2025 12:04:18.069] [main/DEBUG] [Chaos Awakens/]: [Adding Block Loot Table]: block.chaosawakens.salt_block
[10Jul.2025 12:04:18.069] [main/DEBUG] [Chaos Awakens/]: [Adding Block Loot Table]: block.chaosawakens.dredgestone
[10Jul.2025 12:04:18.069] [main/DEBUG] [Chaos Awakens/]: [Adding Block Loot Table]: block.chaosawakens.dredgestone_bricks
[10Jul.2025 12:04:18.069] [main/DEBUG] [Chaos Awakens/]: [Adding Block Loot Table]: block.chaosawakens.gloomstone
[10Jul.2025 12:04:18.069] [main/DEBUG] [Chaos Awakens/]: [Adding Block Loot Table]: block.chaosawakens.gloomstone_bricks
[10Jul.2025 12:04:18.069] [main/DEBUG] [Chaos Awakens/]: [Adding Block Loot Table]: block.chaosawakens.mining_lamp
[10Jul.2025 12:04:18.069] [main/DEBUG] [Chaos Awakens/]: [Adding Block Loot Table]: block.chaosawakens.mining_wood
[10Jul.2025 12:04:18.069] [main/DEBUG] [Chaos Awakens/]: [Adding Block Loot Table]: block.chaosawakens.mining_planks
[10Jul.2025 12:04:18.069] [main/DEBUG] [Chaos Awakens/]: [Adding Block Loot Table]: block.chaosawakens.mining_slab
[10Jul.2025 12:04:18.069] [main/DEBUG] [Chaos Awakens/]: [Adding Block Loot Table]: block.chaosawakens.mining_fence
[10Jul.2025 12:04:18.069] [main/DEBUG] [Chaos Awakens/]: [Adding Block Loot Table]: block.chaosawakens.flower_stem
[10Jul.2025 12:04:18.069] [main/DEBUG] [Chaos Awakens/]: [Adding Block Loot Table]: block.chaosawakens.blood_red_petal_block
[10Jul.2025 12:04:18.069] [main/DEBUG] [Chaos Awakens/]: [Adding Block Loot Table]: block.chaosawakens.bright_pink_petal_block
[10Jul.2025 12:04:18.069] [main/DEBUG] [Chaos Awakens/]: [Adding Block Loot Table]: block.chaosawakens.navy_blue_petal_block
[10Jul.2025 12:04:18.069] [main/DEBUG] [Chaos Awakens/]: [Adding Block Loot Table]: block.chaosawakens.cyan_rose
[10Jul.2025 12:04:18.069] [main/DEBUG] [Chaos Awakens/]: [Adding Block Loot Table]: block.chaosawakens.red_rose
[10Jul.2025 12:04:18.069] [main/DEBUG] [Chaos Awakens/]: [Adding Block Loot Table]: block.chaosawakens.paeonia
[10Jul.2025 12:04:18.069] [main/DEBUG] [Chaos Awakens/]: [Adding Block Loot Table]: block.chaosawakens.swamp_milkweed
[10Jul.2025 12:04:18.069] [main/DEBUG] [Chaos Awakens/]: [Adding Block Loot Table]: block.chaosawakens.primrose
[10Jul.2025 12:04:18.069] [main/DEBUG] [Chaos Awakens/]: [Adding Block Loot Table]: block.chaosawakens.daisy
[10Jul.2025 12:04:18.069] [main/DEBUG] [Chaos Awakens/]: [Adding Block Loot Table]: block.chaosawakens.dense_grass_block
[10Jul.2025 12:04:18.069] [main/DEBUG] [Chaos Awakens/]: [Adding Block Loot Table]: block.chaosawakens.dense_dirt
[10Jul.2025 12:04:18.069] [main/DEBUG] [Chaos Awakens/]: [Adding Block Loot Table]: block.chaosawakens.dense_farmland
[10Jul.2025 12:04:18.069] [main/DEBUG] [Chaos Awakens/]: [Adding Block Loot Table]: block.chaosawakens.dense_grass
[10Jul.2025 12:04:18.069] [main/DEBUG] [Chaos Awakens/]: [Adding Block Loot Table]: block.chaosawakens.tall_dense_grass
[10Jul.2025 12:04:18.071] [main/DEBUG] [Chaos Awakens/]: [Adding Block Loot Table]: block.chaosawakens.thorny_sun
[10Jul.2025 12:04:18.071] [main/DEBUG] [Chaos Awakens/]: [Adding Block Loot Table]: block.chaosawakens.blue_bulb
[10Jul.2025 12:04:18.071] [main/DEBUG] [Chaos Awakens/]: [Adding Block Loot Table]: block.chaosawakens.pink_bulb
[10Jul.2025 12:04:18.071] [main/DEBUG] [Chaos Awakens/]: [Adding Block Loot Table]: block.chaosawakens.purple_bulb
[10Jul.2025 12:04:18.071] [main/DEBUG] [Chaos Awakens/]: [Adding Block Loot Table]: block.chaosawakens.dense_orchid
[10Jul.2025 12:04:18.071] [main/DEBUG] [Chaos Awakens/]: [Adding Block Loot Table]: block.chaosawakens.dense_rose
[10Jul.2025 12:04:18.071] [main/DEBUG] [Chaos Awakens/]: [Adding Block Loot Table]: block.chaosawakens.terra_preta
[10Jul.2025 12:04:18.071] [main/DEBUG] [Chaos Awakens/]: [Adding Block Loot Table]: block.chaosawakens.terra_preta_farmland
[10Jul.2025 12:04:18.071] [main/DEBUG] [Chaos Awakens/]: [Adding Block Loot Table]: block.chaosawakens.tar
[10Jul.2025 12:04:18.071] [main/DEBUG] [Chaos Awakens/]: [Adding Block Loot Table]: block.chaosawakens.latosol
[10Jul.2025 12:04:18.071] [main/DEBUG] [Chaos Awakens/]: [Adding Block Loot Table]: block.chaosawakens.alstroemeriat
[10Jul.2025 12:04:18.071] [main/DEBUG] [Chaos Awakens/]: [Adding Block Loot Table]: block.chaosawakens.bush
[10Jul.2025 12:04:18.071] [main/DEBUG] [Chaos Awakens/]: [Adding Block Loot Table]: block.chaosawakens.tall_bush
[10Jul.2025 12:04:18.071] [main/DEBUG] [Chaos Awakens/]: [Adding Block Loot Table]: block.chaosawakens.small_carnivorous_plant
[10Jul.2025 12:04:18.071] [main/DEBUG] [Chaos Awakens/]: [Adding Block Loot Table]: block.chaosawakens.big_carnivorous_plant
[10Jul.2025 12:04:18.071] [main/DEBUG] [Chaos Awakens/]: [Adding Block Loot Table]: block.chaosawakens.dense_bush
[10Jul.2025 12:04:18.071] [main/DEBUG] [Chaos Awakens/]: [Adding Block Loot Table]: block.chaosawakens.tall_dense_bush
[10Jul.2025 12:04:18.071] [main/DEBUG] [Chaos Awakens/]: [Adding Block Loot Table]: block.chaosawakens.horsetail_restio
[10Jul.2025 12:04:18.071] [main/DEBUG] [Chaos Awakens/]: [Adding Block Loot Table]: block.chaosawakens.king_protea
[10Jul.2025 12:04:18.071] [main/DEBUG] [Chaos Awakens/]: [Adding Block Loot Table]: block.chaosawakens.luminara_petal
[10Jul.2025 12:04:18.071] [main/DEBUG] [Chaos Awakens/]: [Adding Block Loot Table]: block.chaosawakens.large_densewood_bush
[10Jul.2025 12:04:18.071] [main/DEBUG] [Chaos Awakens/]: [Adding Block Loot Table]: block.chaosawakens.large_ginkgo_bush
[10Jul.2025 12:04:18.071] [main/DEBUG] [Chaos Awakens/]: [Adding Block Loot Table]: block.chaosawakens.large_mesozoic_bush
[10Jul.2025 12:04:18.071] [main/DEBUG] [Chaos Awakens/]: [Adding Block Loot Table]: block.chaosawakens.crystal_grass_block
[10Jul.2025 12:04:18.071] [main/DEBUG] [Chaos Awakens/]: [Adding Block Loot Table]: block.chaosawakens.crystal_grass
[10Jul.2025 12:04:18.071] [main/DEBUG] [Chaos Awakens/]: [Adding Block Loot Table]: block.chaosawakens.tall_crystal_grass
[10Jul.2025 12:04:18.071] [main/DEBUG] [Chaos Awakens/]: [Adding Block Loot Table]: block.chaosawakens.black_crystal_growth
[10Jul.2025 12:04:18.071] [main/DEBUG] [Chaos Awakens/]: [Adding Block Loot Table]: block.chaosawakens.brown_crystal_growth
[10Jul.2025 12:04:18.071] [main/DEBUG] [Chaos Awakens/]: [Adding Block Loot Table]: block.chaosawakens.green_crystal_growth
[10Jul.2025 12:04:18.071] [main/DEBUG] [Chaos Awakens/]: [Adding Block Loot Table]: block.chaosawakens.pink_crystal_growth
[10Jul.2025 12:04:18.071] [main/DEBUG] [Chaos Awakens/]: [Adding Block Loot Table]: block.chaosawakens.purple_crystal_growth
[10Jul.2025 12:04:18.071] [main/DEBUG] [Chaos Awakens/]: [Adding Block Loot Table]: block.chaosawakens.yellow_crystal_growth
[10Jul.2025 12:04:18.071] [main/DEBUG] [Chaos Awakens/]: [Adding Block Loot Table]: block.chaosawakens.blue_crystal_flower
[10Jul.2025 12:04:18.071] [main/DEBUG] [Chaos Awakens/]: [Adding Block Loot Table]: block.chaosawakens.green_crystal_flower
[10Jul.2025 12:04:18.071] [main/DEBUG] [Chaos Awakens/]: [Adding Block Loot Table]: block.chaosawakens.orange_crystal_flower
[10Jul.2025 12:04:18.071] [main/DEBUG] [Chaos Awakens/]: [Adding Block Loot Table]: block.chaosawakens.pink_crystal_flower
[10Jul.2025 12:04:18.071] [main/DEBUG] [Chaos Awakens/]: [Adding Block Loot Table]: block.chaosawakens.red_crystal_flower
[10Jul.2025 12:04:18.071] [main/DEBUG] [Chaos Awakens/]: [Adding Block Loot Table]: block.chaosawakens.yellow_crystal_flower
[10Jul.2025 12:04:18.071] [main/DEBUG] [Chaos Awakens/]: [Adding Block Loot Table]: block.chaosawakens.crystalized_crystal_apple_cow_kyanite
[10Jul.2025 12:04:18.071] [main/DEBUG] [Chaos Awakens/]: [Adding Block Loot Table]: block.chaosawakens.crystalized_crystal_carrot_pig_kyanite
[10Jul.2025 12:04:18.071] [main/DEBUG] [Chaos Awakens/]: [Adding Block Loot Table]: block.chaosawakens.crystalized_crystal_gator_kyanite
[10Jul.2025 12:04:18.071] [main/DEBUG] [Chaos Awakens/]: [Adding Block Loot Table]: block.chaosawakens.fossilized_enderman_end_stone
[10Jul.2025 12:04:18.071] [main/DEBUG] [Chaos Awakens/]: [Adding Block Loot Table]: block.chaosawakens.fossilized_endermite_end_stone
[10Jul.2025 12:04:18.071] [main/DEBUG] [Chaos Awakens/]: [Adding Block Loot Table]: block.chaosawakens.fossilized_shulker_end_stone
[10Jul.2025 12:04:18.071] [main/DEBUG] [Chaos Awakens/]: [Adding Block Loot Table]: block.chaosawakens.frozen_arctic_fox_ice
[10Jul.2025 12:04:18.071] [main/DEBUG] [Chaos Awakens/]: [Adding Block Loot Table]: block.chaosawakens.frozen_polar_bear_ice
[10Jul.2025 12:04:18.071] [main/DEBUG] [Chaos Awakens/]: [Adding Block Loot Table]: block.chaosawakens.frozen_snow_golem_ice
[10Jul.2025 12:04:18.071] [main/DEBUG] [Chaos Awakens/]: [Adding Block Loot Table]: block.chaosawakens.frozen_stray_ice
[10Jul.2025 12:04:18.071] [main/DEBUG] [Chaos Awakens/]: [Adding Block Loot Table]: block.chaosawakens.fossilized_greenfish_gravel
[10Jul.2025 12:04:18.071] [main/DEBUG] [Chaos Awakens/]: [Adding Block Loot Table]: block.chaosawakens.fossilized_rock_fish_gravel
[10Jul.2025 12:04:18.071] [main/DEBUG] [Chaos Awakens/]: [Adding Block Loot Table]: block.chaosawakens.fossilized_spark_fish_gravel
[10Jul.2025 12:04:18.071] [main/DEBUG] [Chaos Awakens/]: [Adding Block Loot Table]: block.chaosawakens.fossilized_woodfish_gravel
[10Jul.2025 12:04:18.071] [main/DEBUG] [Chaos Awakens/]: [Adding Block Loot Table]: block.chaosawakens.fossilized_cod_gravel
[10Jul.2025 12:04:18.071] [main/DEBUG] [Chaos Awakens/]: [Adding Block Loot Table]: block.chaosawakens.fossilized_dolphin_gravel
[10Jul.2025 12:04:18.071] [main/DEBUG] [Chaos Awakens/]: [Adding Block Loot Table]: block.chaosawakens.fossilized_drowned_gravel
[10Jul.2025 12:04:18.071] [main/DEBUG] [Chaos Awakens/]: [Adding Block Loot Table]: block.chaosawakens.fossilized_glow_squid_gravel
[10Jul.2025 12:04:18.071] [main/DEBUG] [Chaos Awakens/]: [Adding Block Loot Table]: block.chaosawakens.fossilized_guardian_gravel
[10Jul.2025 12:04:18.071] [main/DEBUG] [Chaos Awakens/]: [Adding Block Loot Table]: block.chaosawakens.fossilized_pufferfish_gravel
[10Jul.2025 12:04:18.071] [main/DEBUG] [Chaos Awakens/]: [Adding Block Loot Table]: block.chaosawakens.fossilized_salmon_gravel
[10Jul.2025 12:04:18.071] [main/DEBUG] [Chaos Awakens/]: [Adding Block Loot Table]: block.chaosawakens.fossilized_squid_gravel
[10Jul.2025 12:04:18.071] [main/DEBUG] [Chaos Awakens/]: [Adding Block Loot Table]: block.chaosawakens.fossilized_tropical_fish_gravel
[10Jul.2025 12:04:18.071] [main/DEBUG] [Chaos Awakens/]: [Adding Block Loot Table]: block.chaosawakens.fossilized_turtle_gravel
[10Jul.2025 12:04:18.071] [main/DEBUG] [Chaos Awakens/]: [Adding Block Loot Table]: block.chaosawakens.fossilized_drowned_sand
[10Jul.2025 12:04:18.071] [main/DEBUG] [Chaos Awakens/]: [Adding Block Loot Table]: block.chaosawakens.fossilized_husk_sandstone
[10Jul.2025 12:04:18.071] [main/DEBUG] [Chaos Awakens/]: [Adding Block Loot Table]: block.chaosawakens.fossilized_crimson_ent_netherrack
[10Jul.2025 12:04:18.071] [main/DEBUG] [Chaos Awakens/]: [Adding Block Loot Table]: block.chaosawakens.fossilized_lava_eel_netherrack
[10Jul.2025 12:04:18.072] [main/DEBUG] [Chaos Awakens/]: [Adding Block Loot Table]: block.chaosawakens.fossilized_blaze_netherrack
[10Jul.2025 12:04:18.072] [main/DEBUG] [Chaos Awakens/]: [Adding Block Loot Table]: block.chaosawakens.fossilized_enderman_netherrack
[10Jul.2025 12:04:18.072] [main/DEBUG] [Chaos Awakens/]: [Adding Block Loot Table]: block.chaosawakens.fossilized_frog_netherrack
[10Jul.2025 12:04:18.072] [main/DEBUG] [Chaos Awakens/]: [Adding Block Loot Table]: block.chaosawakens.fossilized_ghast_netherrack
[10Jul.2025 12:04:18.072] [main/DEBUG] [Chaos Awakens/]: [Adding Block Loot Table]: block.chaosawakens.fossilized_hoglin_netherrack
[10Jul.2025 12:04:18.072] [main/DEBUG] [Chaos Awakens/]: [Adding Block Loot Table]: block.chaosawakens.fossilized_magma_cube_netherrack
[10Jul.2025 12:04:18.072] [main/DEBUG] [Chaos Awakens/]: [Adding Block Loot Table]: block.chaosawakens.fossilized_piglin_netherrack
[10Jul.2025 12:04:18.072] [main/DEBUG] [Chaos Awakens/]: [Adding Block Loot Table]: block.chaosawakens.fossilized_strider_netherrack
[10Jul.2025 12:04:18.072] [main/DEBUG] [Chaos Awakens/]: [Adding Block Loot Table]: block.chaosawakens.fossilized_warped_ent_netherrack
[10Jul.2025 12:04:18.072] [main/DEBUG] [Chaos Awakens/]: [Adding Block Loot Table]: block.chaosawakens.fossilized_wither_skeleton_netherrack
[10Jul.2025 12:04:18.072] [main/DEBUG] [Chaos Awakens/]: [Adding Block Loot Table]: block.chaosawakens.fossilized_zombified_piglin_netherrack
[10Jul.2025 12:04:18.072] [main/DEBUG] [Chaos Awakens/]: [Adding Block Loot Table]: block.chaosawakens.fossilized_magma_cube_blackstone
[10Jul.2025 12:04:18.072] [main/DEBUG] [Chaos Awakens/]: [Adding Block Loot Table]: block.chaosawakens.fossilized_skeleton_soul_soil
[10Jul.2025 12:04:18.072] [main/DEBUG] [Chaos Awakens/]: [Adding Block Loot Table]: block.chaosawakens.fossilized_acacia_ent_stone
[10Jul.2025 12:04:18.072] [main/DEBUG] [Chaos Awakens/]: [Adding Block Loot Table]: block.chaosawakens.fossilized_apple_cow_stone
[10Jul.2025 12:04:18.072] [main/DEBUG] [Chaos Awakens/]: [Adding Block Loot Table]: block.chaosawakens.fossilized_apple_ent_stone
[10Jul.2025 12:04:18.072] [main/DEBUG] [Chaos Awakens/]: [Adding Block Loot Table]: block.chaosawakens.fossilized_beaver_stone
[10Jul.2025 12:04:18.072] [main/DEBUG] [Chaos Awakens/]: [Adding Block Loot Table]: block.chaosawakens.fossilized_birch_ent_stone
[10Jul.2025 12:04:18.072] [main/DEBUG] [Chaos Awakens/]: [Adding Block Loot Table]: block.chaosawakens.fossilized_bird_stone
[10Jul.2025 12:04:18.072] [main/DEBUG] [Chaos Awakens/]: [Adding Block Loot Table]: block.chaosawakens.fossilized_carrot_pig_stone
[10Jul.2025 12:04:18.072] [main/DEBUG] [Chaos Awakens/]: [Adding Block Loot Table]: block.chaosawakens.fossilized_cherry_ent_stone
[10Jul.2025 12:04:18.072] [main/DEBUG] [Chaos Awakens/]: [Adding Block Loot Table]: block.chaosawakens.fossilized_dark_oak_ent_stone
[10Jul.2025 12:04:18.072] [main/DEBUG] [Chaos Awakens/]: [Adding Block Loot Table]: block.chaosawakens.fossilized_dimetrodon_stone
[10Jul.2025 12:04:18.072] [main/DEBUG] [Chaos Awakens/]: [Adding Block Loot Table]: block.chaosawakens.fossilized_emerald_gator_stone
[10Jul.2025 12:04:18.072] [main/DEBUG] [Chaos Awakens/]: [Adding Block Loot Table]: block.chaosawakens.fossilized_firefly_stone
[10Jul.2025 12:04:18.072] [main/DEBUG] [Chaos Awakens/]: [Adding Block Loot Table]: block.chaosawakens.fossilized_gazelle_stone
[10Jul.2025 12:04:18.072] [main/DEBUG] [Chaos Awakens/]: [Adding Block Loot Table]: block.chaosawakens.fossilized_golden_apple_cow_stone
[10Jul.2025 12:04:18.072] [main/DEBUG] [Chaos Awakens/]: [Adding Block Loot Table]: block.chaosawakens.fossilized_golden_carrot_pig_stone
[10Jul.2025 12:04:18.072] [main/DEBUG] [Chaos Awakens/]: [Adding Block Loot Table]: block.chaosawakens.fossilized_hercules_beetle_stone
[10Jul.2025 12:04:18.072] [main/DEBUG] [Chaos Awakens/]: [Adding Block Loot Table]: block.chaosawakens.fossilized_jungle_ent_stone
[10Jul.2025 12:04:18.072] [main/DEBUG] [Chaos Awakens/]: [Adding Block Loot Table]: block.chaosawakens.fossilized_lettuce_chicken_stone
[10Jul.2025 12:04:18.072] [main/DEBUG] [Chaos Awakens/]: [Adding Block Loot Table]: block.chaosawakens.fossilized_mantis_stone
[10Jul.2025 12:04:18.072] [main/DEBUG] [Chaos Awakens/]: [Adding Block Loot Table]: block.chaosawakens.fossilized_mosquito_stone
[10Jul.2025 12:04:18.072] [main/DEBUG] [Chaos Awakens/]: [Adding Block Loot Table]: block.chaosawakens.fossilized_moth_stone
[10Jul.2025 12:04:18.072] [main/DEBUG] [Chaos Awakens/]: [Adding Block Loot Table]: block.chaosawakens.fossilized_oak_ent_stone
[10Jul.2025 12:04:18.072] [main/DEBUG] [Chaos Awakens/]: [Adding Block Loot Table]: block.chaosawakens.fossilized_ostrich_stone
[10Jul.2025 12:04:18.072] [main/DEBUG] [Chaos Awakens/]: [Adding Block Loot Table]: block.chaosawakens.fossilized_peach_ent_stone
[10Jul.2025 12:04:18.072] [main/DEBUG] [Chaos Awakens/]: [Adding Block Loot Table]: block.chaosawakens.fossilized_ruby_bug_stone
[10Jul.2025 12:04:18.072] [main/DEBUG] [Chaos Awakens/]: [Adding Block Loot Table]: block.chaosawakens.fossilized_scorpion_stone
[10Jul.2025 12:04:18.072] [main/DEBUG] [Chaos Awakens/]: [Adding Block Loot Table]: block.chaosawakens.fossilized_spruce_ent_stone
[10Jul.2025 12:04:18.072] [main/DEBUG] [Chaos Awakens/]: [Adding Block Loot Table]: block.chaosawakens.fossilized_bat_stone
[10Jul.2025 12:04:18.072] [main/DEBUG] [Chaos Awakens/]: [Adding Block Loot Table]: block.chaosawakens.fossilized_bee_stone
[10Jul.2025 12:04:18.072] [main/DEBUG] [Chaos Awakens/]: [Adding Block Loot Table]: block.chaosawakens.fossilized_cat_stone
[10Jul.2025 12:04:18.072] [main/DEBUG] [Chaos Awakens/]: [Adding Block Loot Table]: block.chaosawakens.fossilized_cave_spider_stone
[10Jul.2025 12:04:18.072] [main/DEBUG] [Chaos Awakens/]: [Adding Block Loot Table]: block.chaosawakens.fossilized_chicken_stone
[10Jul.2025 12:04:18.072] [main/DEBUG] [Chaos Awakens/]: [Adding Block Loot Table]: block.chaosawakens.fossilized_cow_stone
[10Jul.2025 12:04:18.072] [main/DEBUG] [Chaos Awakens/]: [Adding Block Loot Table]: block.chaosawakens.fossilized_creeper_stone
[10Jul.2025 12:04:18.072] [main/DEBUG] [Chaos Awakens/]: [Adding Block Loot Table]: block.chaosawakens.fossilized_donkey_stone
[10Jul.2025 12:04:18.072] [main/DEBUG] [Chaos Awakens/]: [Adding Block Loot Table]: block.chaosawakens.fossilized_enderman_stone
[10Jul.2025 12:04:18.072] [main/DEBUG] [Chaos Awakens/]: [Adding Block Loot Table]: block.chaosawakens.fossilized_evoker_stone
[10Jul.2025 12:04:18.072] [main/DEBUG] [Chaos Awakens/]: [Adding Block Loot Table]: block.chaosawakens.fossilized_fox_stone
[10Jul.2025 12:04:18.072] [main/DEBUG] [Chaos Awakens/]: [Adding Block Loot Table]: block.chaosawakens.fossilized_frog_stone
[10Jul.2025 12:04:18.072] [main/DEBUG] [Chaos Awakens/]: [Adding Block Loot Table]: block.chaosawakens.fossilized_horse_stone
[10Jul.2025 12:04:18.072] [main/DEBUG] [Chaos Awakens/]: [Adding Block Loot Table]: block.chaosawakens.fossilized_husk_stone_stone
[10Jul.2025 12:04:18.072] [main/DEBUG] [Chaos Awakens/]: [Adding Block Loot Table]: block.chaosawakens.fossilized_llama_stone
[10Jul.2025 12:04:18.072] [main/DEBUG] [Chaos Awakens/]: [Adding Block Loot Table]: block.chaosawakens.fossilized_mooshroom_stone
[10Jul.2025 12:04:18.072] [main/DEBUG] [Chaos Awakens/]: [Adding Block Loot Table]: block.chaosawakens.fossilized_ocelot_stone
[10Jul.2025 12:04:18.072] [main/DEBUG] [Chaos Awakens/]: [Adding Block Loot Table]: block.chaosawakens.fossilized_panda_stone
[10Jul.2025 12:04:18.072] [main/DEBUG] [Chaos Awakens/]: [Adding Block Loot Table]: block.chaosawakens.fossilized_parrot_stone
[10Jul.2025 12:04:18.072] [main/DEBUG] [Chaos Awakens/]: [Adding Block Loot Table]: block.chaosawakens.fossilized_phantom_stone
[10Jul.2025 12:04:18.072] [main/DEBUG] [Chaos Awakens/]: [Adding Block Loot Table]: block.chaosawakens.fossilized_pig_stone
[10Jul.2025 12:04:18.072] [main/DEBUG] [Chaos Awakens/]: [Adding Block Loot Table]: block.chaosawakens.fossilized_pillager_stone
[10Jul.2025 12:04:18.072] [main/DEBUG] [Chaos Awakens/]: [Adding Block Loot Table]: block.chaosawakens.fossilized_polar_bear_stone
[10Jul.2025 12:04:18.072] [main/DEBUG] [Chaos Awakens/]: [Adding Block Loot Table]: block.chaosawakens.fossilized_rabbit_stone
[10Jul.2025 12:04:18.072] [main/DEBUG] [Chaos Awakens/]: [Adding Block Loot Table]: block.chaosawakens.fossilized_ravager_stone
[10Jul.2025 12:04:18.072] [main/DEBUG] [Chaos Awakens/]: [Adding Block Loot Table]: block.chaosawakens.fossilized_sheep_stone
[10Jul.2025 12:04:18.072] [main/DEBUG] [Chaos Awakens/]: [Adding Block Loot Table]: block.chaosawakens.fossilized_skeleton_stone
[10Jul.2025 12:04:18.072] [main/DEBUG] [Chaos Awakens/]: [Adding Block Loot Table]: block.chaosawakens.fossilized_skeleton_horse_stone
[10Jul.2025 12:04:18.072] [main/DEBUG] [Chaos Awakens/]: [Adding Block Loot Table]: block.chaosawakens.fossilized_slime_stone
[10Jul.2025 12:04:18.072] [main/DEBUG] [Chaos Awakens/]: [Adding Block Loot Table]: block.chaosawakens.fossilized_spider_stone
[10Jul.2025 12:04:18.072] [main/DEBUG] [Chaos Awakens/]: [Adding Block Loot Table]: block.chaosawakens.fossilized_villager_stone
[10Jul.2025 12:04:18.072] [main/DEBUG] [Chaos Awakens/]: [Adding Block Loot Table]: block.chaosawakens.fossilized_vindicator_stone
[10Jul.2025 12:04:18.072] [main/DEBUG] [Chaos Awakens/]: [Adding Block Loot Table]: block.chaosawakens.fossilized_wandering_trader_stone
[10Jul.2025 12:04:18.072] [main/DEBUG] [Chaos Awakens/]: [Adding Block Loot Table]: block.chaosawakens.fossilized_wasp_stone
[10Jul.2025 12:04:18.072] [main/DEBUG] [Chaos Awakens/]: [Adding Block Loot Table]: block.chaosawakens.fossilized_witch_stone
[10Jul.2025 12:04:18.072] [main/DEBUG] [Chaos Awakens/]: [Adding Block Loot Table]: block.chaosawakens.fossilized_wolf_stone
[10Jul.2025 12:04:18.072] [main/DEBUG] [Chaos Awakens/]: [Adding Block Loot Table]: block.chaosawakens.fossilized_zombie_stone
[10Jul.2025 12:04:18.072] [main/DEBUG] [Chaos Awakens/]: [Adding Block Loot Table]: block.chaosawakens.fossilized_zombie_horse_stone
[10Jul.2025 12:04:18.072] [main/DEBUG] [Chaos Awakens/]: [Adding Block Loot Table]: block.chaosawakens.fossilized_zombie_villager_stone
[10Jul.2025 12:04:18.072] [main/DEBUG] [Chaos Awakens/]: [Adding Block Loot Table]: block.chaosawakens.fossilized_warden_deepslate
[10Jul.2025 12:04:18.078] [main/DEBUG] [Chaos Awakens/]: [Adding EntityType Loot Table]: entity.chaosawakens.apple_cow
[10Jul.2025 12:04:18.080] [main/DEBUG] [Chaos Awakens/]: [Adding EntityType Loot Table]: entity.chaosawakens.golden_apple_cow
[10Jul.2025 12:04:18.081] [main/DEBUG] [Chaos Awakens/]: [Adding EntityType Loot Table]: entity.chaosawakens.enchanted_golden_apple_cow
[10Jul.2025 12:04:18.081] [main/DEBUG] [Chaos Awakens/]: [Adding EntityType Loot Table]: entity.chaosawakens.carrot_pig
[10Jul.2025 12:04:18.081] [main/DEBUG] [Chaos Awakens/]: [Adding EntityType Loot Table]: entity.chaosawakens.golden_carrot_pig
[10Jul.2025 12:04:18.081] [main/DEBUG] [Chaos Awakens/]: [Adding EntityType Loot Table]: entity.chaosawakens.enchanted_golden_carrot_pig
[10Jul.2025 12:04:18.081] [main/DEBUG] [Chaos Awakens/]: [Adding EntityType Loot Table]: entity.chaosawakens.lettuce_chicken
[10Jul.2025 12:04:18.081] [main/DEBUG] [Chaos Awakens/]: [Adding EntityType Loot Table]: entity.chaosawakens.stink_bug
[10Jul.2025 12:04:18.081] [main/DEBUG] [Chaos Awakens/]: [Adding EntityType Loot Table]: entity.chaosawakens.robo_pounder
[10Jul.2025 12:04:18.131] [main/INFO] [net.minecraft.data.DataGenerator/]: Loot Tables finished after 105 ms
[10Jul.2025 12:04:18.131] [main/INFO] [net.minecraft.data.DataGenerator/]: Starting provider: Chaos Awakens: Block Tags
[10Jul.2025 12:04:18.132] [main/DEBUG] [Chaos Awakens/]: [Tagging Block]: block.chaosawakens.apple_log -> TagKey[minecraft:block / minecraft:mineable/axe]
[10Jul.2025 12:04:18.133] [main/DEBUG] [Chaos Awakens/]: [Tagging Block]: block.chaosawakens.apple_log -> TagKey[minecraft:block / minecraft:logs_that_burn]
[10Jul.2025 12:04:18.134] [main/DEBUG] [Chaos Awakens/]: [Tagging Block]: block.chaosawakens.apple_wood -> TagKey[minecraft:block / minecraft:mineable/axe]
[10Jul.2025 12:04:18.134] [main/DEBUG] [Chaos Awakens/]: [Tagging Block]: block.chaosawakens.apple_wood -> TagKey[minecraft:block / minecraft:logs_that_burn]
[10Jul.2025 12:04:18.134] [main/DEBUG] [Chaos Awakens/]: [Tagging Block]: block.chaosawakens.stripped_apple_log -> TagKey[minecraft:block / minecraft:mineable/axe]
[10Jul.2025 12:04:18.134] [main/DEBUG] [Chaos Awakens/]: [Tagging Block]: block.chaosawakens.stripped_apple_log -> TagKey[minecraft:block / minecraft:logs_that_burn]
[10Jul.2025 12:04:18.134] [main/DEBUG] [Chaos Awakens/]: [Tagging Block]: block.chaosawakens.stripped_apple_wood -> TagKey[minecraft:block / minecraft:mineable/axe]
[10Jul.2025 12:04:18.134] [main/DEBUG] [Chaos Awakens/]: [Tagging Block]: block.chaosawakens.stripped_apple_wood -> TagKey[minecraft:block / minecraft:logs_that_burn]
[10Jul.2025 12:04:18.134] [main/DEBUG] [Chaos Awakens/]: [Tagging Block]: block.chaosawakens.apple_planks -> TagKey[minecraft:block / minecraft:mineable/axe]
[10Jul.2025 12:04:18.134] [main/DEBUG] [Chaos Awakens/]: [Tagging Block]: block.chaosawakens.apple_planks -> TagKey[minecraft:block / minecraft:planks]
[10Jul.2025 12:04:18.134] [main/DEBUG] [Chaos Awakens/]: [Tagging Block]: block.chaosawakens.apple_stairs -> TagKey[minecraft:block / minecraft:wooden_stairs]
[10Jul.2025 12:04:18.134] [main/DEBUG] [Chaos Awakens/]: [Tagging Block]: block.chaosawakens.apple_stairs -> TagKey[minecraft:block / minecraft:mineable/axe]
[10Jul.2025 12:04:18.134] [main/DEBUG] [Chaos Awakens/]: [Tagging Block]: block.chaosawakens.apple_slab -> TagKey[minecraft:block / minecraft:wooden_slabs]
[10Jul.2025 12:04:18.134] [main/DEBUG] [Chaos Awakens/]: [Tagging Block]: block.chaosawakens.apple_slab -> TagKey[minecraft:block / minecraft:mineable/axe]
[10Jul.2025 12:04:18.134] [main/DEBUG] [Chaos Awakens/]: [Tagging Block]: block.chaosawakens.apple_fence -> TagKey[minecraft:block / minecraft:wooden_fences]
[10Jul.2025 12:04:18.134] [main/DEBUG] [Chaos Awakens/]: [Tagging Block]: block.chaosawakens.apple_fence -> TagKey[minecraft:block / minecraft:mineable/axe]
[10Jul.2025 12:04:18.134] [main/DEBUG] [Chaos Awakens/]: [Tagging Block]: block.chaosawakens.apple_fence_gate -> TagKey[minecraft:block / minecraft:fence_gates]
[10Jul.2025 12:04:18.134] [main/DEBUG] [Chaos Awakens/]: [Tagging Block]: block.chaosawakens.apple_fence_gate -> TagKey[minecraft:block / minecraft:mineable/axe]
[10Jul.2025 12:04:18.134] [main/DEBUG] [Chaos Awakens/]: [Tagging Block]: block.chaosawakens.apple_door -> TagKey[minecraft:block / minecraft:wooden_doors]
[10Jul.2025 12:04:18.134] [main/DEBUG] [Chaos Awakens/]: [Tagging Block]: block.chaosawakens.apple_door -> TagKey[minecraft:block / minecraft:mineable/axe]
[10Jul.2025 12:04:18.134] [main/DEBUG] [Chaos Awakens/]: [Tagging Block]: block.chaosawakens.apple_trapdoor -> TagKey[minecraft:block / minecraft:wooden_trapdoors]
[10Jul.2025 12:04:18.134] [main/DEBUG] [Chaos Awakens/]: [Tagging Block]: block.chaosawakens.apple_trapdoor -> TagKey[minecraft:block / minecraft:mineable/axe]
[10Jul.2025 12:04:18.134] [main/DEBUG] [Chaos Awakens/]: [Tagging Block]: block.chaosawakens.apple_pressure_plate -> TagKey[minecraft:block / minecraft:wooden_pressure_plates]
[10Jul.2025 12:04:18.134] [main/DEBUG] [Chaos Awakens/]: [Tagging Block]: block.chaosawakens.apple_pressure_plate -> TagKey[minecraft:block / minecraft:mineable/axe]
[10Jul.2025 12:04:18.134] [main/DEBUG] [Chaos Awakens/]: [Tagging Block]: block.chaosawakens.apple_button -> TagKey[minecraft:block / minecraft:wooden_buttons]
[10Jul.2025 12:04:18.134] [main/DEBUG] [Chaos Awakens/]: [Tagging Block]: block.chaosawakens.apple_button -> TagKey[minecraft:block / minecraft:mineable/axe]
[10Jul.2025 12:04:18.134] [main/DEBUG] [Chaos Awakens/]: [Tagging Block]: block.chaosawakens.crystalwood_log -> TagKey[minecraft:block / minecraft:mineable/axe]
[10Jul.2025 12:04:18.134] [main/DEBUG] [Chaos Awakens/]: [Tagging Block]: block.chaosawakens.crystalwood_log -> TagKey[minecraft:block / minecraft:logs_that_burn]
[10Jul.2025 12:04:18.134] [main/DEBUG] [Chaos Awakens/]: [Tagging Block]: block.chaosawakens.crystalwood -> TagKey[minecraft:block / minecraft:mineable/axe]
[10Jul.2025 12:04:18.134] [main/DEBUG] [Chaos Awakens/]: [Tagging Block]: block.chaosawakens.crystalwood -> TagKey[minecraft:block / minecraft:logs_that_burn]
[10Jul.2025 12:04:18.134] [main/DEBUG] [Chaos Awakens/]: [Tagging Block]: block.chaosawakens.stripped_crystalwood_log -> TagKey[minecraft:block / minecraft:mineable/axe]
[10Jul.2025 12:04:18.134] [main/DEBUG] [Chaos Awakens/]: [Tagging Block]: block.chaosawakens.stripped_crystalwood_log -> TagKey[minecraft:block / minecraft:logs_that_burn]
[10Jul.2025 12:04:18.134] [main/DEBUG] [Chaos Awakens/]: [Tagging Block]: block.chaosawakens.stripped_crystalwood -> TagKey[minecraft:block / minecraft:mineable/axe]
[10Jul.2025 12:04:18.134] [main/DEBUG] [Chaos Awakens/]: [Tagging Block]: block.chaosawakens.stripped_crystalwood -> TagKey[minecraft:block / minecraft:logs_that_burn]
[10Jul.2025 12:04:18.134] [main/DEBUG] [Chaos Awakens/]: [Tagging Block]: block.chaosawakens.crystalwood_planks -> TagKey[minecraft:block / minecraft:mineable/axe]
[10Jul.2025 12:04:18.134] [main/DEBUG] [Chaos Awakens/]: [Tagging Block]: block.chaosawakens.crystalwood_planks -> TagKey[minecraft:block / minecraft:planks]
[10Jul.2025 12:04:18.134] [main/DEBUG] [Chaos Awakens/]: [Tagging Block]: block.chaosawakens.crystalwood_stairs -> TagKey[minecraft:block / minecraft:wooden_stairs]
[10Jul.2025 12:04:18.134] [main/DEBUG] [Chaos Awakens/]: [Tagging Block]: block.chaosawakens.crystalwood_stairs -> TagKey[minecraft:block / minecraft:mineable/axe]
[10Jul.2025 12:04:18.134] [main/DEBUG] [Chaos Awakens/]: [Tagging Block]: block.chaosawakens.crystalwood_slab -> TagKey[minecraft:block / minecraft:wooden_slabs]
[10Jul.2025 12:04:18.134] [main/DEBUG] [Chaos Awakens/]: [Tagging Block]: block.chaosawakens.crystalwood_slab -> TagKey[minecraft:block / minecraft:mineable/axe]
[10Jul.2025 12:04:18.134] [main/DEBUG] [Chaos Awakens/]: [Tagging Block]: block.chaosawakens.crystalwood_fence -> TagKey[minecraft:block / minecraft:wooden_fences]
[10Jul.2025 12:04:18.134] [main/DEBUG] [Chaos Awakens/]: [Tagging Block]: block.chaosawakens.crystalwood_fence -> TagKey[minecraft:block / minecraft:mineable/axe]
[10Jul.2025 12:04:18.134] [main/DEBUG] [Chaos Awakens/]: [Tagging Block]: block.chaosawakens.crystalwood_fence_gate -> TagKey[minecraft:block / minecraft:fence_gates]
[10Jul.2025 12:04:18.134] [main/DEBUG] [Chaos Awakens/]: [Tagging Block]: block.chaosawakens.crystalwood_fence_gate -> TagKey[minecraft:block / minecraft:mineable/axe]
[10Jul.2025 12:04:18.134] [main/DEBUG] [Chaos Awakens/]: [Tagging Block]: block.chaosawakens.crystalwood_door -> TagKey[minecraft:block / minecraft:wooden_doors]
[10Jul.2025 12:04:18.134] [main/DEBUG] [Chaos Awakens/]: [Tagging Block]: block.chaosawakens.crystalwood_door -> TagKey[minecraft:block / minecraft:mineable/axe]
[10Jul.2025 12:04:18.134] [main/DEBUG] [Chaos Awakens/]: [Tagging Block]: block.chaosawakens.crystalwood_trapdoor -> TagKey[minecraft:block / minecraft:wooden_trapdoors]
[10Jul.2025 12:04:18.134] [main/DEBUG] [Chaos Awakens/]: [Tagging Block]: block.chaosawakens.crystalwood_trapdoor -> TagKey[minecraft:block / minecraft:mineable/axe]
[10Jul.2025 12:04:18.134] [main/DEBUG] [Chaos Awakens/]: [Tagging Block]: block.chaosawakens.crystalwood_pressure_plate -> TagKey[minecraft:block / minecraft:wooden_pressure_plates]
[10Jul.2025 12:04:18.134] [main/DEBUG] [Chaos Awakens/]: [Tagging Block]: block.chaosawakens.crystalwood_pressure_plate -> TagKey[minecraft:block / minecraft:mineable/axe]
[10Jul.2025 12:04:18.134] [main/DEBUG] [Chaos Awakens/]: [Tagging Block]: block.chaosawakens.crystalwood_button -> TagKey[minecraft:block / minecraft:wooden_buttons]
[10Jul.2025 12:04:18.134] [main/DEBUG] [Chaos Awakens/]: [Tagging Block]: block.chaosawakens.crystalwood_button -> TagKey[minecraft:block / minecraft:mineable/axe]
[10Jul.2025 12:04:18.134] [main/DEBUG] [Chaos Awakens/]: [Tagging Block]: block.chaosawakens.densewood_log -> TagKey[minecraft:block / minecraft:mineable/axe]
[10Jul.2025 12:04:18.134] [main/DEBUG] [Chaos Awakens/]: [Tagging Block]: block.chaosawakens.densewood_log -> TagKey[minecraft:block / minecraft:logs_that_burn]
[10Jul.2025 12:04:18.134] [main/DEBUG] [Chaos Awakens/]: [Tagging Block]: block.chaosawakens.densewood -> TagKey[minecraft:block / minecraft:mineable/axe]
[10Jul.2025 12:04:18.134] [main/DEBUG] [Chaos Awakens/]: [Tagging Block]: block.chaosawakens.densewood -> TagKey[minecraft:block / minecraft:logs_that_burn]
[10Jul.2025 12:04:18.134] [main/DEBUG] [Chaos Awakens/]: [Tagging Block]: block.chaosawakens.stripped_densewood_log -> TagKey[minecraft:block / minecraft:mineable/axe]
[10Jul.2025 12:04:18.134] [main/DEBUG] [Chaos Awakens/]: [Tagging Block]: block.chaosawakens.stripped_densewood_log -> TagKey[minecraft:block / minecraft:logs_that_burn]
[10Jul.2025 12:04:18.134] [main/DEBUG] [Chaos Awakens/]: [Tagging Block]: block.chaosawakens.stripped_densewood -> TagKey[minecraft:block / minecraft:mineable/axe]
[10Jul.2025 12:04:18.134] [main/DEBUG] [Chaos Awakens/]: [Tagging Block]: block.chaosawakens.stripped_densewood -> TagKey[minecraft:block / minecraft:logs_that_burn]
[10Jul.2025 12:04:18.134] [main/DEBUG] [Chaos Awakens/]: [Tagging Block]: block.chaosawakens.densewood_planks -> TagKey[minecraft:block / minecraft:mineable/axe]
[10Jul.2025 12:04:18.134] [main/DEBUG] [Chaos Awakens/]: [Tagging Block]: block.chaosawakens.densewood_planks -> TagKey[minecraft:block / minecraft:planks]
[10Jul.2025 12:04:18.134] [main/DEBUG] [Chaos Awakens/]: [Tagging Block]: block.chaosawakens.densewood_stairs -> TagKey[minecraft:block / minecraft:wooden_stairs]
[10Jul.2025 12:04:18.134] [main/DEBUG] [Chaos Awakens/]: [Tagging Block]: block.chaosawakens.densewood_stairs -> TagKey[minecraft:block / minecraft:mineable/axe]
[10Jul.2025 12:04:18.134] [main/DEBUG] [Chaos Awakens/]: [Tagging Block]: block.chaosawakens.densewood_slab -> TagKey[minecraft:block / minecraft:wooden_slabs]
[10Jul.2025 12:04:18.134] [main/DEBUG] [Chaos Awakens/]: [Tagging Block]: block.chaosawakens.densewood_slab -> TagKey[minecraft:block / minecraft:mineable/axe]
[10Jul.2025 12:04:18.134] [main/DEBUG] [Chaos Awakens/]: [Tagging Block]: block.chaosawakens.densewood_fence -> TagKey[minecraft:block / minecraft:wooden_fences]
[10Jul.2025 12:04:18.134] [main/DEBUG] [Chaos Awakens/]: [Tagging Block]: block.chaosawakens.densewood_fence -> TagKey[minecraft:block / minecraft:mineable/axe]
[10Jul.2025 12:04:18.134] [main/DEBUG] [Chaos Awakens/]: [Tagging Block]: block.chaosawakens.densewood_fence_gate -> TagKey[minecraft:block / minecraft:fence_gates]
[10Jul.2025 12:04:18.134] [main/DEBUG] [Chaos Awakens/]: [Tagging Block]: block.chaosawakens.densewood_fence_gate -> TagKey[minecraft:block / minecraft:mineable/axe]
[10Jul.2025 12:04:18.134] [main/DEBUG] [Chaos Awakens/]: [Tagging Block]: block.chaosawakens.densewood_door -> TagKey[minecraft:block / minecraft:wooden_doors]
[10Jul.2025 12:04:18.134] [main/DEBUG] [Chaos Awakens/]: [Tagging Block]: block.chaosawakens.densewood_door -> TagKey[minecraft:block / minecraft:mineable/axe]
[10Jul.2025 12:04:18.134] [main/DEBUG] [Chaos Awakens/]: [Tagging Block]: block.chaosawakens.densewood_trapdoor -> TagKey[minecraft:block / minecraft:wooden_trapdoors]
[10Jul.2025 12:04:18.134] [main/DEBUG] [Chaos Awakens/]: [Tagging Block]: block.chaosawakens.densewood_trapdoor -> TagKey[minecraft:block / minecraft:mineable/axe]
[10Jul.2025 12:04:18.134] [main/DEBUG] [Chaos Awakens/]: [Tagging Block]: block.chaosawakens.densewood_pressure_plate -> TagKey[minecraft:block / minecraft:wooden_pressure_plates]
[10Jul.2025 12:04:18.134] [main/DEBUG] [Chaos Awakens/]: [Tagging Block]: block.chaosawakens.densewood_pressure_plate -> TagKey[minecraft:block / minecraft:mineable/axe]
[10Jul.2025 12:04:18.134] [main/DEBUG] [Chaos Awakens/]: [Tagging Block]: block.chaosawakens.densewood_button -> TagKey[minecraft:block / minecraft:wooden_buttons]
[10Jul.2025 12:04:18.134] [main/DEBUG] [Chaos Awakens/]: [Tagging Block]: block.chaosawakens.densewood_button -> TagKey[minecraft:block / minecraft:mineable/axe]
[10Jul.2025 12:04:18.134] [main/DEBUG] [Chaos Awakens/]: [Tagging Block]: block.chaosawakens.duplicator_log -> TagKey[minecraft:block / minecraft:mineable/axe]
[10Jul.2025 12:04:18.134] [main/DEBUG] [Chaos Awakens/]: [Tagging Block]: block.chaosawakens.duplicator_log -> TagKey[minecraft:block / minecraft:logs_that_burn]
[10Jul.2025 12:04:18.134] [main/DEBUG] [Chaos Awakens/]: [Tagging Block]: block.chaosawakens.duplicator_wood -> TagKey[minecraft:block / minecraft:mineable/axe]
[10Jul.2025 12:04:18.134] [main/DEBUG] [Chaos Awakens/]: [Tagging Block]: block.chaosawakens.duplicator_wood -> TagKey[minecraft:block / minecraft:logs_that_burn]
[10Jul.2025 12:04:18.134] [main/DEBUG] [Chaos Awakens/]: [Tagging Block]: block.chaosawakens.stripped_duplicator_log -> TagKey[minecraft:block / minecraft:mineable/axe]
[10Jul.2025 12:04:18.134] [main/DEBUG] [Chaos Awakens/]: [Tagging Block]: block.chaosawakens.stripped_duplicator_log -> TagKey[minecraft:block / minecraft:logs_that_burn]
[10Jul.2025 12:04:18.134] [main/DEBUG] [Chaos Awakens/]: [Tagging Block]: block.chaosawakens.stripped_duplicator_wood -> TagKey[minecraft:block / minecraft:mineable/axe]
[10Jul.2025 12:04:18.134] [main/DEBUG] [Chaos Awakens/]: [Tagging Block]: block.chaosawakens.stripped_duplicator_wood -> TagKey[minecraft:block / minecraft:logs_that_burn]
[10Jul.2025 12:04:18.134] [main/DEBUG] [Chaos Awakens/]: [Tagging Block]: block.chaosawakens.dead_duplicator_log -> TagKey[minecraft:block / minecraft:mineable/axe]
[10Jul.2025 12:04:18.134] [main/DEBUG] [Chaos Awakens/]: [Tagging Block]: block.chaosawakens.dead_duplicator_log -> TagKey[minecraft:block / minecraft:logs_that_burn]
[10Jul.2025 12:04:18.134] [main/DEBUG] [Chaos Awakens/]: [Tagging Block]: block.chaosawakens.dead_duplicator_wood -> TagKey[minecraft:block / minecraft:mineable/axe]
[10Jul.2025 12:04:18.134] [main/DEBUG] [Chaos Awakens/]: [Tagging Block]: block.chaosawakens.dead_duplicator_wood -> TagKey[minecraft:block / minecraft:logs_that_burn]
[10Jul.2025 12:04:18.134] [main/DEBUG] [Chaos Awakens/]: [Tagging Block]: block.chaosawakens.stripped_dead_duplicator_log -> TagKey[minecraft:block / minecraft:mineable/axe]
[10Jul.2025 12:04:18.134] [main/DEBUG] [Chaos Awakens/]: [Tagging Block]: block.chaosawakens.stripped_dead_duplicator_log -> TagKey[minecraft:block / minecraft:logs_that_burn]
[10Jul.2025 12:04:18.134] [main/DEBUG] [Chaos Awakens/]: [Tagging Block]: block.chaosawakens.stripped_dead_duplicator_wood -> TagKey[minecraft:block / minecraft:mineable/axe]
[10Jul.2025 12:04:18.134] [main/DEBUG] [Chaos Awakens/]: [Tagging Block]: block.chaosawakens.stripped_dead_duplicator_wood -> TagKey[minecraft:block / minecraft:logs_that_burn]
[10Jul.2025 12:04:18.134] [main/DEBUG] [Chaos Awakens/]: [Tagging Block]: block.chaosawakens.duplicator_planks -> TagKey[minecraft:block / minecraft:mineable/axe]
[10Jul.2025 12:04:18.134] [main/DEBUG] [Chaos Awakens/]: [Tagging Block]: block.chaosawakens.duplicator_planks -> TagKey[minecraft:block / minecraft:planks]
[10Jul.2025 12:04:18.134] [main/DEBUG] [Chaos Awakens/]: [Tagging Block]: block.chaosawakens.duplicator_stairs -> TagKey[minecraft:block / minecraft:wooden_stairs]
[10Jul.2025 12:04:18.134] [main/DEBUG] [Chaos Awakens/]: [Tagging Block]: block.chaosawakens.duplicator_stairs -> TagKey[minecraft:block / minecraft:mineable/axe]
[10Jul.2025 12:04:18.134] [main/DEBUG] [Chaos Awakens/]: [Tagging Block]: block.chaosawakens.duplicator_slab -> TagKey[minecraft:block / minecraft:wooden_slabs]
[10Jul.2025 12:04:18.134] [main/DEBUG] [Chaos Awakens/]: [Tagging Block]: block.chaosawakens.duplicator_slab -> TagKey[minecraft:block / minecraft:mineable/axe]
[10Jul.2025 12:04:18.134] [main/DEBUG] [Chaos Awakens/]: [Tagging Block]: block.chaosawakens.duplicator_fence -> TagKey[minecraft:block / minecraft:wooden_fences]
[10Jul.2025 12:04:18.134] [main/DEBUG] [Chaos Awakens/]: [Tagging Block]: block.chaosawakens.duplicator_fence -> TagKey[minecraft:block / minecraft:mineable/axe]
[10Jul.2025 12:04:18.134] [main/DEBUG] [Chaos Awakens/]: [Tagging Block]: block.chaosawakens.duplicator_fence_gate -> TagKey[minecraft:block / minecraft:fence_gates]
[10Jul.2025 12:04:18.134] [main/DEBUG] [Chaos Awakens/]: [Tagging Block]: block.chaosawakens.duplicator_fence_gate -> TagKey[minecraft:block / minecraft:mineable/axe]
[10Jul.2025 12:04:18.134] [main/DEBUG] [Chaos Awakens/]: [Tagging Block]: block.chaosawakens.duplicator_door -> TagKey[minecraft:block / minecraft:wooden_doors]
[10Jul.2025 12:04:18.134] [main/DEBUG] [Chaos Awakens/]: [Tagging Block]: block.chaosawakens.duplicator_door -> TagKey[minecraft:block / minecraft:mineable/axe]
[10Jul.2025 12:04:18.134] [main/DEBUG] [Chaos Awakens/]: [Tagging Block]: block.chaosawakens.duplicator_trapdoor -> TagKey[minecraft:block / minecraft:wooden_trapdoors]
[10Jul.2025 12:04:18.134] [main/DEBUG] [Chaos Awakens/]: [Tagging Block]: block.chaosawakens.duplicator_trapdoor -> TagKey[minecraft:block / minecraft:mineable/axe]
[10Jul.2025 12:04:18.134] [main/DEBUG] [Chaos Awakens/]: [Tagging Block]: block.chaosawakens.duplicator_pressure_plate -> TagKey[minecraft:block / minecraft:wooden_pressure_plates]
[10Jul.2025 12:04:18.134] [main/DEBUG] [Chaos Awakens/]: [Tagging Block]: block.chaosawakens.duplicator_pressure_plate -> TagKey[minecraft:block / minecraft:mineable/axe]
[10Jul.2025 12:04:18.136] [main/DEBUG] [Chaos Awakens/]: [Tagging Block]: block.chaosawakens.duplicator_button -> TagKey[minecraft:block / minecraft:wooden_buttons]
[10Jul.2025 12:04:18.136] [main/DEBUG] [Chaos Awakens/]: [Tagging Block]: block.chaosawakens.duplicator_button -> TagKey[minecraft:block / minecraft:mineable/axe]
[10Jul.2025 12:04:18.136] [main/DEBUG] [Chaos Awakens/]: [Tagging Block]: block.chaosawakens.ginkgo_log -> TagKey[minecraft:block / minecraft:mineable/axe]
[10Jul.2025 12:04:18.136] [main/DEBUG] [Chaos Awakens/]: [Tagging Block]: block.chaosawakens.ginkgo_log -> TagKey[minecraft:block / minecraft:logs_that_burn]
[10Jul.2025 12:04:18.136] [main/DEBUG] [Chaos Awakens/]: [Tagging Block]: block.chaosawakens.ginkgo_wood -> TagKey[minecraft:block / minecraft:mineable/axe]
[10Jul.2025 12:04:18.136] [main/DEBUG] [Chaos Awakens/]: [Tagging Block]: block.chaosawakens.ginkgo_wood -> TagKey[minecraft:block / minecraft:logs_that_burn]
[10Jul.2025 12:04:18.136] [main/DEBUG] [Chaos Awakens/]: [Tagging Block]: block.chaosawakens.stripped_ginkgo_log -> TagKey[minecraft:block / minecraft:mineable/axe]
[10Jul.2025 12:04:18.136] [main/DEBUG] [Chaos Awakens/]: [Tagging Block]: block.chaosawakens.stripped_ginkgo_log -> TagKey[minecraft:block / minecraft:logs_that_burn]
[10Jul.2025 12:04:18.136] [main/DEBUG] [Chaos Awakens/]: [Tagging Block]: block.chaosawakens.stripped_ginkgo_wood -> TagKey[minecraft:block / minecraft:mineable/axe]
[10Jul.2025 12:04:18.136] [main/DEBUG] [Chaos Awakens/]: [Tagging Block]: block.chaosawakens.stripped_ginkgo_wood -> TagKey[minecraft:block / minecraft:logs_that_burn]
[10Jul.2025 12:04:18.136] [main/DEBUG] [Chaos Awakens/]: [Tagging Block]: block.chaosawakens.ginkgo_planks -> TagKey[minecraft:block / minecraft:mineable/axe]
[10Jul.2025 12:04:18.136] [main/DEBUG] [Chaos Awakens/]: [Tagging Block]: block.chaosawakens.ginkgo_planks -> TagKey[minecraft:block / minecraft:planks]
[10Jul.2025 12:04:18.136] [main/DEBUG] [Chaos Awakens/]: [Tagging Block]: block.chaosawakens.ginkgo_stairs -> TagKey[minecraft:block / minecraft:wooden_stairs]
[10Jul.2025 12:04:18.136] [main/DEBUG] [Chaos Awakens/]: [Tagging Block]: block.chaosawakens.ginkgo_stairs -> TagKey[minecraft:block / minecraft:mineable/axe]
[10Jul.2025 12:04:18.136] [main/DEBUG] [Chaos Awakens/]: [Tagging Block]: block.chaosawakens.ginkgo_slab -> TagKey[minecraft:block / minecraft:wooden_slabs]
[10Jul.2025 12:04:18.136] [main/DEBUG] [Chaos Awakens/]: [Tagging Block]: block.chaosawakens.ginkgo_slab -> TagKey[minecraft:block / minecraft:mineable/axe]
[10Jul.2025 12:04:18.136] [main/DEBUG] [Chaos Awakens/]: [Tagging Block]: block.chaosawakens.ginkgo_fence -> TagKey[minecraft:block / minecraft:wooden_fences]
[10Jul.2025 12:04:18.136] [main/DEBUG] [Chaos Awakens/]: [Tagging Block]: block.chaosawakens.ginkgo_fence -> TagKey[minecraft:block / minecraft:mineable/axe]
[10Jul.2025 12:04:18.136] [main/DEBUG] [Chaos Awakens/]: [Tagging Block]: block.chaosawakens.ginkgo_fence_gate -> TagKey[minecraft:block / minecraft:fence_gates]
[10Jul.2025 12:04:18.136] [main/DEBUG] [Chaos Awakens/]: [Tagging Block]: block.chaosawakens.ginkgo_fence_gate -> TagKey[minecraft:block / minecraft:mineable/axe]
[10Jul.2025 12:04:18.136] [main/DEBUG] [Chaos Awakens/]: [Tagging Block]: block.chaosawakens.ginkgo_door -> TagKey[minecraft:block / minecraft:wooden_doors]
[10Jul.2025 12:04:18.136] [main/DEBUG] [Chaos Awakens/]: [Tagging Block]: block.chaosawakens.ginkgo_door -> TagKey[minecraft:block / minecraft:mineable/axe]
[10Jul.2025 12:04:18.136] [main/DEBUG] [Chaos Awakens/]: [Tagging Block]: block.chaosawakens.ginkgo_trapdoor -> TagKey[minecraft:block / minecraft:wooden_trapdoors]
[10Jul.2025 12:04:18.136] [main/DEBUG] [Chaos Awakens/]: [Tagging Block]: block.chaosawakens.ginkgo_trapdoor -> TagKey[minecraft:block / minecraft:mineable/axe]
[10Jul.2025 12:04:18.136] [main/DEBUG] [Chaos Awakens/]: [Tagging Block]: block.chaosawakens.ginkgo_pressure_plate -> TagKey[minecraft:block / minecraft:wooden_pressure_plates]
[10Jul.2025 12:04:18.136] [main/DEBUG] [Chaos Awakens/]: [Tagging Block]: block.chaosawakens.ginkgo_pressure_plate -> TagKey[minecraft:block / minecraft:mineable/axe]
[10Jul.2025 12:04:18.136] [main/DEBUG] [Chaos Awakens/]: [Tagging Block]: block.chaosawakens.ginkgo_button -> TagKey[minecraft:block / minecraft:wooden_buttons]
[10Jul.2025 12:04:18.136] [main/DEBUG] [Chaos Awakens/]: [Tagging Block]: block.chaosawakens.ginkgo_button -> TagKey[minecraft:block / minecraft:mineable/axe]
[10Jul.2025 12:04:18.136] [main/DEBUG] [Chaos Awakens/]: [Tagging Block]: block.chaosawakens.mesozoic_log -> TagKey[minecraft:block / minecraft:mineable/axe]
[10Jul.2025 12:04:18.136] [main/DEBUG] [Chaos Awakens/]: [Tagging Block]: block.chaosawakens.mesozoic_log -> TagKey[minecraft:block / minecraft:logs_that_burn]
[10Jul.2025 12:04:18.136] [main/DEBUG] [Chaos Awakens/]: [Tagging Block]: block.chaosawakens.mesozoic_wood -> TagKey[minecraft:block / minecraft:mineable/axe]
[10Jul.2025 12:04:18.136] [main/DEBUG] [Chaos Awakens/]: [Tagging Block]: block.chaosawakens.mesozoic_wood -> TagKey[minecraft:block / minecraft:logs_that_burn]
[10Jul.2025 12:04:18.136] [main/DEBUG] [Chaos Awakens/]: [Tagging Block]: block.chaosawakens.stripped_mesozoic_log -> TagKey[minecraft:block / minecraft:mineable/axe]
[10Jul.2025 12:04:18.136] [main/DEBUG] [Chaos Awakens/]: [Tagging Block]: block.chaosawakens.stripped_mesozoic_log -> TagKey[minecraft:block / minecraft:logs_that_burn]
[10Jul.2025 12:04:18.136] [main/DEBUG] [Chaos Awakens/]: [Tagging Block]: block.chaosawakens.stripped_mesozoic_wood -> TagKey[minecraft:block / minecraft:mineable/axe]
[10Jul.2025 12:04:18.136] [main/DEBUG] [Chaos Awakens/]: [Tagging Block]: block.chaosawakens.stripped_mesozoic_wood -> TagKey[minecraft:block / minecraft:logs_that_burn]
[10Jul.2025 12:04:18.136] [main/DEBUG] [Chaos Awakens/]: [Tagging Block]: block.chaosawakens.mesozoic_planks -> TagKey[minecraft:block / minecraft:mineable/axe]
[10Jul.2025 12:04:18.136] [main/DEBUG] [Chaos Awakens/]: [Tagging Block]: block.chaosawakens.mesozoic_planks -> TagKey[minecraft:block / minecraft:planks]
[10Jul.2025 12:04:18.136] [main/DEBUG] [Chaos Awakens/]: [Tagging Block]: block.chaosawakens.mesozoic_stairs -> TagKey[minecraft:block / minecraft:wooden_stairs]
[10Jul.2025 12:04:18.136] [main/DEBUG] [Chaos Awakens/]: [Tagging Block]: block.chaosawakens.mesozoic_stairs -> TagKey[minecraft:block / minecraft:mineable/axe]
[10Jul.2025 12:04:18.136] [main/DEBUG] [Chaos Awakens/]: [Tagging Block]: block.chaosawakens.mesozoic_slab -> TagKey[minecraft:block / minecraft:wooden_slabs]
[10Jul.2025 12:04:18.136] [main/DEBUG] [Chaos Awakens/]: [Tagging Block]: block.chaosawakens.mesozoic_slab -> TagKey[minecraft:block / minecraft:mineable/axe]
[10Jul.2025 12:04:18.136] [main/DEBUG] [Chaos Awakens/]: [Tagging Block]: block.chaosawakens.mesozoic_fence -> TagKey[minecraft:block / minecraft:wooden_fences]
[10Jul.2025 12:04:18.136] [main/DEBUG] [Chaos Awakens/]: [Tagging Block]: block.chaosawakens.mesozoic_fence -> TagKey[minecraft:block / minecraft:mineable/axe]
[10Jul.2025 12:04:18.136] [main/DEBUG] [Chaos Awakens/]: [Tagging Block]: block.chaosawakens.mesozoic_fence_gate -> TagKey[minecraft:block / minecraft:fence_gates]
[10Jul.2025 12:04:18.136] [main/DEBUG] [Chaos Awakens/]: [Tagging Block]: block.chaosawakens.mesozoic_fence_gate -> TagKey[minecraft:block / minecraft:mineable/axe]
[10Jul.2025 12:04:18.136] [main/DEBUG] [Chaos Awakens/]: [Tagging Block]: block.chaosawakens.mesozoic_door -> TagKey[minecraft:block / minecraft:wooden_doors]
[10Jul.2025 12:04:18.136] [main/DEBUG] [Chaos Awakens/]: [Tagging Block]: block.chaosawakens.mesozoic_door -> TagKey[minecraft:block / minecraft:mineable/axe]
[10Jul.2025 12:04:18.136] [main/DEBUG] [Chaos Awakens/]: [Tagging Block]: block.chaosawakens.mesozoic_trapdoor -> TagKey[minecraft:block / minecraft:wooden_trapdoors]
[10Jul.2025 12:04:18.136] [main/DEBUG] [Chaos Awakens/]: [Tagging Block]: block.chaosawakens.mesozoic_trapdoor -> TagKey[minecraft:block / minecraft:mineable/axe]
[10Jul.2025 12:04:18.136] [main/DEBUG] [Chaos Awakens/]: [Tagging Block]: block.chaosawakens.mesozoic_pressure_plate -> TagKey[minecraft:block / minecraft:wooden_pressure_plates]
[10Jul.2025 12:04:18.136] [main/DEBUG] [Chaos Awakens/]: [Tagging Block]: block.chaosawakens.mesozoic_pressure_plate -> TagKey[minecraft:block / minecraft:mineable/axe]
[10Jul.2025 12:04:18.136] [main/DEBUG] [Chaos Awakens/]: [Tagging Block]: block.chaosawakens.mesozoic_button -> TagKey[minecraft:block / minecraft:wooden_buttons]
[10Jul.2025 12:04:18.136] [main/DEBUG] [Chaos Awakens/]: [Tagging Block]: block.chaosawakens.mesozoic_button -> TagKey[minecraft:block / minecraft:mineable/axe]
[10Jul.2025 12:04:18.136] [main/DEBUG] [Chaos Awakens/]: [Tagging Block]: block.chaosawakens.peach_log -> TagKey[minecraft:block / minecraft:mineable/axe]
[10Jul.2025 12:04:18.136] [main/DEBUG] [Chaos Awakens/]: [Tagging Block]: block.chaosawakens.peach_log -> TagKey[minecraft:block / minecraft:logs_that_burn]
[10Jul.2025 12:04:18.136] [main/DEBUG] [Chaos Awakens/]: [Tagging Block]: block.chaosawakens.peach_wood -> TagKey[minecraft:block / minecraft:mineable/axe]
[10Jul.2025 12:04:18.136] [main/DEBUG] [Chaos Awakens/]: [Tagging Block]: block.chaosawakens.peach_wood -> TagKey[minecraft:block / minecraft:logs_that_burn]
[10Jul.2025 12:04:18.136] [main/DEBUG] [Chaos Awakens/]: [Tagging Block]: block.chaosawakens.stripped_peach_log -> TagKey[minecraft:block / minecraft:mineable/axe]
[10Jul.2025 12:04:18.136] [main/DEBUG] [Chaos Awakens/]: [Tagging Block]: block.chaosawakens.stripped_peach_log -> TagKey[minecraft:block / minecraft:logs_that_burn]
[10Jul.2025 12:04:18.136] [main/DEBUG] [Chaos Awakens/]: [Tagging Block]: block.chaosawakens.stripped_peach_wood -> TagKey[minecraft:block / minecraft:mineable/axe]
[10Jul.2025 12:04:18.136] [main/DEBUG] [Chaos Awakens/]: [Tagging Block]: block.chaosawakens.stripped_peach_wood -> TagKey[minecraft:block / minecraft:logs_that_burn]
[10Jul.2025 12:04:18.136] [main/DEBUG] [Chaos Awakens/]: [Tagging Block]: block.chaosawakens.peach_planks -> TagKey[minecraft:block / minecraft:mineable/axe]
[10Jul.2025 12:04:18.136] [main/DEBUG] [Chaos Awakens/]: [Tagging Block]: block.chaosawakens.peach_planks -> TagKey[minecraft:block / minecraft:planks]
[10Jul.2025 12:04:18.136] [main/DEBUG] [Chaos Awakens/]: [Tagging Block]: block.chaosawakens.peach_stairs -> TagKey[minecraft:block / minecraft:wooden_stairs]
[10Jul.2025 12:04:18.136] [main/DEBUG] [Chaos Awakens/]: [Tagging Block]: block.chaosawakens.peach_stairs -> TagKey[minecraft:block / minecraft:mineable/axe]
[10Jul.2025 12:04:18.136] [main/DEBUG] [Chaos Awakens/]: [Tagging Block]: block.chaosawakens.peach_slab -> TagKey[minecraft:block / minecraft:wooden_slabs]
[10Jul.2025 12:04:18.136] [main/DEBUG] [Chaos Awakens/]: [Tagging Block]: block.chaosawakens.peach_slab -> TagKey[minecraft:block / minecraft:mineable/axe]
[10Jul.2025 12:04:18.136] [main/DEBUG] [Chaos Awakens/]: [Tagging Block]: block.chaosawakens.peach_fence -> TagKey[minecraft:block / minecraft:wooden_fences]
[10Jul.2025 12:04:18.136] [main/DEBUG] [Chaos Awakens/]: [Tagging Block]: block.chaosawakens.peach_fence -> TagKey[minecraft:block / minecraft:mineable/axe]
[10Jul.2025 12:04:18.136] [main/DEBUG] [Chaos Awakens/]: [Tagging Block]: block.chaosawakens.peach_fence_gate -> TagKey[minecraft:block / minecraft:fence_gates]
[10Jul.2025 12:04:18.136] [main/DEBUG] [Chaos Awakens/]: [Tagging Block]: block.chaosawakens.peach_fence_gate -> TagKey[minecraft:block / minecraft:mineable/axe]
[10Jul.2025 12:04:18.136] [main/DEBUG] [Chaos Awakens/]: [Tagging Block]: block.chaosawakens.peach_door -> TagKey[minecraft:block / minecraft:wooden_doors]
[10Jul.2025 12:04:18.136] [main/DEBUG] [Chaos Awakens/]: [Tagging Block]: block.chaosawakens.peach_door -> TagKey[minecraft:block / minecraft:mineable/axe]
[10Jul.2025 12:04:18.136] [main/DEBUG] [Chaos Awakens/]: [Tagging Block]: block.chaosawakens.peach_trapdoor -> TagKey[minecraft:block / minecraft:wooden_trapdoors]
[10Jul.2025 12:04:18.136] [main/DEBUG] [Chaos Awakens/]: [Tagging Block]: block.chaosawakens.peach_trapdoor -> TagKey[minecraft:block / minecraft:mineable/axe]
[10Jul.2025 12:04:18.136] [main/DEBUG] [Chaos Awakens/]: [Tagging Block]: block.chaosawakens.peach_pressure_plate -> TagKey[minecraft:block / minecraft:wooden_pressure_plates]
[10Jul.2025 12:04:18.136] [main/DEBUG] [Chaos Awakens/]: [Tagging Block]: block.chaosawakens.peach_pressure_plate -> TagKey[minecraft:block / minecraft:mineable/axe]
[10Jul.2025 12:04:18.136] [main/DEBUG] [Chaos Awakens/]: [Tagging Block]: block.chaosawakens.peach_button -> TagKey[minecraft:block / minecraft:wooden_buttons]
[10Jul.2025 12:04:18.136] [main/DEBUG] [Chaos Awakens/]: [Tagging Block]: block.chaosawakens.peach_button -> TagKey[minecraft:block / minecraft:mineable/axe]
[10Jul.2025 12:04:18.137] [main/DEBUG] [Chaos Awakens/]: [Tagging Block]: block.chaosawakens.skywood_log -> TagKey[minecraft:block / minecraft:mineable/axe]
[10Jul.2025 12:04:18.137] [main/DEBUG] [Chaos Awakens/]: [Tagging Block]: block.chaosawakens.skywood_log -> TagKey[minecraft:block / minecraft:logs_that_burn]
[10Jul.2025 12:04:18.137] [main/DEBUG] [Chaos Awakens/]: [Tagging Block]: block.chaosawakens.skywood -> TagKey[minecraft:block / minecraft:mineable/axe]
[10Jul.2025 12:04:18.137] [main/DEBUG] [Chaos Awakens/]: [Tagging Block]: block.chaosawakens.skywood -> TagKey[minecraft:block / minecraft:logs_that_burn]
[10Jul.2025 12:04:18.137] [main/DEBUG] [Chaos Awakens/]: [Tagging Block]: block.chaosawakens.stripped_skywood_log -> TagKey[minecraft:block / minecraft:mineable/axe]
[10Jul.2025 12:04:18.137] [main/DEBUG] [Chaos Awakens/]: [Tagging Block]: block.chaosawakens.stripped_skywood_log -> TagKey[minecraft:block / minecraft:logs_that_burn]
[10Jul.2025 12:04:18.137] [main/DEBUG] [Chaos Awakens/]: [Tagging Block]: block.chaosawakens.stripped_skywood -> TagKey[minecraft:block / minecraft:mineable/axe]
[10Jul.2025 12:04:18.137] [main/DEBUG] [Chaos Awakens/]: [Tagging Block]: block.chaosawakens.stripped_skywood -> TagKey[minecraft:block / minecraft:logs_that_burn]
[10Jul.2025 12:04:18.137] [main/DEBUG] [Chaos Awakens/]: [Tagging Block]: block.chaosawakens.skywood_planks -> TagKey[minecraft:block / minecraft:mineable/axe]
[10Jul.2025 12:04:18.137] [main/DEBUG] [Chaos Awakens/]: [Tagging Block]: block.chaosawakens.skywood_planks -> TagKey[minecraft:block / minecraft:planks]
[10Jul.2025 12:04:18.137] [main/DEBUG] [Chaos Awakens/]: [Tagging Block]: block.chaosawakens.skywood_stairs -> TagKey[minecraft:block / minecraft:wooden_stairs]
[10Jul.2025 12:04:18.137] [main/DEBUG] [Chaos Awakens/]: [Tagging Block]: block.chaosawakens.skywood_stairs -> TagKey[minecraft:block / minecraft:mineable/axe]
[10Jul.2025 12:04:18.137] [main/DEBUG] [Chaos Awakens/]: [Tagging Block]: block.chaosawakens.skywood_slab -> TagKey[minecraft:block / minecraft:wooden_slabs]
[10Jul.2025 12:04:18.137] [main/DEBUG] [Chaos Awakens/]: [Tagging Block]: block.chaosawakens.skywood_slab -> TagKey[minecraft:block / minecraft:mineable/axe]
[10Jul.2025 12:04:18.137] [main/DEBUG] [Chaos Awakens/]: [Tagging Block]: block.chaosawakens.skywood_fence -> TagKey[minecraft:block / minecraft:wooden_fences]
[10Jul.2025 12:04:18.137] [main/DEBUG] [Chaos Awakens/]: [Tagging Block]: block.chaosawakens.skywood_fence -> TagKey[minecraft:block / minecraft:mineable/axe]
[10Jul.2025 12:04:18.137] [main/DEBUG] [Chaos Awakens/]: [Tagging Block]: block.chaosawakens.skywood_fence_gate -> TagKey[minecraft:block / minecraft:fence_gates]
[10Jul.2025 12:04:18.137] [main/DEBUG] [Chaos Awakens/]: [Tagging Block]: block.chaosawakens.skywood_fence_gate -> TagKey[minecraft:block / minecraft:mineable/axe]
[10Jul.2025 12:04:18.137] [main/DEBUG] [Chaos Awakens/]: [Tagging Block]: block.chaosawakens.skywood_door -> TagKey[minecraft:block / minecraft:wooden_doors]
[10Jul.2025 12:04:18.137] [main/DEBUG] [Chaos Awakens/]: [Tagging Block]: block.chaosawakens.skywood_door -> TagKey[minecraft:block / minecraft:mineable/axe]
[10Jul.2025 12:04:18.137] [main/DEBUG] [Chaos Awakens/]: [Tagging Block]: block.chaosawakens.skywood_trapdoor -> TagKey[minecraft:block / minecraft:wooden_trapdoors]
[10Jul.2025 12:04:18.137] [main/DEBUG] [Chaos Awakens/]: [Tagging Block]: block.chaosawakens.skywood_trapdoor -> TagKey[minecraft:block / minecraft:mineable/axe]
[10Jul.2025 12:04:18.137] [main/DEBUG] [Chaos Awakens/]: [Tagging Block]: block.chaosawakens.skywood_pressure_plate -> TagKey[minecraft:block / minecraft:wooden_pressure_plates]
[10Jul.2025 12:04:18.137] [main/DEBUG] [Chaos Awakens/]: [Tagging Block]: block.chaosawakens.skywood_pressure_plate -> TagKey[minecraft:block / minecraft:mineable/axe]
[10Jul.2025 12:04:18.137] [main/DEBUG] [Chaos Awakens/]: [Tagging Block]: block.chaosawakens.skywood_button -> TagKey[minecraft:block / minecraft:wooden_buttons]
[10Jul.2025 12:04:18.137] [main/DEBUG] [Chaos Awakens/]: [Tagging Block]: block.chaosawakens.skywood_button -> TagKey[minecraft:block / minecraft:mineable/axe]
[10Jul.2025 12:04:18.137] [main/DEBUG] [Chaos Awakens/]: [Tagging Block]: block.chaosawakens.apple_leaves -> TagKey[minecraft:block / minecraft:leaves]
[10Jul.2025 12:04:18.137] [main/DEBUG] [Chaos Awakens/]: [Tagging Block]: block.chaosawakens.densewood_leaves -> TagKey[minecraft:block / minecraft:leaves]
[10Jul.2025 12:04:18.137] [main/DEBUG] [Chaos Awakens/]: [Tagging Block]: block.chaosawakens.duplicator_leaves -> TagKey[minecraft:block / minecraft:leaves]
[10Jul.2025 12:04:18.137] [main/DEBUG] [Chaos Awakens/]: [Tagging Block]: block.chaosawakens.ginkgo_leaves -> TagKey[minecraft:block / minecraft:leaves]
[10Jul.2025 12:04:18.137] [main/DEBUG] [Chaos Awakens/]: [Tagging Block]: block.chaosawakens.mesozoic_leaves -> TagKey[minecraft:block / minecraft:leaves]
[10Jul.2025 12:04:18.137] [main/DEBUG] [Chaos Awakens/]: [Tagging Block]: block.chaosawakens.peach_leaves -> TagKey[minecraft:block / minecraft:leaves]
[10Jul.2025 12:04:18.137] [main/DEBUG] [Chaos Awakens/]: [Tagging Block]: block.chaosawakens.skywood_leaves -> TagKey[minecraft:block / minecraft:leaves]
[10Jul.2025 12:04:18.137] [main/DEBUG] [Chaos Awakens/]: [Tagging Block]: block.chaosawakens.kunzite_block -> TagKey[minecraft:block / minecraft:mineable/pickaxe]
[10Jul.2025 12:04:18.137] [main/DEBUG] [Chaos Awakens/]: [Tagging Block]: block.chaosawakens.kunzite_block -> TagKey[minecraft:block / minecraft:needs_diamond_tool]
[10Jul.2025 12:04:18.137] [main/DEBUG] [Chaos Awakens/]: [Tagging Block]: block.chaosawakens.ruby_block -> TagKey[minecraft:block / minecraft:mineable/pickaxe]
[10Jul.2025 12:04:18.137] [main/DEBUG] [Chaos Awakens/]: [Tagging Block]: block.chaosawakens.ruby_block -> TagKey[minecraft:block / minecraft:needs_diamond_tool]
[10Jul.2025 12:04:18.137] [main/DEBUG] [Chaos Awakens/]: [Tagging Block]: block.chaosawakens.titanium_block -> TagKey[minecraft:block / minecraft:mineable/pickaxe]
[10Jul.2025 12:04:18.137] [main/DEBUG] [Chaos Awakens/]: [Tagging Block]: block.chaosawakens.titanium_block -> TagKey[minecraft:block / minecraft:needs_diamond_tool]
[10Jul.2025 12:04:18.137] [main/DEBUG] [Chaos Awakens/]: [Tagging Block]: block.chaosawakens.uranium_block -> TagKey[minecraft:block / minecraft:mineable/pickaxe]
[10Jul.2025 12:04:18.137] [main/DEBUG] [Chaos Awakens/]: [Tagging Block]: block.chaosawakens.uranium_block -> TagKey[minecraft:block / minecraft:needs_diamond_tool]
[10Jul.2025 12:04:18.137] [main/DEBUG] [Chaos Awakens/]: [Tagging Block]: block.chaosawakens.ender_pearl_block -> TagKey[minecraft:block / minecraft:mineable/pickaxe]
[10Jul.2025 12:04:18.137] [main/DEBUG] [Chaos Awakens/]: [Tagging Block]: block.chaosawakens.ender_pearl_block -> TagKey[minecraft:block / minecraft:needs_iron_tool]
[10Jul.2025 12:04:18.137] [main/DEBUG] [Chaos Awakens/]: [Tagging Block]: block.chaosawakens.ender_eye_block -> TagKey[minecraft:block / minecraft:mineable/pickaxe]
[10Jul.2025 12:04:18.137] [main/DEBUG] [Chaos Awakens/]: [Tagging Block]: block.chaosawakens.ender_eye_block -> TagKey[minecraft:block / minecraft:needs_iron_tool]
[10Jul.2025 12:04:18.137] [main/DEBUG] [Chaos Awakens/]: [Tagging Block]: block.chaosawakens.basilisk_scale_block -> TagKey[minecraft:block / minecraft:mineable/pickaxe]
[10Jul.2025 12:04:18.137] [main/DEBUG] [Chaos Awakens/]: [Tagging Block]: block.chaosawakens.basilisk_scale_block -> TagKey[minecraft:block / minecraft:needs_diamond_tool]
[10Jul.2025 12:04:18.137] [main/DEBUG] [Chaos Awakens/]: [Tagging Block]: block.chaosawakens.emperor_scorpion_scale_block -> TagKey[minecraft:block / minecraft:mineable/pickaxe]
[10Jul.2025 12:04:18.137] [main/DEBUG] [Chaos Awakens/]: [Tagging Block]: block.chaosawakens.emperor_scorpion_scale_block -> TagKey[minecraft:block / minecraft:needs_diamond_tool]
[10Jul.2025 12:04:18.137] [main/DEBUG] [Chaos Awakens/]: [Tagging Block]: block.chaosawakens.ender_dragon_scale_block -> TagKey[minecraft:block / minecraft:mineable/pickaxe]
[10Jul.2025 12:04:18.137] [main/DEBUG] [Chaos Awakens/]: [Tagging Block]: block.chaosawakens.ender_dragon_scale_block -> TagKey[minecraft:block / minecraft:needs_diamond_tool]
[10Jul.2025 12:04:18.137] [main/DEBUG] [Chaos Awakens/]: [Tagging Block]: block.chaosawakens.mobzilla_scale_block -> TagKey[minecraft:block / minecraft:mineable/pickaxe]
[10Jul.2025 12:04:18.137] [main/DEBUG] [Chaos Awakens/]: [Tagging Block]: block.chaosawakens.mobzilla_scale_block -> TagKey[minecraft:block / minecraft:needs_diamond_tool]
[10Jul.2025 12:04:18.137] [main/DEBUG] [Chaos Awakens/]: [Tagging Block]: block.chaosawakens.moth_scale_block -> TagKey[minecraft:block / minecraft:mineable/pickaxe]
[10Jul.2025 12:04:18.137] [main/DEBUG] [Chaos Awakens/]: [Tagging Block]: block.chaosawakens.moth_scale_block -> TagKey[minecraft:block / minecraft:needs_iron_tool]
[10Jul.2025 12:04:18.137] [main/DEBUG] [Chaos Awakens/]: [Tagging Block]: block.chaosawakens.nightmare_scale_block -> TagKey[minecraft:block / minecraft:mineable/pickaxe]
[10Jul.2025 12:04:18.138] [main/DEBUG] [Chaos Awakens/]: [Tagging Block]: block.chaosawakens.nightmare_scale_block -> TagKey[minecraft:block / minecraft:needs_diamond_tool]
[10Jul.2025 12:04:18.138] [main/DEBUG] [Chaos Awakens/]: [Tagging Block]: block.chaosawakens.queen_scale_block -> TagKey[minecraft:block / minecraft:mineable/pickaxe]
[10Jul.2025 12:04:18.138] [main/DEBUG] [Chaos Awakens/]: [Tagging Block]: block.chaosawakens.queen_scale_block -> TagKey[minecraft:block / minecraft:needs_diamond_tool]
[10Jul.2025 12:04:18.138] [main/DEBUG] [Chaos Awakens/]: [Tagging Block]: block.chaosawakens.royal_guardian_scale_block -> TagKey[minecraft:block / minecraft:mineable/pickaxe]
[10Jul.2025 12:04:18.138] [main/DEBUG] [Chaos Awakens/]: [Tagging Block]: block.chaosawakens.royal_guardian_scale_block -> TagKey[minecraft:block / minecraft:needs_diamond_tool]
[10Jul.2025 12:04:18.138] [main/DEBUG] [Chaos Awakens/]: [Tagging Block]: block.chaosawakens.water_dragon_scale_block -> TagKey[minecraft:block / minecraft:mineable/pickaxe]
[10Jul.2025 12:04:18.138] [main/DEBUG] [Chaos Awakens/]: [Tagging Block]: block.chaosawakens.water_dragon_scale_block -> TagKey[minecraft:block / minecraft:needs_iron_tool]
[10Jul.2025 12:04:18.138] [main/DEBUG] [Chaos Awakens/]: [Tagging Block]: block.chaosawakens.dredgestone -> TagKey[minecraft:block / minecraft:mineable/pickaxe]
[10Jul.2025 12:04:18.138] [main/DEBUG] [Chaos Awakens/]: [Tagging Block]: block.chaosawakens.dredgestone_bricks -> TagKey[minecraft:block / minecraft:mineable/pickaxe]
[10Jul.2025 12:04:18.138] [main/DEBUG] [Chaos Awakens/]: [Tagging Block]: block.chaosawakens.gloomstone -> TagKey[minecraft:block / minecraft:mineable/pickaxe]
[10Jul.2025 12:04:18.138] [main/DEBUG] [Chaos Awakens/]: [Tagging Block]: block.chaosawakens.gloomstone -> TagKey[minecraft:block / minecraft:needs_stone_tool]
[10Jul.2025 12:04:18.138] [main/DEBUG] [Chaos Awakens/]: [Tagging Block]: block.chaosawakens.gloomstone_bricks -> TagKey[minecraft:block / minecraft:mineable/pickaxe]
[10Jul.2025 12:04:18.138] [main/DEBUG] [Chaos Awakens/]: [Tagging Block]: block.chaosawakens.gloomstone_bricks -> TagKey[minecraft:block / minecraft:needs_stone_tool]
[10Jul.2025 12:04:18.138] [main/DEBUG] [Chaos Awakens/]: [Tagging Block]: block.chaosawakens.mining_planks -> TagKey[minecraft:block / minecraft:mineable/axe]
[10Jul.2025 12:04:18.138] [main/DEBUG] [Chaos Awakens/]: [Tagging Block]: block.chaosawakens.mining_planks -> TagKey[minecraft:block / minecraft:planks]
[10Jul.2025 12:04:18.138] [main/DEBUG] [Chaos Awakens/]: [Tagging Block]: block.chaosawakens.mining_slab -> TagKey[minecraft:block / minecraft:wooden_slabs]
[10Jul.2025 12:04:18.138] [main/DEBUG] [Chaos Awakens/]: [Tagging Block]: block.chaosawakens.mining_slab -> TagKey[minecraft:block / minecraft:mineable/axe]
[10Jul.2025 12:04:18.138] [main/DEBUG] [Chaos Awakens/]: [Tagging Block]: block.chaosawakens.mining_fence -> TagKey[minecraft:block / minecraft:wooden_fences]
[10Jul.2025 12:04:18.138] [main/DEBUG] [Chaos Awakens/]: [Tagging Block]: block.chaosawakens.mining_fence -> TagKey[minecraft:block / minecraft:mineable/axe]
[10Jul.2025 12:04:18.138] [main/DEBUG] [Chaos Awakens/]: [Tagging Block]: block.chaosawakens.flower_stem -> TagKey[minecraft:block / minecraft:mineable/hoe]
[10Jul.2025 12:04:18.138] [main/DEBUG] [Chaos Awakens/]: [Tagging Block]: block.chaosawakens.flower_stem -> TagKey[minecraft:block / minecraft:mineable/axe]
[10Jul.2025 12:04:18.138] [main/DEBUG] [Chaos Awakens/]: [Tagging Block]: block.chaosawakens.flower_stem -> TagKey[minecraft:block / chaosawakens:vegetation/flower_blocks]
[10Jul.2025 12:04:18.138] [main/DEBUG] [Chaos Awakens/]: [Tagging Block]: block.chaosawakens.blood_red_petal_block -> TagKey[minecraft:block / minecraft:mineable/hoe]
[10Jul.2025 12:04:18.138] [main/DEBUG] [Chaos Awakens/]: [Tagging Block]: block.chaosawakens.blood_red_petal_block -> TagKey[minecraft:block / minecraft:mineable/axe]
[10Jul.2025 12:04:18.138] [main/DEBUG] [Chaos Awakens/]: [Tagging Block]: block.chaosawakens.blood_red_petal_block -> TagKey[minecraft:block / chaosawakens:vegetation/flower_blocks]
[10Jul.2025 12:04:18.138] [main/DEBUG] [Chaos Awakens/]: [Tagging Block]: block.chaosawakens.bright_pink_petal_block -> TagKey[minecraft:block / minecraft:mineable/hoe]
[10Jul.2025 12:04:18.138] [main/DEBUG] [Chaos Awakens/]: [Tagging Block]: block.chaosawakens.bright_pink_petal_block -> TagKey[minecraft:block / minecraft:mineable/axe]
[10Jul.2025 12:04:18.138] [main/DEBUG] [Chaos Awakens/]: [Tagging Block]: block.chaosawakens.bright_pink_petal_block -> TagKey[minecraft:block / chaosawakens:vegetation/flower_blocks]
[10Jul.2025 12:04:18.138] [main/DEBUG] [Chaos Awakens/]: [Tagging Block]: block.chaosawakens.navy_blue_petal_block -> TagKey[minecraft:block / minecraft:mineable/hoe]
[10Jul.2025 12:04:18.138] [main/DEBUG] [Chaos Awakens/]: [Tagging Block]: block.chaosawakens.navy_blue_petal_block -> TagKey[minecraft:block / minecraft:mineable/axe]
[10Jul.2025 12:04:18.138] [main/DEBUG] [Chaos Awakens/]: [Tagging Block]: block.chaosawakens.navy_blue_petal_block -> TagKey[minecraft:block / chaosawakens:vegetation/flower_blocks]
[10Jul.2025 12:04:18.138] [main/DEBUG] [Chaos Awakens/]: [Tagging Block]: block.chaosawakens.cyan_rose -> TagKey[minecraft:block / minecraft:flowers]
[10Jul.2025 12:04:18.138] [main/DEBUG] [Chaos Awakens/]: [Tagging Block]: block.chaosawakens.cyan_rose -> TagKey[minecraft:block / minecraft:small_flowers]
[10Jul.2025 12:04:18.138] [main/DEBUG] [Chaos Awakens/]: [Tagging Block]: block.chaosawakens.red_rose -> TagKey[minecraft:block / minecraft:flowers]
[10Jul.2025 12:04:18.138] [main/DEBUG] [Chaos Awakens/]: [Tagging Block]: block.chaosawakens.red_rose -> TagKey[minecraft:block / minecraft:small_flowers]
[10Jul.2025 12:04:18.138] [main/DEBUG] [Chaos Awakens/]: [Tagging Block]: block.chaosawakens.paeonia -> TagKey[minecraft:block / minecraft:flowers]
[10Jul.2025 12:04:18.138] [main/DEBUG] [Chaos Awakens/]: [Tagging Block]: block.chaosawakens.paeonia -> TagKey[minecraft:block / minecraft:small_flowers]
[10Jul.2025 12:04:18.138] [main/DEBUG] [Chaos Awakens/]: [Tagging Block]: block.chaosawakens.swamp_milkweed -> TagKey[minecraft:block / minecraft:flowers]
[10Jul.2025 12:04:18.138] [main/DEBUG] [Chaos Awakens/]: [Tagging Block]: block.chaosawakens.swamp_milkweed -> TagKey[minecraft:block / minecraft:small_flowers]
[10Jul.2025 12:04:18.138] [main/DEBUG] [Chaos Awakens/]: [Tagging Block]: block.chaosawakens.primrose -> TagKey[minecraft:block / minecraft:flowers]
[10Jul.2025 12:04:18.138] [main/DEBUG] [Chaos Awakens/]: [Tagging Block]: block.chaosawakens.primrose -> TagKey[minecraft:block / minecraft:small_flowers]
[10Jul.2025 12:04:18.138] [main/DEBUG] [Chaos Awakens/]: [Tagging Block]: block.chaosawakens.daisy -> TagKey[minecraft:block / minecraft:flowers]
[10Jul.2025 12:04:18.138] [main/DEBUG] [Chaos Awakens/]: [Tagging Block]: block.chaosawakens.daisy -> TagKey[minecraft:block / minecraft:small_flowers]
[10Jul.2025 12:04:18.138] [main/DEBUG] [Chaos Awakens/]: [Tagging Block]: block.chaosawakens.dense_grass_block -> TagKey[minecraft:block / minecraft:mineable/shovel]
[10Jul.2025 12:04:18.138] [main/DEBUG] [Chaos Awakens/]: [Tagging Block]: block.chaosawakens.dense_grass_block -> TagKey[minecraft:block / minecraft:dirt]
[10Jul.2025 12:04:18.138] [main/DEBUG] [Chaos Awakens/]: [Tagging Block]: block.chaosawakens.dense_dirt -> TagKey[minecraft:block / minecraft:mineable/shovel]
[10Jul.2025 12:04:18.138] [main/DEBUG] [Chaos Awakens/]: [Tagging Block]: block.chaosawakens.dense_dirt -> TagKey[minecraft:block / minecraft:dirt]
[10Jul.2025 12:04:18.138] [main/DEBUG] [Chaos Awakens/]: [Tagging Block]: block.chaosawakens.dense_farmland -> TagKey[minecraft:block / minecraft:mineable/shovel]
[10Jul.2025 12:04:18.138] [main/DEBUG] [Chaos Awakens/]: [Tagging Block]: block.chaosawakens.dense_farmland -> TagKey[minecraft:block / chaosawakens:farmland_blocks]
[10Jul.2025 12:04:18.138] [main/DEBUG] [Chaos Awakens/]: [Tagging Block]: block.chaosawakens.dense_grass -> TagKey[minecraft:block / chaosawakens:vegetation/dense_vegetation]
[10Jul.2025 12:04:18.138] [main/DEBUG] [Chaos Awakens/]: [Tagging Block]: block.chaosawakens.tall_dense_grass -> TagKey[minecraft:block / chaosawakens:vegetation/dense_vegetation]
[10Jul.2025 12:04:18.138] [main/DEBUG] [Chaos Awakens/]: [Tagging Block]: block.chaosawakens.thorny_sun -> TagKey[minecraft:block / minecraft:tall_flowers]
[10Jul.2025 12:04:18.138] [main/DEBUG] [Chaos Awakens/]: [Tagging Block]: block.chaosawakens.thorny_sun -> TagKey[minecraft:block / chaosawakens:vegetation/dense_flower_blocks]
[10Jul.2025 12:04:18.138] [main/DEBUG] [Chaos Awakens/]: [Tagging Block]: block.chaosawakens.blue_bulb -> TagKey[minecraft:block / minecraft:flowers]
[10Jul.2025 12:04:18.138] [main/DEBUG] [Chaos Awakens/]: [Tagging Block]: block.chaosawakens.blue_bulb -> TagKey[minecraft:block / minecraft:small_flowers]
[10Jul.2025 12:04:18.138] [main/DEBUG] [Chaos Awakens/]: [Tagging Block]: block.chaosawakens.blue_bulb -> TagKey[minecraft:block / chaosawakens:vegetation/dense_flower_blocks]
[10Jul.2025 12:04:18.138] [main/DEBUG] [Chaos Awakens/]: [Tagging Block]: block.chaosawakens.pink_bulb -> TagKey[minecraft:block / minecraft:flowers]
[10Jul.2025 12:04:18.138] [main/DEBUG] [Chaos Awakens/]: [Tagging Block]: block.chaosawakens.pink_bulb -> TagKey[minecraft:block / minecraft:small_flowers]
[10Jul.2025 12:04:18.138] [main/DEBUG] [Chaos Awakens/]: [Tagging Block]: block.chaosawakens.pink_bulb -> TagKey[minecraft:block / chaosawakens:vegetation/dense_flower_blocks]
[10Jul.2025 12:04:18.139] [main/DEBUG] [Chaos Awakens/]: [Tagging Block]: block.chaosawakens.purple_bulb -> TagKey[minecraft:block / minecraft:flowers]
[10Jul.2025 12:04:18.139] [main/DEBUG] [Chaos Awakens/]: [Tagging Block]: block.chaosawakens.purple_bulb -> TagKey[minecraft:block / minecraft:small_flowers]
[10Jul.2025 12:04:18.139] [main/DEBUG] [Chaos Awakens/]: [Tagging Block]: block.chaosawakens.purple_bulb -> TagKey[minecraft:block / chaosawakens:vegetation/dense_flower_blocks]
[10Jul.2025 12:04:18.139] [main/DEBUG] [Chaos Awakens/]: [Tagging Block]: block.chaosawakens.dense_orchid -> TagKey[minecraft:block / minecraft:flowers]
[10Jul.2025 12:04:18.139] [main/DEBUG] [Chaos Awakens/]: [Tagging Block]: block.chaosawakens.dense_orchid -> TagKey[minecraft:block / minecraft:small_flowers]
[10Jul.2025 12:04:18.139] [main/DEBUG] [Chaos Awakens/]: [Tagging Block]: block.chaosawakens.dense_orchid -> TagKey[minecraft:block / chaosawakens:vegetation/dense_flower_blocks]
[10Jul.2025 12:04:18.139] [main/DEBUG] [Chaos Awakens/]: [Tagging Block]: block.chaosawakens.dense_rose -> TagKey[minecraft:block / minecraft:flowers]
[10Jul.2025 12:04:18.139] [main/DEBUG] [Chaos Awakens/]: [Tagging Block]: block.chaosawakens.dense_rose -> TagKey[minecraft:block / minecraft:small_flowers]
[10Jul.2025 12:04:18.139] [main/DEBUG] [Chaos Awakens/]: [Tagging Block]: block.chaosawakens.dense_rose -> TagKey[minecraft:block / chaosawakens:vegetation/dense_flower_blocks]
[10Jul.2025 12:04:18.139] [main/DEBUG] [Chaos Awakens/]: [Tagging Block]: block.chaosawakens.terra_preta -> TagKey[minecraft:block / minecraft:mineable/shovel]
[10Jul.2025 12:04:18.139] [main/DEBUG] [Chaos Awakens/]: [Tagging Block]: block.chaosawakens.terra_preta -> TagKey[minecraft:block / minecraft:dirt]
[10Jul.2025 12:04:18.139] [main/DEBUG] [Chaos Awakens/]: [Tagging Block]: block.chaosawakens.terra_preta_farmland -> TagKey[minecraft:block / minecraft:mineable/shovel]
[10Jul.2025 12:04:18.139] [main/DEBUG] [Chaos Awakens/]: [Tagging Block]: block.chaosawakens.terra_preta_farmland -> TagKey[minecraft:block / chaosawakens:farmland_blocks]
[10Jul.2025 12:04:18.139] [main/DEBUG] [Chaos Awakens/]: [Tagging Block]: block.chaosawakens.tar -> TagKey[minecraft:block / minecraft:mineable/shovel]
[10Jul.2025 12:04:18.139] [main/DEBUG] [Chaos Awakens/]: [Tagging Block]: block.chaosawakens.latosol -> TagKey[minecraft:block / minecraft:mineable/shovel]
[10Jul.2025 12:04:18.139] [main/DEBUG] [Chaos Awakens/]: [Tagging Block]: block.chaosawakens.latosol -> TagKey[minecraft:block / minecraft:dirt]
[10Jul.2025 12:04:18.139] [main/DEBUG] [Chaos Awakens/]: [Tagging Block]: block.chaosawakens.alstroemeriat -> TagKey[minecraft:block / minecraft:tall_flowers]
[10Jul.2025 12:04:18.139] [main/DEBUG] [Chaos Awakens/]: [Tagging Block]: block.chaosawakens.alstroemeriat -> TagKey[minecraft:block / chaosawakens:vegetation/dense_flower_blocks]
[10Jul.2025 12:04:18.139] [main/DEBUG] [Chaos Awakens/]: [Tagging Block]: block.chaosawakens.bush -> TagKey[minecraft:block / chaosawakens:vegetation/dense_vegetation]
[10Jul.2025 12:04:18.139] [main/DEBUG] [Chaos Awakens/]: [Tagging Block]: block.chaosawakens.tall_bush -> TagKey[minecraft:block / chaosawakens:vegetation/dense_vegetation]
[10Jul.2025 12:04:18.139] [main/DEBUG] [Chaos Awakens/]: [Tagging Block]: block.chaosawakens.small_carnivorous_plant -> TagKey[minecraft:block / minecraft:flowers]
[10Jul.2025 12:04:18.139] [main/DEBUG] [Chaos Awakens/]: [Tagging Block]: block.chaosawakens.small_carnivorous_plant -> TagKey[minecraft:block / chaosawakens:vegetation/dense_flower_blocks]
[10Jul.2025 12:04:18.139] [main/DEBUG] [Chaos Awakens/]: [Tagging Block]: block.chaosawakens.big_carnivorous_plant -> TagKey[minecraft:block / minecraft:flowers]
[10Jul.2025 12:04:18.139] [main/DEBUG] [Chaos Awakens/]: [Tagging Block]: block.chaosawakens.big_carnivorous_plant -> TagKey[minecraft:block / chaosawakens:vegetation/dense_flower_blocks]
[10Jul.2025 12:04:18.139] [main/DEBUG] [Chaos Awakens/]: [Tagging Block]: block.chaosawakens.dense_bush -> TagKey[minecraft:block / chaosawakens:vegetation/dense_vegetation]
[10Jul.2025 12:04:18.139] [main/DEBUG] [Chaos Awakens/]: [Tagging Block]: block.chaosawakens.tall_dense_bush -> TagKey[minecraft:block / chaosawakens:vegetation/dense_vegetation]
[10Jul.2025 12:04:18.139] [main/DEBUG] [Chaos Awakens/]: [Tagging Block]: block.chaosawakens.horsetail_restio -> TagKey[minecraft:block / chaosawakens:vegetation/dense_vegetation]
[10Jul.2025 12:04:18.139] [main/DEBUG] [Chaos Awakens/]: [Tagging Block]: block.chaosawakens.king_protea -> TagKey[minecraft:block / chaosawakens:vegetation/dense_vegetation]
[10Jul.2025 12:04:18.139] [main/DEBUG] [Chaos Awakens/]: [Tagging Block]: block.chaosawakens.luminara_petal -> TagKey[minecraft:block / minecraft:flowers]
[10Jul.2025 12:04:18.139] [main/DEBUG] [Chaos Awakens/]: [Tagging Block]: block.chaosawakens.luminara_petal -> TagKey[minecraft:block / minecraft:small_flowers]
[10Jul.2025 12:04:18.139] [main/DEBUG] [Chaos Awakens/]: [Tagging Block]: block.chaosawakens.luminara_petal -> TagKey[minecraft:block / chaosawakens:vegetation/dense_flower_blocks]
[10Jul.2025 12:04:18.139] [main/DEBUG] [Chaos Awakens/]: [Tagging Block]: block.chaosawakens.crystal_grass_block -> TagKey[minecraft:block / minecraft:mineable/pickaxe]
[10Jul.2025 12:04:18.139] [main/DEBUG] [Chaos Awakens/]: [Tagging Block]: block.chaosawakens.crystal_grass -> TagKey[minecraft:block / chaosawakens:vegetation/crystal_vegetation]
[10Jul.2025 12:04:18.139] [main/DEBUG] [Chaos Awakens/]: [Tagging Block]: block.chaosawakens.tall_crystal_grass -> TagKey[minecraft:block / chaosawakens:vegetation/crystal_vegetation]
[10Jul.2025 12:04:18.139] [main/DEBUG] [Chaos Awakens/]: [Tagging Block]: block.chaosawakens.black_crystal_growth -> TagKey[minecraft:block / chaosawakens:vegetation/crystal_vegetation]
[10Jul.2025 12:04:18.139] [main/DEBUG] [Chaos Awakens/]: [Tagging Block]: block.chaosawakens.brown_crystal_growth -> TagKey[minecraft:block / chaosawakens:vegetation/crystal_vegetation]
[10Jul.2025 12:04:18.139] [main/DEBUG] [Chaos Awakens/]: [Tagging Block]: block.chaosawakens.green_crystal_growth -> TagKey[minecraft:block / chaosawakens:vegetation/crystal_vegetation]
[10Jul.2025 12:04:18.139] [main/DEBUG] [Chaos Awakens/]: [Tagging Block]: block.chaosawakens.pink_crystal_growth -> TagKey[minecraft:block / chaosawakens:vegetation/crystal_vegetation]
[10Jul.2025 12:04:18.139] [main/DEBUG] [Chaos Awakens/]: [Tagging Block]: block.chaosawakens.purple_crystal_growth -> TagKey[minecraft:block / chaosawakens:vegetation/crystal_vegetation]
[10Jul.2025 12:04:18.139] [main/DEBUG] [Chaos Awakens/]: [Tagging Block]: block.chaosawakens.yellow_crystal_growth -> TagKey[minecraft:block / chaosawakens:vegetation/crystal_vegetation]
[10Jul.2025 12:04:18.139] [main/DEBUG] [Chaos Awakens/]: [Tagging Block]: block.chaosawakens.blue_crystal_flower -> TagKey[minecraft:block / chaosawakens:vegetation/crystal_flower_blocks]
[10Jul.2025 12:04:18.139] [main/DEBUG] [Chaos Awakens/]: [Tagging Block]: block.chaosawakens.green_crystal_flower -> TagKey[minecraft:block / chaosawakens:vegetation/crystal_flower_blocks]
[10Jul.2025 12:04:18.139] [main/DEBUG] [Chaos Awakens/]: [Tagging Block]: block.chaosawakens.orange_crystal_flower -> TagKey[minecraft:block / chaosawakens:vegetation/crystal_flower_blocks]
[10Jul.2025 12:04:18.139] [main/DEBUG] [Chaos Awakens/]: [Tagging Block]: block.chaosawakens.pink_crystal_flower -> TagKey[minecraft:block / chaosawakens:vegetation/crystal_flower_blocks]
[10Jul.2025 12:04:18.139] [main/DEBUG] [Chaos Awakens/]: [Tagging Block]: block.chaosawakens.red_crystal_flower -> TagKey[minecraft:block / chaosawakens:vegetation/crystal_flower_blocks]
[10Jul.2025 12:04:18.139] [main/DEBUG] [Chaos Awakens/]: [Tagging Block]: block.chaosawakens.yellow_crystal_flower -> TagKey[minecraft:block / chaosawakens:vegetation/crystal_flower_blocks]
[10Jul.2025 12:04:18.139] [main/DEBUG] [Chaos Awakens/]: [Tagging Block]: block.chaosawakens.crystalized_crystal_apple_cow_kyanite -> TagKey[minecraft:block / minecraft:mineable/pickaxe]
[10Jul.2025 12:04:18.139] [main/DEBUG] [Chaos Awakens/]: [Tagging Block]: block.chaosawakens.crystalized_crystal_apple_cow_kyanite -> TagKey[minecraft:block / chaosawakens:fossils/kyanite/chaosawakens]
[10Jul.2025 12:04:18.139] [main/DEBUG] [Chaos Awakens/]: [Tagging Block]: block.chaosawakens.crystalized_crystal_carrot_pig_kyanite -> TagKey[minecraft:block / minecraft:mineable/pickaxe]
[10Jul.2025 12:04:18.139] [main/DEBUG] [Chaos Awakens/]: [Tagging Block]: block.chaosawakens.crystalized_crystal_carrot_pig_kyanite -> TagKey[minecraft:block / chaosawakens:fossils/kyanite/chaosawakens]
[10Jul.2025 12:04:18.139] [main/DEBUG] [Chaos Awakens/]: [Tagging Block]: block.chaosawakens.crystalized_crystal_gator_kyanite -> TagKey[minecraft:block / minecraft:mineable/pickaxe]
[10Jul.2025 12:04:18.139] [main/DEBUG] [Chaos Awakens/]: [Tagging Block]: block.chaosawakens.crystalized_crystal_gator_kyanite -> TagKey[minecraft:block / chaosawakens:fossils/kyanite/chaosawakens]
[10Jul.2025 12:04:18.139] [main/DEBUG] [Chaos Awakens/]: [Tagging Block]: block.chaosawakens.fossilized_enderman_end_stone -> TagKey[minecraft:block / minecraft:mineable/pickaxe]
[10Jul.2025 12:04:18.139] [main/DEBUG] [Chaos Awakens/]: [Tagging Block]: block.chaosawakens.fossilized_enderman_end_stone -> TagKey[minecraft:block / chaosawakens:fossils/end_stone/vanilla]
[10Jul.2025 12:04:18.139] [main/DEBUG] [Chaos Awakens/]: [Tagging Block]: block.chaosawakens.fossilized_endermite_end_stone -> TagKey[minecraft:block / minecraft:mineable/pickaxe]
[10Jul.2025 12:04:18.139] [main/DEBUG] [Chaos Awakens/]: [Tagging Block]: block.chaosawakens.fossilized_endermite_end_stone -> TagKey[minecraft:block / chaosawakens:fossils/end_stone/vanilla]
[10Jul.2025 12:04:18.139] [main/DEBUG] [Chaos Awakens/]: [Tagging Block]: block.chaosawakens.fossilized_shulker_end_stone -> TagKey[minecraft:block / minecraft:mineable/pickaxe]
[10Jul.2025 12:04:18.139] [main/DEBUG] [Chaos Awakens/]: [Tagging Block]: block.chaosawakens.fossilized_shulker_end_stone -> TagKey[minecraft:block / chaosawakens:fossils/end_stone/vanilla]
[10Jul.2025 12:04:18.139] [main/DEBUG] [Chaos Awakens/]: [Tagging Block]: block.chaosawakens.frozen_arctic_fox_ice -> TagKey[minecraft:block / minecraft:mineable/pickaxe]
[10Jul.2025 12:04:18.139] [main/DEBUG] [Chaos Awakens/]: [Tagging Block]: block.chaosawakens.frozen_arctic_fox_ice -> TagKey[minecraft:block / chaosawakens:fossils/ice/vanilla]
[10Jul.2025 12:04:18.139] [main/DEBUG] [Chaos Awakens/]: [Tagging Block]: block.chaosawakens.frozen_polar_bear_ice -> TagKey[minecraft:block / minecraft:mineable/pickaxe]
[10Jul.2025 12:04:18.139] [main/DEBUG] [Chaos Awakens/]: [Tagging Block]: block.chaosawakens.frozen_polar_bear_ice -> TagKey[minecraft:block / chaosawakens:fossils/ice/vanilla]
[10Jul.2025 12:04:18.139] [main/DEBUG] [Chaos Awakens/]: [Tagging Block]: block.chaosawakens.frozen_snow_golem_ice -> TagKey[minecraft:block / minecraft:mineable/pickaxe]
[10Jul.2025 12:04:18.139] [main/DEBUG] [Chaos Awakens/]: [Tagging Block]: block.chaosawakens.frozen_snow_golem_ice -> TagKey[minecraft:block / chaosawakens:fossils/ice/vanilla]
[10Jul.2025 12:04:18.139] [main/DEBUG] [Chaos Awakens/]: [Tagging Block]: block.chaosawakens.frozen_stray_ice -> TagKey[minecraft:block / minecraft:mineable/pickaxe]
[10Jul.2025 12:04:18.139] [main/DEBUG] [Chaos Awakens/]: [Tagging Block]: block.chaosawakens.frozen_stray_ice -> TagKey[minecraft:block / chaosawakens:fossils/ice/vanilla]
[10Jul.2025 12:04:18.139] [main/DEBUG] [Chaos Awakens/]: [Tagging Block]: block.chaosawakens.fossilized_greenfish_gravel -> TagKey[minecraft:block / minecraft:mineable/shovel]
[10Jul.2025 12:04:18.139] [main/DEBUG] [Chaos Awakens/]: [Tagging Block]: block.chaosawakens.fossilized_greenfish_gravel -> TagKey[minecraft:block / chaosawakens:fossils/gravel/chaosawakens]
[10Jul.2025 12:04:18.139] [main/DEBUG] [Chaos Awakens/]: [Tagging Block]: block.chaosawakens.fossilized_rock_fish_gravel -> TagKey[minecraft:block / minecraft:mineable/shovel]
[10Jul.2025 12:04:18.139] [main/DEBUG] [Chaos Awakens/]: [Tagging Block]: block.chaosawakens.fossilized_rock_fish_gravel -> TagKey[minecraft:block / chaosawakens:fossils/gravel/chaosawakens]
[10Jul.2025 12:04:18.139] [main/DEBUG] [Chaos Awakens/]: [Tagging Block]: block.chaosawakens.fossilized_spark_fish_gravel -> TagKey[minecraft:block / minecraft:mineable/shovel]
[10Jul.2025 12:04:18.139] [main/DEBUG] [Chaos Awakens/]: [Tagging Block]: block.chaosawakens.fossilized_spark_fish_gravel -> TagKey[minecraft:block / chaosawakens:fossils/gravel/chaosawakens]
[10Jul.2025 12:04:18.139] [main/DEBUG] [Chaos Awakens/]: [Tagging Block]: block.chaosawakens.fossilized_woodfish_gravel -> TagKey[minecraft:block / minecraft:mineable/shovel]
[10Jul.2025 12:04:18.139] [main/DEBUG] [Chaos Awakens/]: [Tagging Block]: block.chaosawakens.fossilized_woodfish_gravel -> TagKey[minecraft:block / chaosawakens:fossils/gravel/chaosawakens]
[10Jul.2025 12:04:18.139] [main/DEBUG] [Chaos Awakens/]: [Tagging Block]: block.chaosawakens.fossilized_cod_gravel -> TagKey[minecraft:block / minecraft:mineable/shovel]
[10Jul.2025 12:04:18.139] [main/DEBUG] [Chaos Awakens/]: [Tagging Block]: block.chaosawakens.fossilized_cod_gravel -> TagKey[minecraft:block / chaosawakens:fossils/gravel/vanilla]
[10Jul.2025 12:04:18.139] [main/DEBUG] [Chaos Awakens/]: [Tagging Block]: block.chaosawakens.fossilized_dolphin_gravel -> TagKey[minecraft:block / minecraft:mineable/shovel]
[10Jul.2025 12:04:18.139] [main/DEBUG] [Chaos Awakens/]: [Tagging Block]: block.chaosawakens.fossilized_dolphin_gravel -> TagKey[minecraft:block / chaosawakens:fossils/gravel/vanilla]
[10Jul.2025 12:04:18.139] [main/DEBUG] [Chaos Awakens/]: [Tagging Block]: block.chaosawakens.fossilized_drowned_gravel -> TagKey[minecraft:block / minecraft:mineable/shovel]
[10Jul.2025 12:04:18.139] [main/DEBUG] [Chaos Awakens/]: [Tagging Block]: block.chaosawakens.fossilized_drowned_gravel -> TagKey[minecraft:block / chaosawakens:fossils/gravel/vanilla]
[10Jul.2025 12:04:18.139] [main/DEBUG] [Chaos Awakens/]: [Tagging Block]: block.chaosawakens.fossilized_glow_squid_gravel -> TagKey[minecraft:block / minecraft:mineable/shovel]
[10Jul.2025 12:04:18.139] [main/DEBUG] [Chaos Awakens/]: [Tagging Block]: block.chaosawakens.fossilized_glow_squid_gravel -> TagKey[minecraft:block / chaosawakens:fossils/gravel/vanilla]
[10Jul.2025 12:04:18.139] [main/DEBUG] [Chaos Awakens/]: [Tagging Block]: block.chaosawakens.fossilized_guardian_gravel -> TagKey[minecraft:block / minecraft:mineable/shovel]
[10Jul.2025 12:04:18.139] [main/DEBUG] [Chaos Awakens/]: [Tagging Block]: block.chaosawakens.fossilized_guardian_gravel -> TagKey[minecraft:block / chaosawakens:fossils/gravel/vanilla]
[10Jul.2025 12:04:18.139] [main/DEBUG] [Chaos Awakens/]: [Tagging Block]: block.chaosawakens.fossilized_pufferfish_gravel -> TagKey[minecraft:block / minecraft:mineable/shovel]
[10Jul.2025 12:04:18.139] [main/DEBUG] [Chaos Awakens/]: [Tagging Block]: block.chaosawakens.fossilized_pufferfish_gravel -> TagKey[minecraft:block / chaosawakens:fossils/gravel/vanilla]
[10Jul.2025 12:04:18.139] [main/DEBUG] [Chaos Awakens/]: [Tagging Block]: block.chaosawakens.fossilized_salmon_gravel -> TagKey[minecraft:block / minecraft:mineable/shovel]
[10Jul.2025 12:04:18.139] [main/DEBUG] [Chaos Awakens/]: [Tagging Block]: block.chaosawakens.fossilized_salmon_gravel -> TagKey[minecraft:block / chaosawakens:fossils/gravel/vanilla]
[10Jul.2025 12:04:18.139] [main/DEBUG] [Chaos Awakens/]: [Tagging Block]: block.chaosawakens.fossilized_squid_gravel -> TagKey[minecraft:block / minecraft:mineable/shovel]
[10Jul.2025 12:04:18.139] [main/DEBUG] [Chaos Awakens/]: [Tagging Block]: block.chaosawakens.fossilized_squid_gravel -> TagKey[minecraft:block / chaosawakens:fossils/gravel/vanilla]
[10Jul.2025 12:04:18.139] [main/DEBUG] [Chaos Awakens/]: [Tagging Block]: block.chaosawakens.fossilized_tropical_fish_gravel -> TagKey[minecraft:block / minecraft:mineable/shovel]
[10Jul.2025 12:04:18.139] [main/DEBUG] [Chaos Awakens/]: [Tagging Block]: block.chaosawakens.fossilized_tropical_fish_gravel -> TagKey[minecraft:block / chaosawakens:fossils/gravel/vanilla]
[10Jul.2025 12:04:18.139] [main/DEBUG] [Chaos Awakens/]: [Tagging Block]: block.chaosawakens.fossilized_turtle_gravel -> TagKey[minecraft:block / minecraft:mineable/shovel]
[10Jul.2025 12:04:18.139] [main/DEBUG] [Chaos Awakens/]: [Tagging Block]: block.chaosawakens.fossilized_turtle_gravel -> TagKey[minecraft:block / chaosawakens:fossils/gravel/vanilla]
[10Jul.2025 12:04:18.139] [main/DEBUG] [Chaos Awakens/]: [Tagging Block]: block.chaosawakens.fossilized_drowned_sand -> TagKey[minecraft:block / minecraft:mineable/shovel]
[10Jul.2025 12:04:18.139] [main/DEBUG] [Chaos Awakens/]: [Tagging Block]: block.chaosawakens.fossilized_drowned_sand -> TagKey[minecraft:block / chaosawakens:fossils/sand/vanilla]
[10Jul.2025 12:04:18.139] [main/DEBUG] [Chaos Awakens/]: [Tagging Block]: block.chaosawakens.fossilized_husk_sandstone -> TagKey[minecraft:block / minecraft:mineable/pickaxe]
[10Jul.2025 12:04:18.139] [main/DEBUG] [Chaos Awakens/]: [Tagging Block]: block.chaosawakens.fossilized_husk_sandstone -> TagKey[minecraft:block / chaosawakens:fossils/sandstone/vanilla]
[10Jul.2025 12:04:18.139] [main/DEBUG] [Chaos Awakens/]: [Tagging Block]: block.chaosawakens.fossilized_crimson_ent_netherrack -> TagKey[minecraft:block / minecraft:mineable/pickaxe]
[10Jul.2025 12:04:18.139] [main/DEBUG] [Chaos Awakens/]: [Tagging Block]: block.chaosawakens.fossilized_crimson_ent_netherrack -> TagKey[minecraft:block / chaosawakens:fossils/stone/chaosawakens]
[10Jul.2025 12:04:18.139] [main/DEBUG] [Chaos Awakens/]: [Tagging Block]: block.chaosawakens.fossilized_lava_eel_netherrack -> TagKey[minecraft:block / minecraft:mineable/pickaxe]
[10Jul.2025 12:04:18.139] [main/DEBUG] [Chaos Awakens/]: [Tagging Block]: block.chaosawakens.fossilized_lava_eel_netherrack -> TagKey[minecraft:block / chaosawakens:fossils/stone/chaosawakens]
[10Jul.2025 12:04:18.139] [main/DEBUG] [Chaos Awakens/]: [Tagging Block]: block.chaosawakens.fossilized_blaze_netherrack -> TagKey[minecraft:block / minecraft:mineable/pickaxe]
[10Jul.2025 12:04:18.139] [main/DEBUG] [Chaos Awakens/]: [Tagging Block]: block.chaosawakens.fossilized_blaze_netherrack -> TagKey[minecraft:block / chaosawakens:fossils/netherrack/vanilla]
[10Jul.2025 12:04:18.139] [main/DEBUG] [Chaos Awakens/]: [Tagging Block]: block.chaosawakens.fossilized_enderman_netherrack -> TagKey[minecraft:block / minecraft:mineable/pickaxe]
[10Jul.2025 12:04:18.139] [main/DEBUG] [Chaos Awakens/]: [Tagging Block]: block.chaosawakens.fossilized_enderman_netherrack -> TagKey[minecraft:block / chaosawakens:fossils/netherrack/vanilla]
[10Jul.2025 12:04:18.139] [main/DEBUG] [Chaos Awakens/]: [Tagging Block]: block.chaosawakens.fossilized_frog_netherrack -> TagKey[minecraft:block / minecraft:mineable/pickaxe]
[10Jul.2025 12:04:18.139] [main/DEBUG] [Chaos Awakens/]: [Tagging Block]: block.chaosawakens.fossilized_frog_netherrack -> TagKey[minecraft:block / chaosawakens:fossils/netherrack/vanilla]
[10Jul.2025 12:04:18.139] [main/DEBUG] [Chaos Awakens/]: [Tagging Block]: block.chaosawakens.fossilized_ghast_netherrack -> TagKey[minecraft:block / minecraft:mineable/pickaxe]
[10Jul.2025 12:04:18.139] [main/DEBUG] [Chaos Awakens/]: [Tagging Block]: block.chaosawakens.fossilized_ghast_netherrack -> TagKey[minecraft:block / chaosawakens:fossils/netherrack/vanilla]
[10Jul.2025 12:04:18.139] [main/DEBUG] [Chaos Awakens/]: [Tagging Block]: block.chaosawakens.fossilized_hoglin_netherrack -> TagKey[minecraft:block / minecraft:mineable/pickaxe]
[10Jul.2025 12:04:18.139] [main/DEBUG] [Chaos Awakens/]: [Tagging Block]: block.chaosawakens.fossilized_hoglin_netherrack -> TagKey[minecraft:block / chaosawakens:fossils/netherrack/vanilla]
[10Jul.2025 12:04:18.139] [main/DEBUG] [Chaos Awakens/]: [Tagging Block]: block.chaosawakens.fossilized_magma_cube_netherrack -> TagKey[minecraft:block / minecraft:mineable/pickaxe]
[10Jul.2025 12:04:18.139] [main/DEBUG] [Chaos Awakens/]: [Tagging Block]: block.chaosawakens.fossilized_magma_cube_netherrack -> TagKey[minecraft:block / chaosawakens:fossils/netherrack/vanilla]
[10Jul.2025 12:04:18.139] [main/DEBUG] [Chaos Awakens/]: [Tagging Block]: block.chaosawakens.fossilized_piglin_netherrack -> TagKey[minecraft:block / minecraft:mineable/pickaxe]
[10Jul.2025 12:04:18.139] [main/DEBUG] [Chaos Awakens/]: [Tagging Block]: block.chaosawakens.fossilized_piglin_netherrack -> TagKey[minecraft:block / chaosawakens:fossils/netherrack/vanilla]
[10Jul.2025 12:04:18.139] [main/DEBUG] [Chaos Awakens/]: [Tagging Block]: block.chaosawakens.fossilized_strider_netherrack -> TagKey[minecraft:block / minecraft:mineable/pickaxe]
[10Jul.2025 12:04:18.139] [main/DEBUG] [Chaos Awakens/]: [Tagging Block]: block.chaosawakens.fossilized_strider_netherrack -> TagKey[minecraft:block / chaosawakens:fossils/netherrack/vanilla]
[10Jul.2025 12:04:18.140] [main/DEBUG] [Chaos Awakens/]: [Tagging Block]: block.chaosawakens.fossilized_warped_ent_netherrack -> TagKey[minecraft:block / minecraft:mineable/pickaxe]
[10Jul.2025 12:04:18.140] [main/DEBUG] [Chaos Awakens/]: [Tagging Block]: block.chaosawakens.fossilized_warped_ent_netherrack -> TagKey[minecraft:block / chaosawakens:fossils/netherrack/vanilla]
[10Jul.2025 12:04:18.140] [main/DEBUG] [Chaos Awakens/]: [Tagging Block]: block.chaosawakens.fossilized_wither_skeleton_netherrack -> TagKey[minecraft:block / minecraft:mineable/pickaxe]
[10Jul.2025 12:04:18.140] [main/DEBUG] [Chaos Awakens/]: [Tagging Block]: block.chaosawakens.fossilized_wither_skeleton_netherrack -> TagKey[minecraft:block / chaosawakens:fossils/netherrack/vanilla]
[10Jul.2025 12:04:18.140] [main/DEBUG] [Chaos Awakens/]: [Tagging Block]: block.chaosawakens.fossilized_zombified_piglin_netherrack -> TagKey[minecraft:block / minecraft:mineable/pickaxe]
[10Jul.2025 12:04:18.140] [main/DEBUG] [Chaos Awakens/]: [Tagging Block]: block.chaosawakens.fossilized_zombified_piglin_netherrack -> TagKey[minecraft:block / chaosawakens:fossils/netherrack/vanilla]
[10Jul.2025 12:04:18.140] [main/DEBUG] [Chaos Awakens/]: [Tagging Block]: block.chaosawakens.fossilized_magma_cube_blackstone -> TagKey[minecraft:block / minecraft:mineable/pickaxe]
[10Jul.2025 12:04:18.140] [main/DEBUG] [Chaos Awakens/]: [Tagging Block]: block.chaosawakens.fossilized_magma_cube_blackstone -> TagKey[minecraft:block / chaosawakens:fossils/blackstone/vanilla]
[10Jul.2025 12:04:18.140] [main/DEBUG] [Chaos Awakens/]: [Tagging Block]: block.chaosawakens.fossilized_skeleton_soul_soil -> TagKey[minecraft:block / minecraft:mineable/pickaxe]
[10Jul.2025 12:04:18.140] [main/DEBUG] [Chaos Awakens/]: [Tagging Block]: block.chaosawakens.fossilized_skeleton_soul_soil -> TagKey[minecraft:block / chaosawakens:fossils/soul_soil/vanilla]
[10Jul.2025 12:04:18.140] [main/DEBUG] [Chaos Awakens/]: [Tagging Block]: block.chaosawakens.fossilized_acacia_ent_stone -> TagKey[minecraft:block / minecraft:mineable/pickaxe]
[10Jul.2025 12:04:18.140] [main/DEBUG] [Chaos Awakens/]: [Tagging Block]: block.chaosawakens.fossilized_acacia_ent_stone -> TagKey[minecraft:block / chaosawakens:fossils/stone/chaosawakens]
[10Jul.2025 12:04:18.140] [main/DEBUG] [Chaos Awakens/]: [Tagging Block]: block.chaosawakens.fossilized_apple_cow_stone -> TagKey[minecraft:block / minecraft:mineable/pickaxe]
[10Jul.2025 12:04:18.140] [main/DEBUG] [Chaos Awakens/]: [Tagging Block]: block.chaosawakens.fossilized_apple_cow_stone -> TagKey[minecraft:block / chaosawakens:fossils/stone/chaosawakens]
[10Jul.2025 12:04:18.140] [main/DEBUG] [Chaos Awakens/]: [Tagging Block]: block.chaosawakens.fossilized_apple_ent_stone -> TagKey[minecraft:block / minecraft:mineable/pickaxe]
[10Jul.2025 12:04:18.140] [main/DEBUG] [Chaos Awakens/]: [Tagging Block]: block.chaosawakens.fossilized_apple_ent_stone -> TagKey[minecraft:block / chaosawakens:fossils/stone/chaosawakens]
[10Jul.2025 12:04:18.140] [main/DEBUG] [Chaos Awakens/]: [Tagging Block]: block.chaosawakens.fossilized_beaver_stone -> TagKey[minecraft:block / minecraft:mineable/pickaxe]
[10Jul.2025 12:04:18.140] [main/DEBUG] [Chaos Awakens/]: [Tagging Block]: block.chaosawakens.fossilized_beaver_stone -> TagKey[minecraft:block / chaosawakens:fossils/stone/chaosawakens]
[10Jul.2025 12:04:18.140] [main/DEBUG] [Chaos Awakens/]: [Tagging Block]: block.chaosawakens.fossilized_birch_ent_stone -> TagKey[minecraft:block / minecraft:mineable/pickaxe]
[10Jul.2025 12:04:18.140] [main/DEBUG] [Chaos Awakens/]: [Tagging Block]: block.chaosawakens.fossilized_birch_ent_stone -> TagKey[minecraft:block / chaosawakens:fossils/stone/chaosawakens]
[10Jul.2025 12:04:18.140] [main/DEBUG] [Chaos Awakens/]: [Tagging Block]: block.chaosawakens.fossilized_bird_stone -> TagKey[minecraft:block / minecraft:mineable/pickaxe]
[10Jul.2025 12:04:18.140] [main/DEBUG] [Chaos Awakens/]: [Tagging Block]: block.chaosawakens.fossilized_bird_stone -> TagKey[minecraft:block / chaosawakens:fossils/stone/chaosawakens]
[10Jul.2025 12:04:18.140] [main/DEBUG] [Chaos Awakens/]: [Tagging Block]: block.chaosawakens.fossilized_carrot_pig_stone -> TagKey[minecraft:block / minecraft:mineable/pickaxe]
[10Jul.2025 12:04:18.140] [main/DEBUG] [Chaos Awakens/]: [Tagging Block]: block.chaosawakens.fossilized_carrot_pig_stone -> TagKey[minecraft:block / chaosawakens:fossils/stone/chaosawakens]
[10Jul.2025 12:04:18.140] [main/DEBUG] [Chaos Awakens/]: [Tagging Block]: block.chaosawakens.fossilized_cherry_ent_stone -> TagKey[minecraft:block / minecraft:mineable/pickaxe]
[10Jul.2025 12:04:18.140] [main/DEBUG] [Chaos Awakens/]: [Tagging Block]: block.chaosawakens.fossilized_cherry_ent_stone -> TagKey[minecraft:block / chaosawakens:fossils/stone/chaosawakens]
[10Jul.2025 12:04:18.140] [main/DEBUG] [Chaos Awakens/]: [Tagging Block]: block.chaosawakens.fossilized_dark_oak_ent_stone -> TagKey[minecraft:block / minecraft:mineable/pickaxe]
[10Jul.2025 12:04:18.140] [main/DEBUG] [Chaos Awakens/]: [Tagging Block]: block.chaosawakens.fossilized_dark_oak_ent_stone -> TagKey[minecraft:block / chaosawakens:fossils/stone/chaosawakens]
[10Jul.2025 12:04:18.140] [main/DEBUG] [Chaos Awakens/]: [Tagging Block]: block.chaosawakens.fossilized_dimetrodon_stone -> TagKey[minecraft:block / minecraft:mineable/pickaxe]
[10Jul.2025 12:04:18.140] [main/DEBUG] [Chaos Awakens/]: [Tagging Block]: block.chaosawakens.fossilized_dimetrodon_stone -> TagKey[minecraft:block / chaosawakens:fossils/stone/chaosawakens]
[10Jul.2025 12:04:18.140] [main/DEBUG] [Chaos Awakens/]: [Tagging Block]: block.chaosawakens.fossilized_emerald_gator_stone -> TagKey[minecraft:block / minecraft:mineable/pickaxe]
[10Jul.2025 12:04:18.140] [main/DEBUG] [Chaos Awakens/]: [Tagging Block]: block.chaosawakens.fossilized_emerald_gator_stone -> TagKey[minecraft:block / chaosawakens:fossils/stone/chaosawakens]
[10Jul.2025 12:04:18.140] [main/DEBUG] [Chaos Awakens/]: [Tagging Block]: block.chaosawakens.fossilized_firefly_stone -> TagKey[minecraft:block / minecraft:mineable/pickaxe]
[10Jul.2025 12:04:18.140] [main/DEBUG] [Chaos Awakens/]: [Tagging Block]: block.chaosawakens.fossilized_firefly_stone -> TagKey[minecraft:block / chaosawakens:fossils/stone/chaosawakens]
[10Jul.2025 12:04:18.141] [main/DEBUG] [Chaos Awakens/]: [Tagging Block]: block.chaosawakens.fossilized_gazelle_stone -> TagKey[minecraft:block / minecraft:mineable/pickaxe]
[10Jul.2025 12:04:18.141] [main/DEBUG] [Chaos Awakens/]: [Tagging Block]: block.chaosawakens.fossilized_gazelle_stone -> TagKey[minecraft:block / chaosawakens:fossils/stone/chaosawakens]
[10Jul.2025 12:04:18.141] [main/DEBUG] [Chaos Awakens/]: [Tagging Block]: block.chaosawakens.fossilized_golden_apple_cow_stone -> TagKey[minecraft:block / minecraft:mineable/pickaxe]
[10Jul.2025 12:04:18.141] [main/DEBUG] [Chaos Awakens/]: [Tagging Block]: block.chaosawakens.fossilized_golden_apple_cow_stone -> TagKey[minecraft:block / chaosawakens:fossils/stone/chaosawakens]
[10Jul.2025 12:04:18.141] [main/DEBUG] [Chaos Awakens/]: [Tagging Block]: block.chaosawakens.fossilized_golden_carrot_pig_stone -> TagKey[minecraft:block / minecraft:mineable/pickaxe]
[10Jul.2025 12:04:18.141] [main/DEBUG] [Chaos Awakens/]: [Tagging Block]: block.chaosawakens.fossilized_golden_carrot_pig_stone -> TagKey[minecraft:block / chaosawakens:fossils/stone/chaosawakens]
[10Jul.2025 12:04:18.141] [main/DEBUG] [Chaos Awakens/]: [Tagging Block]: block.chaosawakens.fossilized_hercules_beetle_stone -> TagKey[minecraft:block / minecraft:mineable/pickaxe]
[10Jul.2025 12:04:18.141] [main/DEBUG] [Chaos Awakens/]: [Tagging Block]: block.chaosawakens.fossilized_hercules_beetle_stone -> TagKey[minecraft:block / chaosawakens:fossils/stone/chaosawakens]
[10Jul.2025 12:04:18.141] [main/DEBUG] [Chaos Awakens/]: [Tagging Block]: block.chaosawakens.fossilized_jungle_ent_stone -> TagKey[minecraft:block / minecraft:mineable/pickaxe]
[10Jul.2025 12:04:18.141] [main/DEBUG] [Chaos Awakens/]: [Tagging Block]: block.chaosawakens.fossilized_jungle_ent_stone -> TagKey[minecraft:block / chaosawakens:fossils/stone/chaosawakens]
[10Jul.2025 12:04:18.141] [main/DEBUG] [Chaos Awakens/]: [Tagging Block]: block.chaosawakens.fossilized_lettuce_chicken_stone -> TagKey[minecraft:block / minecraft:mineable/pickaxe]
[10Jul.2025 12:04:18.141] [main/DEBUG] [Chaos Awakens/]: [Tagging Block]: block.chaosawakens.fossilized_lettuce_chicken_stone -> TagKey[minecraft:block / chaosawakens:fossils/stone/chaosawakens]
[10Jul.2025 12:04:18.141] [main/DEBUG] [Chaos Awakens/]: [Tagging Block]: block.chaosawakens.fossilized_mantis_stone -> TagKey[minecraft:block / minecraft:mineable/pickaxe]
[10Jul.2025 12:04:18.141] [main/DEBUG] [Chaos Awakens/]: [Tagging Block]: block.chaosawakens.fossilized_mantis_stone -> TagKey[minecraft:block / chaosawakens:fossils/stone/chaosawakens]
[10Jul.2025 12:04:18.141] [main/DEBUG] [Chaos Awakens/]: [Tagging Block]: block.chaosawakens.fossilized_mosquito_stone -> TagKey[minecraft:block / minecraft:mineable/pickaxe]
[10Jul.2025 12:04:18.141] [main/DEBUG] [Chaos Awakens/]: [Tagging Block]: block.chaosawakens.fossilized_mosquito_stone -> TagKey[minecraft:block / chaosawakens:fossils/stone/chaosawakens]
[10Jul.2025 12:04:18.141] [main/DEBUG] [Chaos Awakens/]: [Tagging Block]: block.chaosawakens.fossilized_moth_stone -> TagKey[minecraft:block / minecraft:mineable/pickaxe]
[10Jul.2025 12:04:18.141] [main/DEBUG] [Chaos Awakens/]: [Tagging Block]: block.chaosawakens.fossilized_moth_stone -> TagKey[minecraft:block / chaosawakens:fossils/stone/chaosawakens]
[10Jul.2025 12:04:18.141] [main/DEBUG] [Chaos Awakens/]: [Tagging Block]: block.chaosawakens.fossilized_oak_ent_stone -> TagKey[minecraft:block / minecraft:mineable/pickaxe]
[10Jul.2025 12:04:18.141] [main/DEBUG] [Chaos Awakens/]: [Tagging Block]: block.chaosawakens.fossilized_oak_ent_stone -> TagKey[minecraft:block / chaosawakens:fossils/stone/chaosawakens]
[10Jul.2025 12:04:18.141] [main/DEBUG] [Chaos Awakens/]: [Tagging Block]: block.chaosawakens.fossilized_ostrich_stone -> TagKey[minecraft:block / minecraft:mineable/pickaxe]
[10Jul.2025 12:04:18.141] [main/DEBUG] [Chaos Awakens/]: [Tagging Block]: block.chaosawakens.fossilized_ostrich_stone -> TagKey[minecraft:block / chaosawakens:fossils/stone/chaosawakens]
[10Jul.2025 12:04:18.141] [main/DEBUG] [Chaos Awakens/]: [Tagging Block]: block.chaosawakens.fossilized_peach_ent_stone -> TagKey[minecraft:block / minecraft:mineable/pickaxe]
[10Jul.2025 12:04:18.141] [main/DEBUG] [Chaos Awakens/]: [Tagging Block]: block.chaosawakens.fossilized_peach_ent_stone -> TagKey[minecraft:block / chaosawakens:fossils/stone/chaosawakens]
[10Jul.2025 12:04:18.141] [main/DEBUG] [Chaos Awakens/]: [Tagging Block]: block.chaosawakens.fossilized_ruby_bug_stone -> TagKey[minecraft:block / minecraft:mineable/pickaxe]
[10Jul.2025 12:04:18.141] [main/DEBUG] [Chaos Awakens/]: [Tagging Block]: block.chaosawakens.fossilized_ruby_bug_stone -> TagKey[minecraft:block / chaosawakens:fossils/stone/chaosawakens]
[10Jul.2025 12:04:18.141] [main/DEBUG] [Chaos Awakens/]: [Tagging Block]: block.chaosawakens.fossilized_scorpion_stone -> TagKey[minecraft:block / minecraft:mineable/pickaxe]
[10Jul.2025 12:04:18.141] [main/DEBUG] [Chaos Awakens/]: [Tagging Block]: block.chaosawakens.fossilized_scorpion_stone -> TagKey[minecraft:block / chaosawakens:fossils/stone/chaosawakens]
[10Jul.2025 12:04:18.141] [main/DEBUG] [Chaos Awakens/]: [Tagging Block]: block.chaosawakens.fossilized_spruce_ent_stone -> TagKey[minecraft:block / minecraft:mineable/pickaxe]
[10Jul.2025 12:04:18.141] [main/DEBUG] [Chaos Awakens/]: [Tagging Block]: block.chaosawakens.fossilized_spruce_ent_stone -> TagKey[minecraft:block / chaosawakens:fossils/stone/chaosawakens]
[10Jul.2025 12:04:18.141] [main/DEBUG] [Chaos Awakens/]: [Tagging Block]: block.chaosawakens.fossilized_bat_stone -> TagKey[minecraft:block / minecraft:mineable/pickaxe]
[10Jul.2025 12:04:18.141] [main/DEBUG] [Chaos Awakens/]: [Tagging Block]: block.chaosawakens.fossilized_bat_stone -> TagKey[minecraft:block / chaosawakens:fossils/stone/vanilla]
[10Jul.2025 12:04:18.141] [main/DEBUG] [Chaos Awakens/]: [Tagging Block]: block.chaosawakens.fossilized_bee_stone -> TagKey[minecraft:block / minecraft:mineable/pickaxe]
[10Jul.2025 12:04:18.141] [main/DEBUG] [Chaos Awakens/]: [Tagging Block]: block.chaosawakens.fossilized_bee_stone -> TagKey[minecraft:block / chaosawakens:fossils/stone/vanilla]
[10Jul.2025 12:04:18.141] [main/DEBUG] [Chaos Awakens/]: [Tagging Block]: block.chaosawakens.fossilized_cat_stone -> TagKey[minecraft:block / minecraft:mineable/pickaxe]
[10Jul.2025 12:04:18.141] [main/DEBUG] [Chaos Awakens/]: [Tagging Block]: block.chaosawakens.fossilized_cat_stone -> TagKey[minecraft:block / chaosawakens:fossils/stone/vanilla]
[10Jul.2025 12:04:18.141] [main/DEBUG] [Chaos Awakens/]: [Tagging Block]: block.chaosawakens.fossilized_cave_spider_stone -> TagKey[minecraft:block / minecraft:mineable/pickaxe]
[10Jul.2025 12:04:18.141] [main/DEBUG] [Chaos Awakens/]: [Tagging Block]: block.chaosawakens.fossilized_cave_spider_stone -> TagKey[minecraft:block / chaosawakens:fossils/stone/vanilla]
[10Jul.2025 12:04:18.141] [main/DEBUG] [Chaos Awakens/]: [Tagging Block]: block.chaosawakens.fossilized_chicken_stone -> TagKey[minecraft:block / minecraft:mineable/pickaxe]
[10Jul.2025 12:04:18.141] [main/DEBUG] [Chaos Awakens/]: [Tagging Block]: block.chaosawakens.fossilized_chicken_stone -> TagKey[minecraft:block / chaosawakens:fossils/stone/vanilla]
[10Jul.2025 12:04:18.141] [main/DEBUG] [Chaos Awakens/]: [Tagging Block]: block.chaosawakens.fossilized_cow_stone -> TagKey[minecraft:block / minecraft:mineable/pickaxe]
[10Jul.2025 12:04:18.142] [main/DEBUG] [Chaos Awakens/]: [Tagging Block]: block.chaosawakens.fossilized_cow_stone -> TagKey[minecraft:block / chaosawakens:fossils/stone/vanilla]
[10Jul.2025 12:04:18.142] [main/DEBUG] [Chaos Awakens/]: [Tagging Block]: block.chaosawakens.fossilized_creeper_stone -> TagKey[minecraft:block / minecraft:mineable/pickaxe]
[10Jul.2025 12:04:18.142] [main/DEBUG] [Chaos Awakens/]: [Tagging Block]: block.chaosawakens.fossilized_creeper_stone -> TagKey[minecraft:block / chaosawakens:fossils/stone/vanilla]
[10Jul.2025 12:04:18.142] [main/DEBUG] [Chaos Awakens/]: [Tagging Block]: block.chaosawakens.fossilized_donkey_stone -> TagKey[minecraft:block / minecraft:mineable/pickaxe]
[10Jul.2025 12:04:18.142] [main/DEBUG] [Chaos Awakens/]: [Tagging Block]: block.chaosawakens.fossilized_donkey_stone -> TagKey[minecraft:block / chaosawakens:fossils/stone/vanilla]
[10Jul.2025 12:04:18.142] [main/DEBUG] [Chaos Awakens/]: [Tagging Block]: block.chaosawakens.fossilized_enderman_stone -> TagKey[minecraft:block / minecraft:mineable/pickaxe]
[10Jul.2025 12:04:18.142] [main/DEBUG] [Chaos Awakens/]: [Tagging Block]: block.chaosawakens.fossilized_enderman_stone -> TagKey[minecraft:block / chaosawakens:fossils/stone/vanilla]
[10Jul.2025 12:04:18.142] [main/DEBUG] [Chaos Awakens/]: [Tagging Block]: block.chaosawakens.fossilized_evoker_stone -> TagKey[minecraft:block / minecraft:mineable/pickaxe]
[10Jul.2025 12:04:18.142] [main/DEBUG] [Chaos Awakens/]: [Tagging Block]: block.chaosawakens.fossilized_evoker_stone -> TagKey[minecraft:block / chaosawakens:fossils/stone/vanilla]
[10Jul.2025 12:04:18.142] [main/DEBUG] [Chaos Awakens/]: [Tagging Block]: block.chaosawakens.fossilized_fox_stone -> TagKey[minecraft:block / minecraft:mineable/pickaxe]
[10Jul.2025 12:04:18.142] [main/DEBUG] [Chaos Awakens/]: [Tagging Block]: block.chaosawakens.fossilized_fox_stone -> TagKey[minecraft:block / chaosawakens:fossils/stone/vanilla]
[10Jul.2025 12:04:18.142] [main/DEBUG] [Chaos Awakens/]: [Tagging Block]: block.chaosawakens.fossilized_frog_stone -> TagKey[minecraft:block / minecraft:mineable/pickaxe]
[10Jul.2025 12:04:18.142] [main/DEBUG] [Chaos Awakens/]: [Tagging Block]: block.chaosawakens.fossilized_frog_stone -> TagKey[minecraft:block / chaosawakens:fossils/stone/vanilla]
[10Jul.2025 12:04:18.142] [main/DEBUG] [Chaos Awakens/]: [Tagging Block]: block.chaosawakens.fossilized_horse_stone -> TagKey[minecraft:block / minecraft:mineable/pickaxe]
[10Jul.2025 12:04:18.142] [main/DEBUG] [Chaos Awakens/]: [Tagging Block]: block.chaosawakens.fossilized_horse_stone -> TagKey[minecraft:block / chaosawakens:fossils/stone/vanilla]
[10Jul.2025 12:04:18.142] [main/DEBUG] [Chaos Awakens/]: [Tagging Block]: block.chaosawakens.fossilized_husk_stone_stone -> TagKey[minecraft:block / minecraft:mineable/pickaxe]
[10Jul.2025 12:04:18.142] [main/DEBUG] [Chaos Awakens/]: [Tagging Block]: block.chaosawakens.fossilized_husk_stone_stone -> TagKey[minecraft:block / chaosawakens:fossils/stone/vanilla]
[10Jul.2025 12:04:18.142] [main/DEBUG] [Chaos Awakens/]: [Tagging Block]: block.chaosawakens.fossilized_llama_stone -> TagKey[minecraft:block / minecraft:mineable/pickaxe]
[10Jul.2025 12:04:18.142] [main/DEBUG] [Chaos Awakens/]: [Tagging Block]: block.chaosawakens.fossilized_llama_stone -> TagKey[minecraft:block / chaosawakens:fossils/stone/vanilla]
[10Jul.2025 12:04:18.142] [main/DEBUG] [Chaos Awakens/]: [Tagging Block]: block.chaosawakens.fossilized_mooshroom_stone -> TagKey[minecraft:block / minecraft:mineable/pickaxe]
[10Jul.2025 12:04:18.142] [main/DEBUG] [Chaos Awakens/]: [Tagging Block]: block.chaosawakens.fossilized_mooshroom_stone -> TagKey[minecraft:block / chaosawakens:fossils/stone/vanilla]
[10Jul.2025 12:04:18.142] [main/DEBUG] [Chaos Awakens/]: [Tagging Block]: block.chaosawakens.fossilized_ocelot_stone -> TagKey[minecraft:block / minecraft:mineable/pickaxe]
[10Jul.2025 12:04:18.142] [main/DEBUG] [Chaos Awakens/]: [Tagging Block]: block.chaosawakens.fossilized_ocelot_stone -> TagKey[minecraft:block / chaosawakens:fossils/stone/vanilla]
[10Jul.2025 12:04:18.142] [main/DEBUG] [Chaos Awakens/]: [Tagging Block]: block.chaosawakens.fossilized_panda_stone -> TagKey[minecraft:block / minecraft:mineable/pickaxe]
[10Jul.2025 12:04:18.142] [main/DEBUG] [Chaos Awakens/]: [Tagging Block]: block.chaosawakens.fossilized_panda_stone -> TagKey[minecraft:block / chaosawakens:fossils/stone/vanilla]
[10Jul.2025 12:04:18.142] [main/DEBUG] [Chaos Awakens/]: [Tagging Block]: block.chaosawakens.fossilized_parrot_stone -> TagKey[minecraft:block / minecraft:mineable/pickaxe]
[10Jul.2025 12:04:18.142] [main/DEBUG] [Chaos Awakens/]: [Tagging Block]: block.chaosawakens.fossilized_parrot_stone -> TagKey[minecraft:block / chaosawakens:fossils/stone/vanilla]
[10Jul.2025 12:04:18.142] [main/DEBUG] [Chaos Awakens/]: [Tagging Block]: block.chaosawakens.fossilized_phantom_stone -> TagKey[minecraft:block / minecraft:mineable/pickaxe]
[10Jul.2025 12:04:18.142] [main/DEBUG] [Chaos Awakens/]: [Tagging Block]: block.chaosawakens.fossilized_phantom_stone -> TagKey[minecraft:block / chaosawakens:fossils/stone/vanilla]
[10Jul.2025 12:04:18.142] [main/DEBUG] [Chaos Awakens/]: [Tagging Block]: block.chaosawakens.fossilized_pig_stone -> TagKey[minecraft:block / minecraft:mineable/pickaxe]
[10Jul.2025 12:04:18.142] [main/DEBUG] [Chaos Awakens/]: [Tagging Block]: block.chaosawakens.fossilized_pig_stone -> TagKey[minecraft:block / chaosawakens:fossils/stone/vanilla]
[10Jul.2025 12:04:18.142] [main/DEBUG] [Chaos Awakens/]: [Tagging Block]: block.chaosawakens.fossilized_pillager_stone -> TagKey[minecraft:block / minecraft:mineable/pickaxe]
[10Jul.2025 12:04:18.142] [main/DEBUG] [Chaos Awakens/]: [Tagging Block]: block.chaosawakens.fossilized_pillager_stone -> TagKey[minecraft:block / chaosawakens:fossils/stone/vanilla]
[10Jul.2025 12:04:18.142] [main/DEBUG] [Chaos Awakens/]: [Tagging Block]: block.chaosawakens.fossilized_polar_bear_stone -> TagKey[minecraft:block / minecraft:mineable/pickaxe]
[10Jul.2025 12:04:18.142] [main/DEBUG] [Chaos Awakens/]: [Tagging Block]: block.chaosawakens.fossilized_polar_bear_stone -> TagKey[minecraft:block / chaosawakens:fossils/stone/vanilla]
[10Jul.2025 12:04:18.142] [main/DEBUG] [Chaos Awakens/]: [Tagging Block]: block.chaosawakens.fossilized_rabbit_stone -> TagKey[minecraft:block / minecraft:mineable/pickaxe]
[10Jul.2025 12:04:18.142] [main/DEBUG] [Chaos Awakens/]: [Tagging Block]: block.chaosawakens.fossilized_rabbit_stone -> TagKey[minecraft:block / chaosawakens:fossils/stone/vanilla]
[10Jul.2025 12:04:18.142] [main/DEBUG] [Chaos Awakens/]: [Tagging Block]: block.chaosawakens.fossilized_ravager_stone -> TagKey[minecraft:block / minecraft:mineable/pickaxe]
[10Jul.2025 12:04:18.142] [main/DEBUG] [Chaos Awakens/]: [Tagging Block]: block.chaosawakens.fossilized_ravager_stone -> TagKey[minecraft:block / chaosawakens:fossils/stone/vanilla]
[10Jul.2025 12:04:18.142] [main/DEBUG] [Chaos Awakens/]: [Tagging Block]: block.chaosawakens.fossilized_sheep_stone -> TagKey[minecraft:block / minecraft:mineable/pickaxe]
[10Jul.2025 12:04:18.142] [main/DEBUG] [Chaos Awakens/]: [Tagging Block]: block.chaosawakens.fossilized_sheep_stone -> TagKey[minecraft:block / chaosawakens:fossils/stone/vanilla]
[10Jul.2025 12:04:18.142] [main/DEBUG] [Chaos Awakens/]: [Tagging Block]: block.chaosawakens.fossilized_skeleton_stone -> TagKey[minecraft:block / minecraft:mineable/pickaxe]
[10Jul.2025 12:04:18.142] [main/DEBUG] [Chaos Awakens/]: [Tagging Block]: block.chaosawakens.fossilized_skeleton_stone -> TagKey[minecraft:block / chaosawakens:fossils/stone/vanilla]
[10Jul.2025 12:04:18.142] [main/DEBUG] [Chaos Awakens/]: [Tagging Block]: block.chaosawakens.fossilized_skeleton_horse_stone -> TagKey[minecraft:block / minecraft:mineable/pickaxe]
[10Jul.2025 12:04:18.142] [main/DEBUG] [Chaos Awakens/]: [Tagging Block]: block.chaosawakens.fossilized_skeleton_horse_stone -> TagKey[minecraft:block / chaosawakens:fossils/stone/vanilla]
[10Jul.2025 12:04:18.142] [main/DEBUG] [Chaos Awakens/]: [Tagging Block]: block.chaosawakens.fossilized_slime_stone -> TagKey[minecraft:block / minecraft:mineable/pickaxe]
[10Jul.2025 12:04:18.142] [main/DEBUG] [Chaos Awakens/]: [Tagging Block]: block.chaosawakens.fossilized_slime_stone -> TagKey[minecraft:block / chaosawakens:fossils/stone/vanilla]
[10Jul.2025 12:04:18.142] [main/DEBUG] [Chaos Awakens/]: [Tagging Block]: block.chaosawakens.fossilized_spider_stone -> TagKey[minecraft:block / minecraft:mineable/pickaxe]
[10Jul.2025 12:04:18.142] [main/DEBUG] [Chaos Awakens/]: [Tagging Block]: block.chaosawakens.fossilized_spider_stone -> TagKey[minecraft:block / chaosawakens:fossils/stone/vanilla]
[10Jul.2025 12:04:18.142] [main/DEBUG] [Chaos Awakens/]: [Tagging Block]: block.chaosawakens.fossilized_villager_stone -> TagKey[minecraft:block / minecraft:mineable/pickaxe]
[10Jul.2025 12:04:18.142] [main/DEBUG] [Chaos Awakens/]: [Tagging Block]: block.chaosawakens.fossilized_villager_stone -> TagKey[minecraft:block / chaosawakens:fossils/stone/vanilla]
[10Jul.2025 12:04:18.142] [main/DEBUG] [Chaos Awakens/]: [Tagging Block]: block.chaosawakens.fossilized_vindicator_stone -> TagKey[minecraft:block / minecraft:mineable/pickaxe]
[10Jul.2025 12:04:18.142] [main/DEBUG] [Chaos Awakens/]: [Tagging Block]: block.chaosawakens.fossilized_vindicator_stone -> TagKey[minecraft:block / chaosawakens:fossils/stone/vanilla]
[10Jul.2025 12:04:18.142] [main/DEBUG] [Chaos Awakens/]: [Tagging Block]: block.chaosawakens.fossilized_wandering_trader_stone -> TagKey[minecraft:block / minecraft:mineable/pickaxe]
[10Jul.2025 12:04:18.142] [main/DEBUG] [Chaos Awakens/]: [Tagging Block]: block.chaosawakens.fossilized_wandering_trader_stone -> TagKey[minecraft:block / chaosawakens:fossils/stone/vanilla]
[10Jul.2025 12:04:18.142] [main/DEBUG] [Chaos Awakens/]: [Tagging Block]: block.chaosawakens.fossilized_wasp_stone -> TagKey[minecraft:block / minecraft:mineable/pickaxe]
[10Jul.2025 12:04:18.142] [main/DEBUG] [Chaos Awakens/]: [Tagging Block]: block.chaosawakens.fossilized_wasp_stone -> TagKey[minecraft:block / chaosawakens:fossils/stone/vanilla]
[10Jul.2025 12:04:18.142] [main/DEBUG] [Chaos Awakens/]: [Tagging Block]: block.chaosawakens.fossilized_witch_stone -> TagKey[minecraft:block / minecraft:mineable/pickaxe]
[10Jul.2025 12:04:18.142] [main/DEBUG] [Chaos Awakens/]: [Tagging Block]: block.chaosawakens.fossilized_witch_stone -> TagKey[minecraft:block / chaosawakens:fossils/stone/vanilla]
[10Jul.2025 12:04:18.142] [main/DEBUG] [Chaos Awakens/]: [Tagging Block]: block.chaosawakens.fossilized_wolf_stone -> TagKey[minecraft:block / minecraft:mineable/pickaxe]
[10Jul.2025 12:04:18.142] [main/DEBUG] [Chaos Awakens/]: [Tagging Block]: block.chaosawakens.fossilized_wolf_stone -> TagKey[minecraft:block / chaosawakens:fossils/stone/vanilla]
[10Jul.2025 12:04:18.142] [main/DEBUG] [Chaos Awakens/]: [Tagging Block]: block.chaosawakens.fossilized_zombie_stone -> TagKey[minecraft:block / minecraft:mineable/pickaxe]
[10Jul.2025 12:04:18.142] [main/DEBUG] [Chaos Awakens/]: [Tagging Block]: block.chaosawakens.fossilized_zombie_stone -> TagKey[minecraft:block / chaosawakens:fossils/stone/vanilla]
[10Jul.2025 12:04:18.142] [main/DEBUG] [Chaos Awakens/]: [Tagging Block]: block.chaosawakens.fossilized_zombie_horse_stone -> TagKey[minecraft:block / minecraft:mineable/pickaxe]
[10Jul.2025 12:04:18.142] [main/DEBUG] [Chaos Awakens/]: [Tagging Block]: block.chaosawakens.fossilized_zombie_horse_stone -> TagKey[minecraft:block / chaosawakens:fossils/stone/vanilla]
[10Jul.2025 12:04:18.142] [main/DEBUG] [Chaos Awakens/]: [Tagging Block]: block.chaosawakens.fossilized_zombie_villager_stone -> TagKey[minecraft:block / minecraft:mineable/pickaxe]
[10Jul.2025 12:04:18.142] [main/DEBUG] [Chaos Awakens/]: [Tagging Block]: block.chaosawakens.fossilized_zombie_villager_stone -> TagKey[minecraft:block / chaosawakens:fossils/stone/vanilla]
[10Jul.2025 12:04:18.142] [main/DEBUG] [Chaos Awakens/]: [Tagging Block]: block.chaosawakens.fossilized_warden_deepslate -> TagKey[minecraft:block / minecraft:mineable/pickaxe]
[10Jul.2025 12:04:18.142] [main/DEBUG] [Chaos Awakens/]: [Tagging Block]: block.chaosawakens.fossilized_warden_deepslate -> TagKey[minecraft:block / minecraft:needs_iron_tool]
[10Jul.2025 12:04:18.142] [main/DEBUG] [Chaos Awakens/]: [Tagging Block]: block.chaosawakens.fossilized_warden_deepslate -> TagKey[minecraft:block / chaosawakens:fossils/deepslate]
[10Jul.2025 12:04:18.143] [main/DEBUG] [Chaos Awakens/]: [Tagging Block]: block.minecraft.gravel -> TagKey[minecraft:block / chaosawakens:miners_dream_mineable]
[10Jul.2025 12:04:18.143] [main/DEBUG] [Chaos Awakens/]: [Tagging Block]: block.minecraft.suspicious_gravel -> TagKey[minecraft:block / chaosawakens:miners_dream_mineable]
[10Jul.2025 12:04:18.143] [main/DEBUG] [Chaos Awakens/]: [Tagging Block]: block.minecraft.clay -> TagKey[minecraft:block / chaosawakens:miners_dream_mineable]
[10Jul.2025 12:04:18.143] [main/DEBUG] [Chaos Awakens/]: [Tagging Block]: block.minecraft.sandstone -> TagKey[minecraft:block / chaosawakens:miners_dream_mineable]
[10Jul.2025 12:04:18.143] [main/DEBUG] [Chaos Awakens/]: [Tagging Block]: block.minecraft.small_dripleaf -> TagKey[minecraft:block / chaosawakens:miners_dream_mineable]
[10Jul.2025 12:04:18.143] [main/DEBUG] [Chaos Awakens/]: [Tagging Block]: block.minecraft.soul_sand -> TagKey[minecraft:block / chaosawakens:miners_dream_mineable]
[10Jul.2025 12:04:18.143] [main/DEBUG] [Chaos Awakens/]: [Tagging Block]: block.minecraft.magma_block -> TagKey[minecraft:block / chaosawakens:miners_dream_mineable]
[10Jul.2025 12:04:18.143] [main/DEBUG] [Chaos Awakens/]: [Tagging Block]: block.minecraft.soul_soil -> TagKey[minecraft:block / chaosawakens:miners_dream_mineable]
[10Jul.2025 12:04:18.143] [main/DEBUG] [Chaos Awakens/]: [Tagging Block]: block.minecraft.big_dripleaf -> TagKey[minecraft:block / chaosawakens:miners_dream_mineable]
[10Jul.2025 12:04:18.143] [main/DEBUG] [Chaos Awakens/]: [Tagging Block]: block.minecraft.dripstone_block -> TagKey[minecraft:block / chaosawakens:miners_dream_mineable]
[10Jul.2025 12:04:18.143] [main/DEBUG] [Chaos Awakens/]: [Tagging Block]: block.minecraft.pointed_dripstone -> TagKey[minecraft:block / chaosawakens:miners_dream_mineable]
[10Jul.2025 12:04:18.143] [main/DEBUG] [Chaos Awakens/]: [Tagging Block Tag]: TagKey[minecraft:block / chaosawakens:base_stone_crystal] -> TagKey[minecraft:block / chaosawakens:miners_dream_mineable]
[10Jul.2025 12:04:18.143] [main/DEBUG] [Chaos Awakens/]: [Tagging Block Tag]: TagKey[minecraft:block / chaosawakens:base_stone_mining] -> TagKey[minecraft:block / chaosawakens:miners_dream_mineable]
[10Jul.2025 12:04:18.143] [main/DEBUG] [Chaos Awakens/]: [Tagging Block Tag]: TagKey[minecraft:block / chaosawakens:base_stone_village] -> TagKey[minecraft:block / chaosawakens:miners_dream_mineable]
[10Jul.2025 12:04:18.143] [main/DEBUG] [Chaos Awakens/]: [Tagging Block Tag]: TagKey[minecraft:block / minecraft:base_stone_overworld] -> TagKey[minecraft:block / chaosawakens:miners_dream_mineable]
[10Jul.2025 12:04:18.143] [main/DEBUG] [Chaos Awakens/]: [Tagging Block Tag]: TagKey[minecraft:block / minecraft:base_stone_nether] -> TagKey[minecraft:block / chaosawakens:miners_dream_mineable]
[10Jul.2025 12:04:18.143] [main/DEBUG] [Chaos Awakens/]: [Tagging Block Tag]: TagKey[minecraft:block / minecraft:dirt] -> TagKey[minecraft:block / chaosawakens:miners_dream_mineable]
[10Jul.2025 12:04:18.143] [main/DEBUG] [Chaos Awakens/]: [Tagging Block Tag]: TagKey[minecraft:block / minecraft:sand] -> TagKey[minecraft:block / chaosawakens:miners_dream_mineable]
[10Jul.2025 12:04:18.143] [main/DEBUG] [Chaos Awakens/]: [Tagging Block Tag]: TagKey[minecraft:block / minecraft:ice] -> TagKey[minecraft:block / chaosawakens:miners_dream_mineable]
[10Jul.2025 12:04:18.143] [main/DEBUG] [Chaos Awakens/]: [Tagging Block Tag]: TagKey[minecraft:block / minecraft:cave_vines] -> TagKey[minecraft:block / chaosawakens:miners_dream_mineable]
[10Jul.2025 12:04:18.143] [main/DEBUG] [Chaos Awakens/]: [Tagging Block Tag]: TagKey[minecraft:block / minecraft:leaves] -> TagKey[minecraft:block / chaosawakens:miners_dream_mineable]
[10Jul.2025 12:04:18.143] [main/DEBUG] [Chaos Awakens/]: [Tagging Block Tag]: TagKey[minecraft:block / minecraft:crops] -> TagKey[minecraft:block / chaosawakens:miners_dream_mineable]
[10Jul.2025 12:04:18.143] [main/DEBUG] [Chaos Awakens/]: [Tagging Block Tag]: TagKey[minecraft:block / minecraft:flowers] -> TagKey[minecraft:block / chaosawakens:miners_dream_mineable]
[10Jul.2025 12:04:18.143] [main/DEBUG] [Chaos Awakens/]: [Tagging Block Tag]: TagKey[minecraft:block / chaosawakens:wood/logs/apple_logs] -> TagKey[minecraft:block / minecraft:logs_that_burn]
[10Jul.2025 12:04:18.143] [main/DEBUG] [Chaos Awakens/]: [Tagging Block Tag]: TagKey[minecraft:block / chaosawakens:wood/logs/dead_duplicator_logs] -> TagKey[minecraft:block / minecraft:logs_that_burn]
[10Jul.2025 12:04:18.143] [main/DEBUG] [Chaos Awakens/]: [Tagging Block Tag]: TagKey[minecraft:block / chaosawakens:wood/logs/dead_duplicator_logs] -> TagKey[minecraft:block / chaosawakens:wood/logs/duplicator_logs]
[10Jul.2025 12:04:18.143] [main/DEBUG] [Chaos Awakens/]: [Tagging Block Tag]: TagKey[minecraft:block / chaosawakens:wood/logs/duplicator_logs] -> TagKey[minecraft:block / minecraft:logs_that_burn]
[10Jul.2025 12:04:18.143] [main/DEBUG] [Chaos Awakens/]: [Tagging Block Tag]: TagKey[minecraft:block / chaosawakens:wood/logs/peach_logs] -> TagKey[minecraft:block / minecraft:logs_that_burn]
[10Jul.2025 12:04:18.143] [main/DEBUG] [Chaos Awakens/]: [Tagging Block Tag]: TagKey[minecraft:block / chaosawakens:wood/logs/skywood_logs] -> TagKey[minecraft:block / minecraft:logs_that_burn]
[10Jul.2025 12:04:18.143] [main/DEBUG] [Chaos Awakens/]: [Tagging Block Tag]: TagKey[minecraft:block / chaosawakens:wood/logs/ginkgo_logs] -> TagKey[minecraft:block / minecraft:logs_that_burn]
[10Jul.2025 12:04:18.143] [main/DEBUG] [Chaos Awakens/]: [Tagging Block Tag]: TagKey[minecraft:block / chaosawakens:wood/logs/mesozoic_logs] -> TagKey[minecraft:block / minecraft:logs_that_burn]
[10Jul.2025 12:04:18.143] [main/DEBUG] [Chaos Awakens/]: [Tagging Block Tag]: TagKey[minecraft:block / chaosawakens:wood/logs/densewood_logs] -> TagKey[minecraft:block / minecraft:logs_that_burn]
[10Jul.2025 12:04:18.143] [main/DEBUG] [Chaos Awakens/]: [Tagging Block Tag]: TagKey[minecraft:block / chaosawakens:stalagmite_ore/common] -> TagKey[minecraft:block / chaosawakens:stalagmite_ore]
[10Jul.2025 12:04:18.143] [main/DEBUG] [Chaos Awakens/]: [Tagging Block Tag]: TagKey[minecraft:block / chaosawakens:stalagmite_ore/rare] -> TagKey[minecraft:block / chaosawakens:stalagmite_ore]
[10Jul.2025 12:04:18.143] [main/DEBUG] [Chaos Awakens/]: [Tagging Block Tag]: TagKey[minecraft:block / chaosawakens:robo_immune/pounder] -> TagKey[minecraft:block / chaosawakens:robo_immune]
[10Jul.2025 12:04:18.143] [main/DEBUG] [Chaos Awakens/]: [Tagging Block Tag]: TagKey[minecraft:block / chaosawakens:robo_immune/jeffery] -> TagKey[minecraft:block / chaosawakens:robo_immune]
[10Jul.2025 12:04:18.143] [main/DEBUG] [Chaos Awakens/]: [Tagging Block Tag]: TagKey[minecraft:block / chaosawakens:fossils/stone/vanilla] -> TagKey[minecraft:block / chaosawakens:fossils/stone]
[10Jul.2025 12:04:18.143] [main/DEBUG] [Chaos Awakens/]: [Tagging Block Tag]: TagKey[minecraft:block / chaosawakens:fossils/stone/chaosawakens] -> TagKey[minecraft:block / chaosawakens:fossils/stone]
[10Jul.2025 12:04:18.143] [main/DEBUG] [Chaos Awakens/]: [Tagging Block Tag]: TagKey[minecraft:block / chaosawakens:fossils/deepslate/vanilla] -> TagKey[minecraft:block / chaosawakens:fossils/deepslate]
[10Jul.2025 12:04:18.143] [main/DEBUG] [Chaos Awakens/]: [Tagging Block Tag]: TagKey[minecraft:block / chaosawakens:fossils/deepslate/chaosawakens] -> TagKey[minecraft:block / chaosawakens:fossils/deepslate]
[10Jul.2025 12:04:18.143] [main/DEBUG] [Chaos Awakens/]: [Tagging Block Tag]: TagKey[minecraft:block / chaosawakens:fossils/gravel/vanilla] -> TagKey[minecraft:block / chaosawakens:fossils/gravel]
[10Jul.2025 12:04:18.143] [main/DEBUG] [Chaos Awakens/]: [Tagging Block Tag]: TagKey[minecraft:block / chaosawakens:fossils/gravel/chaosawakens] -> TagKey[minecraft:block / chaosawakens:fossils/gravel]
[10Jul.2025 12:04:18.143] [main/DEBUG] [Chaos Awakens/]: [Tagging Block Tag]: TagKey[minecraft:block / chaosawakens:fossils/sand/vanilla] -> TagKey[minecraft:block / chaosawakens:fossils/sand]
[10Jul.2025 12:04:18.143] [main/DEBUG] [Chaos Awakens/]: [Tagging Block Tag]: TagKey[minecraft:block / chaosawakens:fossils/sand/chaosawakens] -> TagKey[minecraft:block / chaosawakens:fossils/sand]
[10Jul.2025 12:04:18.143] [main/DEBUG] [Chaos Awakens/]: [Tagging Block Tag]: TagKey[minecraft:block / chaosawakens:fossils/sandstone/vanilla] -> TagKey[minecraft:block / chaosawakens:fossils/sandstone]
[10Jul.2025 12:04:18.144] [main/DEBUG] [Chaos Awakens/]: [Tagging Block Tag]: TagKey[minecraft:block / chaosawakens:fossils/sandstone/chaosawakens] -> TagKey[minecraft:block / chaosawakens:fossils/sandstone]
[10Jul.2025 12:04:18.144] [main/DEBUG] [Chaos Awakens/]: [Tagging Block Tag]: TagKey[minecraft:block / chaosawakens:fossils/ice/vanilla] -> TagKey[minecraft:block / chaosawakens:fossils/ice]
[10Jul.2025 12:04:18.144] [main/DEBUG] [Chaos Awakens/]: [Tagging Block Tag]: TagKey[minecraft:block / chaosawakens:fossils/ice/chaosawakens] -> TagKey[minecraft:block / chaosawakens:fossils/ice]
[10Jul.2025 12:04:18.144] [main/DEBUG] [Chaos Awakens/]: [Tagging Block Tag]: TagKey[minecraft:block / chaosawakens:fossils/netherrack/vanilla] -> TagKey[minecraft:block / chaosawakens:fossils/netherrack]
[10Jul.2025 12:04:18.144] [main/DEBUG] [Chaos Awakens/]: [Tagging Block Tag]: TagKey[minecraft:block / chaosawakens:fossils/netherrack/chaosawakens] -> TagKey[minecraft:block / chaosawakens:fossils/netherrack]
[10Jul.2025 12:04:18.144] [main/DEBUG] [Chaos Awakens/]: [Tagging Block Tag]: TagKey[minecraft:block / chaosawakens:fossils/blackstone/vanilla] -> TagKey[minecraft:block / chaosawakens:fossils/blackstone]
[10Jul.2025 12:04:18.144] [main/DEBUG] [Chaos Awakens/]: [Tagging Block Tag]: TagKey[minecraft:block / chaosawakens:fossils/blackstone/chaosawakens] -> TagKey[minecraft:block / chaosawakens:fossils/blackstone]
[10Jul.2025 12:04:18.144] [main/DEBUG] [Chaos Awakens/]: [Tagging Block Tag]: TagKey[minecraft:block / chaosawakens:fossils/soul_soil/vanilla] -> TagKey[minecraft:block / chaosawakens:fossils/soul_soil]
[10Jul.2025 12:04:18.144] [main/DEBUG] [Chaos Awakens/]: [Tagging Block Tag]: TagKey[minecraft:block / chaosawakens:fossils/soul_soil/chaosawakens] -> TagKey[minecraft:block / chaosawakens:fossils/soul_soil]
[10Jul.2025 12:04:18.144] [main/DEBUG] [Chaos Awakens/]: [Tagging Block Tag]: TagKey[minecraft:block / chaosawakens:fossils/end_stone/vanilla] -> TagKey[minecraft:block / chaosawakens:fossils/end_stone]
[10Jul.2025 12:04:18.144] [main/DEBUG] [Chaos Awakens/]: [Tagging Block Tag]: TagKey[minecraft:block / chaosawakens:fossils/end_stone/chaosawakens] -> TagKey[minecraft:block / chaosawakens:fossils/end_stone]
[10Jul.2025 12:04:18.144] [main/DEBUG] [Chaos Awakens/]: [Tagging Block Tag]: TagKey[minecraft:block / chaosawakens:fossils/kyanite/vanilla] -> TagKey[minecraft:block / chaosawakens:fossils/kyanite]
[10Jul.2025 12:04:18.144] [main/DEBUG] [Chaos Awakens/]: [Tagging Block Tag]: TagKey[minecraft:block / chaosawakens:fossils/kyanite/chaosawakens] -> TagKey[minecraft:block / chaosawakens:fossils/kyanite]
[10Jul.2025 12:04:18.144] [main/DEBUG] [Chaos Awakens/]: [Tagging Block Tag]: TagKey[minecraft:block / chaosawakens:fossils/stone] -> TagKey[minecraft:block / chaosawakens:fossils]
[10Jul.2025 12:04:18.144] [main/DEBUG] [Chaos Awakens/]: [Tagging Block Tag]: TagKey[minecraft:block / chaosawakens:fossils/deepslate] -> TagKey[minecraft:block / chaosawakens:fossils]
[10Jul.2025 12:04:18.144] [main/DEBUG] [Chaos Awakens/]: [Tagging Block Tag]: TagKey[minecraft:block / chaosawakens:fossils/gravel] -> TagKey[minecraft:block / chaosawakens:fossils]
[10Jul.2025 12:04:18.144] [main/DEBUG] [Chaos Awakens/]: [Tagging Block Tag]: TagKey[minecraft:block / chaosawakens:fossils/sand] -> TagKey[minecraft:block / chaosawakens:fossils]
[10Jul.2025 12:04:18.144] [main/DEBUG] [Chaos Awakens/]: [Tagging Block Tag]: TagKey[minecraft:block / chaosawakens:fossils/sandstone] -> TagKey[minecraft:block / chaosawakens:fossils]
[10Jul.2025 12:04:18.144] [main/DEBUG] [Chaos Awakens/]: [Tagging Block Tag]: TagKey[minecraft:block / chaosawakens:fossils/ice] -> TagKey[minecraft:block / chaosawakens:fossils]
[10Jul.2025 12:04:18.144] [main/DEBUG] [Chaos Awakens/]: [Tagging Block Tag]: TagKey[minecraft:block / chaosawakens:fossils/netherrack] -> TagKey[minecraft:block / chaosawakens:fossils]
[10Jul.2025 12:04:18.144] [main/DEBUG] [Chaos Awakens/]: [Tagging Block Tag]: TagKey[minecraft:block / chaosawakens:fossils/blackstone] -> TagKey[minecraft:block / chaosawakens:fossils]
[10Jul.2025 12:04:18.144] [main/DEBUG] [Chaos Awakens/]: [Tagging Block Tag]: TagKey[minecraft:block / chaosawakens:fossils/soul_soil] -> TagKey[minecraft:block / chaosawakens:fossils]
[10Jul.2025 12:04:18.144] [main/DEBUG] [Chaos Awakens/]: [Tagging Block Tag]: TagKey[minecraft:block / chaosawakens:fossils/end_stone] -> TagKey[minecraft:block / chaosawakens:fossils]
[10Jul.2025 12:04:18.144] [main/DEBUG] [Chaos Awakens/]: [Tagging Block Tag]: TagKey[minecraft:block / chaosawakens:fossils/kyanite] -> TagKey[minecraft:block / chaosawakens:fossils]
[10Jul.2025 12:04:18.144] [main/DEBUG] [Chaos Awakens/]: [Tagging Block Tag]: TagKey[minecraft:block / chaosawakens:vegetation/crystal_flower_blocks] -> TagKey[minecraft:block / chaosawakens:vegetation/crystal_vegetation]
[10Jul.2025 12:04:18.144] [main/DEBUG] [Chaos Awakens/]: [Tagging Block Tag]: TagKey[minecraft:block / chaosawakens:vegetation/dense_flower_blocks] -> TagKey[minecraft:block / chaosawakens:vegetation/dense_vegetation]
[10Jul.2025 12:04:18.144] [main/DEBUG] [Chaos Awakens/]: [Tagging Block]: block.minecraft.farmland -> TagKey[minecraft:block / chaosawakens:farmland_blocks]
[10Jul.2025 12:04:18.153] [main/INFO] [net.minecraft.data.DataGenerator/]: Chaos Awakens: Block Tags finished after 21 ms
[10Jul.2025 12:04:18.153] [main/INFO] [net.minecraft.data.DataGenerator/]: Starting provider: Chaos Awakens: Item Tags
[10Jul.2025 12:04:18.154] [main/DEBUG] [Chaos Awakens/]: [Tagging Block Item]: block.chaosawakens.apple_log -> TagKey[minecraft:item / minecraft:logs_that_burn]
[10Jul.2025 12:04:18.154] [main/DEBUG] [Chaos Awakens/]: [Tagging Block Item]: block.chaosawakens.apple_wood -> TagKey[minecraft:item / minecraft:logs_that_burn]
[10Jul.2025 12:04:18.154] [main/DEBUG] [Chaos Awakens/]: [Tagging Block Item]: block.chaosawakens.stripped_apple_log -> TagKey[minecraft:item / minecraft:logs_that_burn]
[10Jul.2025 12:04:18.154] [main/DEBUG] [Chaos Awakens/]: [Tagging Block Item]: block.chaosawakens.stripped_apple_wood -> TagKey[minecraft:item / minecraft:logs_that_burn]
[10Jul.2025 12:04:18.154] [main/DEBUG] [Chaos Awakens/]: [Tagging Block Item]: block.chaosawakens.apple_planks -> TagKey[minecraft:item / minecraft:planks]
[10Jul.2025 12:04:18.154] [main/DEBUG] [Chaos Awakens/]: [Tagging Block Item]: block.chaosawakens.apple_stairs -> TagKey[minecraft:item / minecraft:wooden_stairs]
[10Jul.2025 12:04:18.154] [main/DEBUG] [Chaos Awakens/]: [Tagging Block Item]: block.chaosawakens.apple_slab -> TagKey[minecraft:item / minecraft:wooden_slabs]
[10Jul.2025 12:04:18.154] [main/DEBUG] [Chaos Awakens/]: [Tagging Block Item]: block.chaosawakens.apple_fence -> TagKey[minecraft:item / minecraft:wooden_fences]
[10Jul.2025 12:04:18.154] [main/DEBUG] [Chaos Awakens/]: [Tagging Block Item]: block.chaosawakens.apple_fence_gate -> TagKey[minecraft:item / minecraft:fence_gates]
[10Jul.2025 12:04:18.154] [main/DEBUG] [Chaos Awakens/]: [Tagging Block Item]: block.chaosawakens.apple_door -> TagKey[minecraft:item / minecraft:wooden_doors]
[10Jul.2025 12:04:18.154] [main/DEBUG] [Chaos Awakens/]: [Tagging Block Item]: block.chaosawakens.apple_trapdoor -> TagKey[minecraft:item / minecraft:wooden_trapdoors]
[10Jul.2025 12:04:18.154] [main/DEBUG] [Chaos Awakens/]: [Tagging Block Item]: block.chaosawakens.apple_pressure_plate -> TagKey[minecraft:item / minecraft:wooden_pressure_plates]
[10Jul.2025 12:04:18.154] [main/DEBUG] [Chaos Awakens/]: [Tagging Block Item]: block.chaosawakens.apple_button -> TagKey[minecraft:item / minecraft:wooden_buttons]
[10Jul.2025 12:04:18.155] [main/DEBUG] [Chaos Awakens/]: [Tagging Block Item]: block.chaosawakens.crystalwood_log -> TagKey[minecraft:item / minecraft:logs_that_burn]
[10Jul.2025 12:04:18.155] [main/DEBUG] [Chaos Awakens/]: [Tagging Block Item]: block.chaosawakens.crystalwood -> TagKey[minecraft:item / minecraft:logs_that_burn]
[10Jul.2025 12:04:18.155] [main/DEBUG] [Chaos Awakens/]: [Tagging Block Item]: block.chaosawakens.stripped_crystalwood_log -> TagKey[minecraft:item / minecraft:logs_that_burn]
[10Jul.2025 12:04:18.155] [main/DEBUG] [Chaos Awakens/]: [Tagging Block Item]: block.chaosawakens.stripped_crystalwood -> TagKey[minecraft:item / minecraft:logs_that_burn]
[10Jul.2025 12:04:18.155] [main/DEBUG] [Chaos Awakens/]: [Tagging Block Item]: block.chaosawakens.crystalwood_planks -> TagKey[minecraft:item / minecraft:planks]
[10Jul.2025 12:04:18.155] [main/DEBUG] [Chaos Awakens/]: [Tagging Block Item]: block.chaosawakens.crystalwood_stairs -> TagKey[minecraft:item / minecraft:wooden_stairs]
[10Jul.2025 12:04:18.155] [main/DEBUG] [Chaos Awakens/]: [Tagging Block Item]: block.chaosawakens.crystalwood_slab -> TagKey[minecraft:item / minecraft:wooden_slabs]
[10Jul.2025 12:04:18.155] [main/DEBUG] [Chaos Awakens/]: [Tagging Block Item]: block.chaosawakens.crystalwood_fence -> TagKey[minecraft:item / minecraft:wooden_fences]
[10Jul.2025 12:04:18.155] [main/DEBUG] [Chaos Awakens/]: [Tagging Block Item]: block.chaosawakens.crystalwood_fence_gate -> TagKey[minecraft:item / minecraft:fence_gates]
[10Jul.2025 12:04:18.155] [main/DEBUG] [Chaos Awakens/]: [Tagging Block Item]: block.chaosawakens.crystalwood_door -> TagKey[minecraft:item / minecraft:wooden_doors]
[10Jul.2025 12:04:18.155] [main/DEBUG] [Chaos Awakens/]: [Tagging Block Item]: block.chaosawakens.crystalwood_trapdoor -> TagKey[minecraft:item / minecraft:wooden_trapdoors]
[10Jul.2025 12:04:18.155] [main/DEBUG] [Chaos Awakens/]: [Tagging Block Item]: block.chaosawakens.crystalwood_pressure_plate -> TagKey[minecraft:item / minecraft:wooden_pressure_plates]
[10Jul.2025 12:04:18.155] [main/DEBUG] [Chaos Awakens/]: [Tagging Block Item]: block.chaosawakens.crystalwood_button -> TagKey[minecraft:item / minecraft:wooden_buttons]
[10Jul.2025 12:04:18.155] [main/DEBUG] [Chaos Awakens/]: [Tagging Block Item]: block.chaosawakens.densewood_log -> TagKey[minecraft:item / minecraft:logs_that_burn]
[10Jul.2025 12:04:18.155] [main/DEBUG] [Chaos Awakens/]: [Tagging Block Item]: block.chaosawakens.densewood -> TagKey[minecraft:item / minecraft:logs_that_burn]
[10Jul.2025 12:04:18.155] [main/DEBUG] [Chaos Awakens/]: [Tagging Block Item]: block.chaosawakens.stripped_densewood_log -> TagKey[minecraft:item / minecraft:logs_that_burn]
[10Jul.2025 12:04:18.155] [main/DEBUG] [Chaos Awakens/]: [Tagging Block Item]: block.chaosawakens.stripped_densewood -> TagKey[minecraft:item / minecraft:logs_that_burn]
[10Jul.2025 12:04:18.155] [main/DEBUG] [Chaos Awakens/]: [Tagging Block Item]: block.chaosawakens.densewood_planks -> TagKey[minecraft:item / minecraft:planks]
[10Jul.2025 12:04:18.155] [main/DEBUG] [Chaos Awakens/]: [Tagging Block Item]: block.chaosawakens.densewood_stairs -> TagKey[minecraft:item / minecraft:wooden_stairs]
[10Jul.2025 12:04:18.155] [main/DEBUG] [Chaos Awakens/]: [Tagging Block Item]: block.chaosawakens.densewood_slab -> TagKey[minecraft:item / minecraft:wooden_slabs]
[10Jul.2025 12:04:18.155] [main/DEBUG] [Chaos Awakens/]: [Tagging Block Item]: block.chaosawakens.densewood_fence -> TagKey[minecraft:item / minecraft:wooden_fences]
[10Jul.2025 12:04:18.155] [main/DEBUG] [Chaos Awakens/]: [Tagging Block Item]: block.chaosawakens.densewood_fence_gate -> TagKey[minecraft:item / minecraft:fence_gates]
[10Jul.2025 12:04:18.155] [main/DEBUG] [Chaos Awakens/]: [Tagging Block Item]: block.chaosawakens.densewood_door -> TagKey[minecraft:item / minecraft:wooden_doors]
[10Jul.2025 12:04:18.155] [main/DEBUG] [Chaos Awakens/]: [Tagging Block Item]: block.chaosawakens.densewood_trapdoor -> TagKey[minecraft:item / minecraft:wooden_trapdoors]
[10Jul.2025 12:04:18.155] [main/DEBUG] [Chaos Awakens/]: [Tagging Block Item]: block.chaosawakens.densewood_pressure_plate -> TagKey[minecraft:item / minecraft:wooden_pressure_plates]
[10Jul.2025 12:04:18.155] [main/DEBUG] [Chaos Awakens/]: [Tagging Block Item]: block.chaosawakens.densewood_button -> TagKey[minecraft:item / minecraft:wooden_buttons]
[10Jul.2025 12:04:18.155] [main/DEBUG] [Chaos Awakens/]: [Tagging Block Item]: block.chaosawakens.duplicator_log -> TagKey[minecraft:item / minecraft:logs_that_burn]
[10Jul.2025 12:04:18.155] [main/DEBUG] [Chaos Awakens/]: [Tagging Block Item]: block.chaosawakens.duplicator_wood -> TagKey[minecraft:item / minecraft:logs_that_burn]
[10Jul.2025 12:04:18.155] [main/DEBUG] [Chaos Awakens/]: [Tagging Block Item]: block.chaosawakens.stripped_duplicator_log -> TagKey[minecraft:item / minecraft:logs_that_burn]
[10Jul.2025 12:04:18.155] [main/DEBUG] [Chaos Awakens/]: [Tagging Block Item]: block.chaosawakens.stripped_duplicator_wood -> TagKey[minecraft:item / minecraft:logs_that_burn]
[10Jul.2025 12:04:18.155] [main/DEBUG] [Chaos Awakens/]: [Tagging Block Item]: block.chaosawakens.dead_duplicator_log -> TagKey[minecraft:item / minecraft:logs_that_burn]
[10Jul.2025 12:04:18.155] [main/DEBUG] [Chaos Awakens/]: [Tagging Block Item]: block.chaosawakens.dead_duplicator_wood -> TagKey[minecraft:item / minecraft:logs_that_burn]
[10Jul.2025 12:04:18.155] [main/DEBUG] [Chaos Awakens/]: [Tagging Block Item]: block.chaosawakens.stripped_dead_duplicator_log -> TagKey[minecraft:item / minecraft:logs_that_burn]
[10Jul.2025 12:04:18.155] [main/DEBUG] [Chaos Awakens/]: [Tagging Block Item]: block.chaosawakens.stripped_dead_duplicator_wood -> TagKey[minecraft:item / minecraft:logs_that_burn]
[10Jul.2025 12:04:18.155] [main/DEBUG] [Chaos Awakens/]: [Tagging Block Item]: block.chaosawakens.duplicator_planks -> TagKey[minecraft:item / minecraft:planks]
[10Jul.2025 12:04:18.155] [main/DEBUG] [Chaos Awakens/]: [Tagging Block Item]: block.chaosawakens.duplicator_stairs -> TagKey[minecraft:item / minecraft:wooden_stairs]
[10Jul.2025 12:04:18.155] [main/DEBUG] [Chaos Awakens/]: [Tagging Block Item]: block.chaosawakens.duplicator_slab -> TagKey[minecraft:item / minecraft:wooden_slabs]
[10Jul.2025 12:04:18.155] [main/DEBUG] [Chaos Awakens/]: [Tagging Block Item]: block.chaosawakens.duplicator_fence -> TagKey[minecraft:item / minecraft:wooden_fences]
[10Jul.2025 12:04:18.155] [main/DEBUG] [Chaos Awakens/]: [Tagging Block Item]: block.chaosawakens.duplicator_fence_gate -> TagKey[minecraft:item / minecraft:fence_gates]
[10Jul.2025 12:04:18.155] [main/DEBUG] [Chaos Awakens/]: [Tagging Block Item]: block.chaosawakens.duplicator_door -> TagKey[minecraft:item / minecraft:wooden_doors]
[10Jul.2025 12:04:18.155] [main/DEBUG] [Chaos Awakens/]: [Tagging Block Item]: block.chaosawakens.duplicator_trapdoor -> TagKey[minecraft:item / minecraft:wooden_trapdoors]
[10Jul.2025 12:04:18.155] [main/DEBUG] [Chaos Awakens/]: [Tagging Block Item]: block.chaosawakens.duplicator_pressure_plate -> TagKey[minecraft:item / minecraft:wooden_pressure_plates]
[10Jul.2025 12:04:18.155] [main/DEBUG] [Chaos Awakens/]: [Tagging Block Item]: block.chaosawakens.duplicator_button -> TagKey[minecraft:item / minecraft:wooden_buttons]
[10Jul.2025 12:04:18.155] [main/DEBUG] [Chaos Awakens/]: [Tagging Block Item]: block.chaosawakens.ginkgo_log -> TagKey[minecraft:item / minecraft:logs_that_burn]
[10Jul.2025 12:04:18.155] [main/DEBUG] [Chaos Awakens/]: [Tagging Block Item]: block.chaosawakens.ginkgo_wood -> TagKey[minecraft:item / minecraft:logs_that_burn]
[10Jul.2025 12:04:18.155] [main/DEBUG] [Chaos Awakens/]: [Tagging Block Item]: block.chaosawakens.stripped_ginkgo_log -> TagKey[minecraft:item / minecraft:logs_that_burn]
[10Jul.2025 12:04:18.155] [main/DEBUG] [Chaos Awakens/]: [Tagging Block Item]: block.chaosawakens.stripped_ginkgo_wood -> TagKey[minecraft:item / minecraft:logs_that_burn]
[10Jul.2025 12:04:18.155] [main/DEBUG] [Chaos Awakens/]: [Tagging Block Item]: block.chaosawakens.ginkgo_planks -> TagKey[minecraft:item / minecraft:planks]
[10Jul.2025 12:04:18.155] [main/DEBUG] [Chaos Awakens/]: [Tagging Block Item]: block.chaosawakens.ginkgo_stairs -> TagKey[minecraft:item / minecraft:wooden_stairs]
[10Jul.2025 12:04:18.155] [main/DEBUG] [Chaos Awakens/]: [Tagging Block Item]: block.chaosawakens.ginkgo_slab -> TagKey[minecraft:item / minecraft:wooden_slabs]
[10Jul.2025 12:04:18.155] [main/DEBUG] [Chaos Awakens/]: [Tagging Block Item]: block.chaosawakens.ginkgo_fence -> TagKey[minecraft:item / minecraft:wooden_fences]
[10Jul.2025 12:04:18.155] [main/DEBUG] [Chaos Awakens/]: [Tagging Block Item]: block.chaosawakens.ginkgo_fence_gate -> TagKey[minecraft:item / minecraft:fence_gates]
[10Jul.2025 12:04:18.155] [main/DEBUG] [Chaos Awakens/]: [Tagging Block Item]: block.chaosawakens.ginkgo_door -> TagKey[minecraft:item / minecraft:wooden_doors]
[10Jul.2025 12:04:18.155] [main/DEBUG] [Chaos Awakens/]: [Tagging Block Item]: block.chaosawakens.ginkgo_trapdoor -> TagKey[minecraft:item / minecraft:wooden_trapdoors]
[10Jul.2025 12:04:18.155] [main/DEBUG] [Chaos Awakens/]: [Tagging Block Item]: block.chaosawakens.ginkgo_pressure_plate -> TagKey[minecraft:item / minecraft:wooden_pressure_plates]
[10Jul.2025 12:04:18.155] [main/DEBUG] [Chaos Awakens/]: [Tagging Block Item]: block.chaosawakens.ginkgo_button -> TagKey[minecraft:item / minecraft:wooden_buttons]
[10Jul.2025 12:04:18.155] [main/DEBUG] [Chaos Awakens/]: [Tagging Block Item]: block.chaosawakens.mesozoic_log -> TagKey[minecraft:item / minecraft:logs_that_burn]
[10Jul.2025 12:04:18.155] [main/DEBUG] [Chaos Awakens/]: [Tagging Block Item]: block.chaosawakens.mesozoic_wood -> TagKey[minecraft:item / minecraft:logs_that_burn]
[10Jul.2025 12:04:18.155] [main/DEBUG] [Chaos Awakens/]: [Tagging Block Item]: block.chaosawakens.stripped_mesozoic_log -> TagKey[minecraft:item / minecraft:logs_that_burn]
[10Jul.2025 12:04:18.155] [main/DEBUG] [Chaos Awakens/]: [Tagging Block Item]: block.chaosawakens.stripped_mesozoic_wood -> TagKey[minecraft:item / minecraft:logs_that_burn]
[10Jul.2025 12:04:18.155] [main/DEBUG] [Chaos Awakens/]: [Tagging Block Item]: block.chaosawakens.mesozoic_planks -> TagKey[minecraft:item / minecraft:planks]
[10Jul.2025 12:04:18.155] [main/DEBUG] [Chaos Awakens/]: [Tagging Block Item]: block.chaosawakens.mesozoic_stairs -> TagKey[minecraft:item / minecraft:wooden_stairs]
[10Jul.2025 12:04:18.155] [main/DEBUG] [Chaos Awakens/]: [Tagging Block Item]: block.chaosawakens.mesozoic_slab -> TagKey[minecraft:item / minecraft:wooden_slabs]
[10Jul.2025 12:04:18.155] [main/DEBUG] [Chaos Awakens/]: [Tagging Block Item]: block.chaosawakens.mesozoic_fence -> TagKey[minecraft:item / minecraft:wooden_fences]
[10Jul.2025 12:04:18.155] [main/DEBUG] [Chaos Awakens/]: [Tagging Block Item]: block.chaosawakens.mesozoic_fence_gate -> TagKey[minecraft:item / minecraft:fence_gates]
[10Jul.2025 12:04:18.155] [main/DEBUG] [Chaos Awakens/]: [Tagging Block Item]: block.chaosawakens.mesozoic_door -> TagKey[minecraft:item / minecraft:wooden_doors]
[10Jul.2025 12:04:18.155] [main/DEBUG] [Chaos Awakens/]: [Tagging Block Item]: block.chaosawakens.mesozoic_trapdoor -> TagKey[minecraft:item / minecraft:wooden_trapdoors]
[10Jul.2025 12:04:18.155] [main/DEBUG] [Chaos Awakens/]: [Tagging Block Item]: block.chaosawakens.mesozoic_pressure_plate -> TagKey[minecraft:item / minecraft:wooden_pressure_plates]
[10Jul.2025 12:04:18.155] [main/DEBUG] [Chaos Awakens/]: [Tagging Block Item]: block.chaosawakens.mesozoic_button -> TagKey[minecraft:item / minecraft:wooden_buttons]
[10Jul.2025 12:04:18.155] [main/DEBUG] [Chaos Awakens/]: [Tagging Block Item]: block.chaosawakens.peach_log -> TagKey[minecraft:item / minecraft:logs_that_burn]
[10Jul.2025 12:04:18.155] [main/DEBUG] [Chaos Awakens/]: [Tagging Block Item]: block.chaosawakens.peach_wood -> TagKey[minecraft:item / minecraft:logs_that_burn]
[10Jul.2025 12:04:18.155] [main/DEBUG] [Chaos Awakens/]: [Tagging Block Item]: block.chaosawakens.stripped_peach_log -> TagKey[minecraft:item / minecraft:logs_that_burn]
[10Jul.2025 12:04:18.155] [main/DEBUG] [Chaos Awakens/]: [Tagging Block Item]: block.chaosawakens.stripped_peach_wood -> TagKey[minecraft:item / minecraft:logs_that_burn]
[10Jul.2025 12:04:18.155] [main/DEBUG] [Chaos Awakens/]: [Tagging Block Item]: block.chaosawakens.peach_planks -> TagKey[minecraft:item / minecraft:planks]
[10Jul.2025 12:04:18.155] [main/DEBUG] [Chaos Awakens/]: [Tagging Block Item]: block.chaosawakens.peach_stairs -> TagKey[minecraft:item / minecraft:wooden_stairs]
[10Jul.2025 12:04:18.155] [main/DEBUG] [Chaos Awakens/]: [Tagging Block Item]: block.chaosawakens.peach_slab -> TagKey[minecraft:item / minecraft:wooden_slabs]
[10Jul.2025 12:04:18.155] [main/DEBUG] [Chaos Awakens/]: [Tagging Block Item]: block.chaosawakens.peach_fence -> TagKey[minecraft:item / minecraft:wooden_fences]
[10Jul.2025 12:04:18.155] [main/DEBUG] [Chaos Awakens/]: [Tagging Block Item]: block.chaosawakens.peach_fence_gate -> TagKey[minecraft:item / minecraft:fence_gates]
[10Jul.2025 12:04:18.155] [main/DEBUG] [Chaos Awakens/]: [Tagging Block Item]: block.chaosawakens.peach_door -> TagKey[minecraft:item / minecraft:wooden_doors]
[10Jul.2025 12:04:18.155] [main/DEBUG] [Chaos Awakens/]: [Tagging Block Item]: block.chaosawakens.peach_trapdoor -> TagKey[minecraft:item / minecraft:wooden_trapdoors]
[10Jul.2025 12:04:18.155] [main/DEBUG] [Chaos Awakens/]: [Tagging Block Item]: block.chaosawakens.peach_pressure_plate -> TagKey[minecraft:item / minecraft:wooden_pressure_plates]
[10Jul.2025 12:04:18.155] [main/DEBUG] [Chaos Awakens/]: [Tagging Block Item]: block.chaosawakens.peach_button -> TagKey[minecraft:item / minecraft:wooden_buttons]
[10Jul.2025 12:04:18.155] [main/DEBUG] [Chaos Awakens/]: [Tagging Block Item]: block.chaosawakens.skywood_log -> TagKey[minecraft:item / minecraft:logs_that_burn]
[10Jul.2025 12:04:18.155] [main/DEBUG] [Chaos Awakens/]: [Tagging Block Item]: block.chaosawakens.skywood -> TagKey[minecraft:item / minecraft:logs_that_burn]
[10Jul.2025 12:04:18.155] [main/DEBUG] [Chaos Awakens/]: [Tagging Block Item]: block.chaosawakens.stripped_skywood_log -> TagKey[minecraft:item / minecraft:logs_that_burn]
[10Jul.2025 12:04:18.155] [main/DEBUG] [Chaos Awakens/]: [Tagging Block Item]: block.chaosawakens.stripped_skywood -> TagKey[minecraft:item / minecraft:logs_that_burn]
[10Jul.2025 12:04:18.155] [main/DEBUG] [Chaos Awakens/]: [Tagging Block Item]: block.chaosawakens.skywood_planks -> TagKey[minecraft:item / minecraft:planks]
[10Jul.2025 12:04:18.155] [main/DEBUG] [Chaos Awakens/]: [Tagging Block Item]: block.chaosawakens.skywood_stairs -> TagKey[minecraft:item / minecraft:wooden_stairs]
[10Jul.2025 12:04:18.155] [main/DEBUG] [Chaos Awakens/]: [Tagging Block Item]: block.chaosawakens.skywood_slab -> TagKey[minecraft:item / minecraft:wooden_slabs]
[10Jul.2025 12:04:18.155] [main/DEBUG] [Chaos Awakens/]: [Tagging Block Item]: block.chaosawakens.skywood_fence -> TagKey[minecraft:item / minecraft:wooden_fences]
[10Jul.2025 12:04:18.155] [main/DEBUG] [Chaos Awakens/]: [Tagging Block Item]: block.chaosawakens.skywood_fence_gate -> TagKey[minecraft:item / minecraft:fence_gates]
[10Jul.2025 12:04:18.155] [main/DEBUG] [Chaos Awakens/]: [Tagging Block Item]: block.chaosawakens.skywood_door -> TagKey[minecraft:item / minecraft:wooden_doors]
[10Jul.2025 12:04:18.155] [main/DEBUG] [Chaos Awakens/]: [Tagging Block Item]: block.chaosawakens.skywood_trapdoor -> TagKey[minecraft:item / minecraft:wooden_trapdoors]
[10Jul.2025 12:04:18.155] [main/DEBUG] [Chaos Awakens/]: [Tagging Block Item]: block.chaosawakens.skywood_pressure_plate -> TagKey[minecraft:item / minecraft:wooden_pressure_plates]
[10Jul.2025 12:04:18.155] [main/DEBUG] [Chaos Awakens/]: [Tagging Block Item]: block.chaosawakens.skywood_button -> TagKey[minecraft:item / minecraft:wooden_buttons]
[10Jul.2025 12:04:18.155] [main/DEBUG] [Chaos Awakens/]: [Tagging Block Item]: block.chaosawakens.apple_leaves -> TagKey[minecraft:item / minecraft:leaves]
[10Jul.2025 12:04:18.155] [main/DEBUG] [Chaos Awakens/]: [Tagging Block Item]: block.chaosawakens.densewood_leaves -> TagKey[minecraft:item / minecraft:leaves]
[10Jul.2025 12:04:18.155] [main/DEBUG] [Chaos Awakens/]: [Tagging Block Item]: block.chaosawakens.duplicator_leaves -> TagKey[minecraft:item / minecraft:leaves]
[10Jul.2025 12:04:18.155] [main/DEBUG] [Chaos Awakens/]: [Tagging Block Item]: block.chaosawakens.ginkgo_leaves -> TagKey[minecraft:item / minecraft:leaves]
[10Jul.2025 12:04:18.155] [main/DEBUG] [Chaos Awakens/]: [Tagging Block Item]: block.chaosawakens.mesozoic_leaves -> TagKey[minecraft:item / minecraft:leaves]
[10Jul.2025 12:04:18.155] [main/DEBUG] [Chaos Awakens/]: [Tagging Block Item]: block.chaosawakens.peach_leaves -> TagKey[minecraft:item / minecraft:leaves]
[10Jul.2025 12:04:18.155] [main/DEBUG] [Chaos Awakens/]: [Tagging Block Item]: block.chaosawakens.skywood_leaves -> TagKey[minecraft:item / minecraft:leaves]
[10Jul.2025 12:04:18.155] [main/DEBUG] [Chaos Awakens/]: [Tagging Block Item]: block.chaosawakens.mining_planks -> TagKey[minecraft:item / minecraft:planks]
[10Jul.2025 12:04:18.155] [main/DEBUG] [Chaos Awakens/]: [Tagging Block Item]: block.chaosawakens.mining_slab -> TagKey[minecraft:item / minecraft:wooden_slabs]
[10Jul.2025 12:04:18.155] [main/DEBUG] [Chaos Awakens/]: [Tagging Block Item]: block.chaosawakens.mining_fence -> TagKey[minecraft:item / minecraft:wooden_fences]
[10Jul.2025 12:04:18.155] [main/DEBUG] [Chaos Awakens/]: [Tagging Block Item]: block.chaosawakens.flower_stem -> TagKey[minecraft:item / chaosawakens:vegetation/flower_blocks]
[10Jul.2025 12:04:18.155] [main/DEBUG] [Chaos Awakens/]: [Tagging Block Item]: block.chaosawakens.blood_red_petal_block -> TagKey[minecraft:item / chaosawakens:vegetation/flower_blocks]
[10Jul.2025 12:04:18.155] [main/DEBUG] [Chaos Awakens/]: [Tagging Block Item]: block.chaosawakens.bright_pink_petal_block -> TagKey[minecraft:item / chaosawakens:vegetation/flower_blocks]
[10Jul.2025 12:04:18.155] [main/DEBUG] [Chaos Awakens/]: [Tagging Block Item]: block.chaosawakens.navy_blue_petal_block -> TagKey[minecraft:item / chaosawakens:vegetation/flower_blocks]
[10Jul.2025 12:04:18.155] [main/DEBUG] [Chaos Awakens/]: [Tagging Block Item]: block.chaosawakens.cyan_rose -> TagKey[minecraft:item / minecraft:flowers]
[10Jul.2025 12:04:18.155] [main/DEBUG] [Chaos Awakens/]: [Tagging Block Item]: block.chaosawakens.cyan_rose -> TagKey[minecraft:item / minecraft:small_flowers]
[10Jul.2025 12:04:18.155] [main/DEBUG] [Chaos Awakens/]: [Tagging Block Item]: block.chaosawakens.red_rose -> TagKey[minecraft:item / minecraft:flowers]
[10Jul.2025 12:04:18.155] [main/DEBUG] [Chaos Awakens/]: [Tagging Block Item]: block.chaosawakens.red_rose -> TagKey[minecraft:item / minecraft:small_flowers]
[10Jul.2025 12:04:18.155] [main/DEBUG] [Chaos Awakens/]: [Tagging Block Item]: block.chaosawakens.paeonia -> TagKey[minecraft:item / minecraft:flowers]
[10Jul.2025 12:04:18.155] [main/DEBUG] [Chaos Awakens/]: [Tagging Block Item]: block.chaosawakens.paeonia -> TagKey[minecraft:item / minecraft:small_flowers]
[10Jul.2025 12:04:18.155] [main/DEBUG] [Chaos Awakens/]: [Tagging Block Item]: block.chaosawakens.swamp_milkweed -> TagKey[minecraft:item / minecraft:flowers]
[10Jul.2025 12:04:18.155] [main/DEBUG] [Chaos Awakens/]: [Tagging Block Item]: block.chaosawakens.swamp_milkweed -> TagKey[minecraft:item / minecraft:small_flowers]
[10Jul.2025 12:04:18.155] [main/DEBUG] [Chaos Awakens/]: [Tagging Block Item]: block.chaosawakens.primrose -> TagKey[minecraft:item / minecraft:flowers]
[10Jul.2025 12:04:18.155] [main/DEBUG] [Chaos Awakens/]: [Tagging Block Item]: block.chaosawakens.primrose -> TagKey[minecraft:item / minecraft:small_flowers]
[10Jul.2025 12:04:18.155] [main/DEBUG] [Chaos Awakens/]: [Tagging Block Item]: block.chaosawakens.daisy -> TagKey[minecraft:item / minecraft:flowers]
[10Jul.2025 12:04:18.155] [main/DEBUG] [Chaos Awakens/]: [Tagging Block Item]: block.chaosawakens.daisy -> TagKey[minecraft:item / minecraft:small_flowers]
[10Jul.2025 12:04:18.155] [main/DEBUG] [Chaos Awakens/]: [Tagging Block Item]: block.chaosawakens.dense_grass_block -> TagKey[minecraft:item / minecraft:dirt]
[10Jul.2025 12:04:18.155] [main/DEBUG] [Chaos Awakens/]: [Tagging Block Item]: block.chaosawakens.dense_dirt -> TagKey[minecraft:item / minecraft:dirt]
[10Jul.2025 12:04:18.155] [main/DEBUG] [Chaos Awakens/]: [Tagging Block Item]: block.chaosawakens.dense_grass -> TagKey[minecraft:item / chaosawakens:vegetation/dense_vegetation]
[10Jul.2025 12:04:18.155] [main/DEBUG] [Chaos Awakens/]: [Tagging Block Item]: block.chaosawakens.tall_dense_grass -> TagKey[minecraft:item / chaosawakens:vegetation/dense_vegetation]
[10Jul.2025 12:04:18.155] [main/DEBUG] [Chaos Awakens/]: [Tagging Block Item]: block.chaosawakens.thorny_sun -> TagKey[minecraft:item / minecraft:tall_flowers]
[10Jul.2025 12:04:18.155] [main/DEBUG] [Chaos Awakens/]: [Tagging Block Item]: block.chaosawakens.thorny_sun -> TagKey[minecraft:item / chaosawakens:vegetation/dense_flower_blocks]
[10Jul.2025 12:04:18.155] [main/DEBUG] [Chaos Awakens/]: [Tagging Block Item]: block.chaosawakens.blue_bulb -> TagKey[minecraft:item / minecraft:flowers]
[10Jul.2025 12:04:18.155] [main/DEBUG] [Chaos Awakens/]: [Tagging Block Item]: block.chaosawakens.blue_bulb -> TagKey[minecraft:item / minecraft:small_flowers]
[10Jul.2025 12:04:18.155] [main/DEBUG] [Chaos Awakens/]: [Tagging Block Item]: block.chaosawakens.blue_bulb -> TagKey[minecraft:item / chaosawakens:vegetation/dense_flower_blocks]
[10Jul.2025 12:04:18.155] [main/DEBUG] [Chaos Awakens/]: [Tagging Block Item]: block.chaosawakens.pink_bulb -> TagKey[minecraft:item / minecraft:flowers]
[10Jul.2025 12:04:18.155] [main/DEBUG] [Chaos Awakens/]: [Tagging Block Item]: block.chaosawakens.pink_bulb -> TagKey[minecraft:item / minecraft:small_flowers]
[10Jul.2025 12:04:18.155] [main/DEBUG] [Chaos Awakens/]: [Tagging Block Item]: block.chaosawakens.pink_bulb -> TagKey[minecraft:item / chaosawakens:vegetation/dense_flower_blocks]
[10Jul.2025 12:04:18.155] [main/DEBUG] [Chaos Awakens/]: [Tagging Block Item]: block.chaosawakens.purple_bulb -> TagKey[minecraft:item / minecraft:flowers]
[10Jul.2025 12:04:18.155] [main/DEBUG] [Chaos Awakens/]: [Tagging Block Item]: block.chaosawakens.purple_bulb -> TagKey[minecraft:item / minecraft:small_flowers]
[10Jul.2025 12:04:18.155] [main/DEBUG] [Chaos Awakens/]: [Tagging Block Item]: block.chaosawakens.purple_bulb -> TagKey[minecraft:item / chaosawakens:vegetation/dense_flower_blocks]
[10Jul.2025 12:04:18.155] [main/DEBUG] [Chaos Awakens/]: [Tagging Block Item]: block.chaosawakens.dense_orchid -> TagKey[minecraft:item / minecraft:flowers]
[10Jul.2025 12:04:18.155] [main/DEBUG] [Chaos Awakens/]: [Tagging Block Item]: block.chaosawakens.dense_orchid -> TagKey[minecraft:item / minecraft:small_flowers]
[10Jul.2025 12:04:18.155] [main/DEBUG] [Chaos Awakens/]: [Tagging Block Item]: block.chaosawakens.dense_orchid -> TagKey[minecraft:item / chaosawakens:vegetation/dense_flower_blocks]
[10Jul.2025 12:04:18.155] [main/DEBUG] [Chaos Awakens/]: [Tagging Block Item]: block.chaosawakens.dense_rose -> TagKey[minecraft:item / minecraft:flowers]
[10Jul.2025 12:04:18.155] [main/DEBUG] [Chaos Awakens/]: [Tagging Block Item]: block.chaosawakens.dense_rose -> TagKey[minecraft:item / minecraft:small_flowers]
[10Jul.2025 12:04:18.155] [main/DEBUG] [Chaos Awakens/]: [Tagging Block Item]: block.chaosawakens.dense_rose -> TagKey[minecraft:item / chaosawakens:vegetation/dense_flower_blocks]
[10Jul.2025 12:04:18.155] [main/DEBUG] [Chaos Awakens/]: [Tagging Block Item]: block.chaosawakens.terra_preta -> TagKey[minecraft:item / minecraft:dirt]
[10Jul.2025 12:04:18.155] [main/DEBUG] [Chaos Awakens/]: [Tagging Block Item]: block.chaosawakens.latosol -> TagKey[minecraft:item / minecraft:dirt]
[10Jul.2025 12:04:18.156] [main/DEBUG] [Chaos Awakens/]: [Tagging Block Item]: block.chaosawakens.alstroemeriat -> TagKey[minecraft:item / minecraft:tall_flowers]
[10Jul.2025 12:04:18.156] [main/DEBUG] [Chaos Awakens/]: [Tagging Block Item]: block.chaosawakens.alstroemeriat -> TagKey[minecraft:item / chaosawakens:vegetation/dense_flower_blocks]
[10Jul.2025 12:04:18.156] [main/DEBUG] [Chaos Awakens/]: [Tagging Block Item]: block.chaosawakens.bush -> TagKey[minecraft:item / chaosawakens:vegetation/dense_vegetation]
[10Jul.2025 12:04:18.156] [main/DEBUG] [Chaos Awakens/]: [Tagging Block Item]: block.chaosawakens.tall_bush -> TagKey[minecraft:item / chaosawakens:vegetation/dense_vegetation]
[10Jul.2025 12:04:18.156] [main/DEBUG] [Chaos Awakens/]: [Tagging Block Item]: block.chaosawakens.small_carnivorous_plant -> TagKey[minecraft:item / minecraft:flowers]
[10Jul.2025 12:04:18.156] [main/DEBUG] [Chaos Awakens/]: [Tagging Block Item]: block.chaosawakens.small_carnivorous_plant -> TagKey[minecraft:item / chaosawakens:vegetation/dense_flower_blocks]
[10Jul.2025 12:04:18.156] [main/DEBUG] [Chaos Awakens/]: [Tagging Block Item]: block.chaosawakens.big_carnivorous_plant -> TagKey[minecraft:item / minecraft:flowers]
[10Jul.2025 12:04:18.156] [main/DEBUG] [Chaos Awakens/]: [Tagging Block Item]: block.chaosawakens.big_carnivorous_plant -> TagKey[minecraft:item / chaosawakens:vegetation/dense_flower_blocks]
[10Jul.2025 12:04:18.156] [main/DEBUG] [Chaos Awakens/]: [Tagging Block Item]: block.chaosawakens.dense_bush -> TagKey[minecraft:item / chaosawakens:vegetation/dense_vegetation]
[10Jul.2025 12:04:18.156] [main/DEBUG] [Chaos Awakens/]: [Tagging Block Item]: block.chaosawakens.tall_dense_bush -> TagKey[minecraft:item / chaosawakens:vegetation/dense_vegetation]
[10Jul.2025 12:04:18.156] [main/DEBUG] [Chaos Awakens/]: [Tagging Block Item]: block.chaosawakens.horsetail_restio -> TagKey[minecraft:item / chaosawakens:vegetation/dense_vegetation]
[10Jul.2025 12:04:18.156] [main/DEBUG] [Chaos Awakens/]: [Tagging Block Item]: block.chaosawakens.king_protea -> TagKey[minecraft:item / chaosawakens:vegetation/dense_vegetation]
[10Jul.2025 12:04:18.156] [main/DEBUG] [Chaos Awakens/]: [Tagging Block Item]: block.chaosawakens.luminara_petal -> TagKey[minecraft:item / minecraft:flowers]
[10Jul.2025 12:04:18.156] [main/DEBUG] [Chaos Awakens/]: [Tagging Block Item]: block.chaosawakens.luminara_petal -> TagKey[minecraft:item / minecraft:small_flowers]
[10Jul.2025 12:04:18.156] [main/DEBUG] [Chaos Awakens/]: [Tagging Block Item]: block.chaosawakens.luminara_petal -> TagKey[minecraft:item / chaosawakens:vegetation/dense_flower_blocks]
[10Jul.2025 12:04:18.156] [main/DEBUG] [Chaos Awakens/]: [Tagging Block Item]: block.chaosawakens.crystal_grass -> TagKey[minecraft:item / chaosawakens:vegetation/crystal_vegetation]
[10Jul.2025 12:04:18.156] [main/DEBUG] [Chaos Awakens/]: [Tagging Block Item]: block.chaosawakens.tall_crystal_grass -> TagKey[minecraft:item / chaosawakens:vegetation/crystal_vegetation]
[10Jul.2025 12:04:18.156] [main/DEBUG] [Chaos Awakens/]: [Tagging Block Item]: block.chaosawakens.black_crystal_growth -> TagKey[minecraft:item / chaosawakens:vegetation/crystal_vegetation]
[10Jul.2025 12:04:18.156] [main/DEBUG] [Chaos Awakens/]: [Tagging Block Item]: block.chaosawakens.brown_crystal_growth -> TagKey[minecraft:item / chaosawakens:vegetation/crystal_vegetation]
[10Jul.2025 12:04:18.156] [main/DEBUG] [Chaos Awakens/]: [Tagging Block Item]: block.chaosawakens.green_crystal_growth -> TagKey[minecraft:item / chaosawakens:vegetation/crystal_vegetation]
[10Jul.2025 12:04:18.156] [main/DEBUG] [Chaos Awakens/]: [Tagging Block Item]: block.chaosawakens.pink_crystal_growth -> TagKey[minecraft:item / chaosawakens:vegetation/crystal_vegetation]
[10Jul.2025 12:04:18.156] [main/DEBUG] [Chaos Awakens/]: [Tagging Block Item]: block.chaosawakens.purple_crystal_growth -> TagKey[minecraft:item / chaosawakens:vegetation/crystal_vegetation]
[10Jul.2025 12:04:18.156] [main/DEBUG] [Chaos Awakens/]: [Tagging Block Item]: block.chaosawakens.yellow_crystal_growth -> TagKey[minecraft:item / chaosawakens:vegetation/crystal_vegetation]
[10Jul.2025 12:04:18.156] [main/DEBUG] [Chaos Awakens/]: [Tagging Block Item]: block.chaosawakens.blue_crystal_flower -> TagKey[minecraft:item / chaosawakens:vegetation/crystal_flower_blocks]
[10Jul.2025 12:04:18.156] [main/DEBUG] [Chaos Awakens/]: [Tagging Block Item]: block.chaosawakens.green_crystal_flower -> TagKey[minecraft:item / chaosawakens:vegetation/crystal_flower_blocks]
[10Jul.2025 12:04:18.156] [main/DEBUG] [Chaos Awakens/]: [Tagging Block Item]: block.chaosawakens.orange_crystal_flower -> TagKey[minecraft:item / chaosawakens:vegetation/crystal_flower_blocks]
[10Jul.2025 12:04:18.156] [main/DEBUG] [Chaos Awakens/]: [Tagging Block Item]: block.chaosawakens.pink_crystal_flower -> TagKey[minecraft:item / chaosawakens:vegetation/crystal_flower_blocks]
[10Jul.2025 12:04:18.156] [main/DEBUG] [Chaos Awakens/]: [Tagging Block Item]: block.chaosawakens.red_crystal_flower -> TagKey[minecraft:item / chaosawakens:vegetation/crystal_flower_blocks]
[10Jul.2025 12:04:18.156] [main/DEBUG] [Chaos Awakens/]: [Tagging Block Item]: block.chaosawakens.yellow_crystal_flower -> TagKey[minecraft:item / chaosawakens:vegetation/crystal_flower_blocks]
[10Jul.2025 12:04:18.156] [main/DEBUG] [Chaos Awakens/]: [Tagging Block Item]: block.chaosawakens.crystalized_crystal_apple_cow_kyanite -> TagKey[minecraft:item / chaosawakens:fossils/kyanite/chaosawakens]
[10Jul.2025 12:04:18.156] [main/DEBUG] [Chaos Awakens/]: [Tagging Block Item]: block.chaosawakens.crystalized_crystal_carrot_pig_kyanite -> TagKey[minecraft:item / chaosawakens:fossils/kyanite/chaosawakens]
[10Jul.2025 12:04:18.156] [main/DEBUG] [Chaos Awakens/]: [Tagging Block Item]: block.chaosawakens.crystalized_crystal_gator_kyanite -> TagKey[minecraft:item / chaosawakens:fossils/kyanite/chaosawakens]
[10Jul.2025 12:04:18.156] [main/DEBUG] [Chaos Awakens/]: [Tagging Block Item]: block.chaosawakens.fossilized_enderman_end_stone -> TagKey[minecraft:item / chaosawakens:fossils/end_stone/vanilla]
[10Jul.2025 12:04:18.156] [main/DEBUG] [Chaos Awakens/]: [Tagging Block Item]: block.chaosawakens.fossilized_endermite_end_stone -> TagKey[minecraft:item / chaosawakens:fossils/end_stone/vanilla]
[10Jul.2025 12:04:18.156] [main/DEBUG] [Chaos Awakens/]: [Tagging Block Item]: block.chaosawakens.fossilized_shulker_end_stone -> TagKey[minecraft:item / chaosawakens:fossils/end_stone/vanilla]
[10Jul.2025 12:04:18.156] [main/DEBUG] [Chaos Awakens/]: [Tagging Block Item]: block.chaosawakens.frozen_arctic_fox_ice -> TagKey[minecraft:item / chaosawakens:fossils/ice/vanilla]
[10Jul.2025 12:04:18.156] [main/DEBUG] [Chaos Awakens/]: [Tagging Block Item]: block.chaosawakens.frozen_polar_bear_ice -> TagKey[minecraft:item / chaosawakens:fossils/ice/vanilla]
[10Jul.2025 12:04:18.156] [main/DEBUG] [Chaos Awakens/]: [Tagging Block Item]: block.chaosawakens.frozen_snow_golem_ice -> TagKey[minecraft:item / chaosawakens:fossils/ice/vanilla]
[10Jul.2025 12:04:18.156] [main/DEBUG] [Chaos Awakens/]: [Tagging Block Item]: block.chaosawakens.frozen_stray_ice -> TagKey[minecraft:item / chaosawakens:fossils/ice/vanilla]
[10Jul.2025 12:04:18.156] [main/DEBUG] [Chaos Awakens/]: [Tagging Block Item]: block.chaosawakens.fossilized_greenfish_gravel -> TagKey[minecraft:item / chaosawakens:fossils/gravel/chaosawakens]
[10Jul.2025 12:04:18.156] [main/DEBUG] [Chaos Awakens/]: [Tagging Block Item]: block.chaosawakens.fossilized_rock_fish_gravel -> TagKey[minecraft:item / chaosawakens:fossils/gravel/chaosawakens]
[10Jul.2025 12:04:18.156] [main/DEBUG] [Chaos Awakens/]: [Tagging Block Item]: block.chaosawakens.fossilized_spark_fish_gravel -> TagKey[minecraft:item / chaosawakens:fossils/gravel/chaosawakens]
[10Jul.2025 12:04:18.156] [main/DEBUG] [Chaos Awakens/]: [Tagging Block Item]: block.chaosawakens.fossilized_woodfish_gravel -> TagKey[minecraft:item / chaosawakens:fossils/gravel/chaosawakens]
[10Jul.2025 12:04:18.156] [main/DEBUG] [Chaos Awakens/]: [Tagging Block Item]: block.chaosawakens.fossilized_cod_gravel -> TagKey[minecraft:item / chaosawakens:fossils/gravel/vanilla]
[10Jul.2025 12:04:18.156] [main/DEBUG] [Chaos Awakens/]: [Tagging Block Item]: block.chaosawakens.fossilized_dolphin_gravel -> TagKey[minecraft:item / chaosawakens:fossils/gravel/vanilla]
[10Jul.2025 12:04:18.156] [main/DEBUG] [Chaos Awakens/]: [Tagging Block Item]: block.chaosawakens.fossilized_drowned_gravel -> TagKey[minecraft:item / chaosawakens:fossils/gravel/vanilla]
[10Jul.2025 12:04:18.156] [main/DEBUG] [Chaos Awakens/]: [Tagging Block Item]: block.chaosawakens.fossilized_glow_squid_gravel -> TagKey[minecraft:item / chaosawakens:fossils/gravel/vanilla]
[10Jul.2025 12:04:18.156] [main/DEBUG] [Chaos Awakens/]: [Tagging Block Item]: block.chaosawakens.fossilized_guardian_gravel -> TagKey[minecraft:item / chaosawakens:fossils/gravel/vanilla]
[10Jul.2025 12:04:18.156] [main/DEBUG] [Chaos Awakens/]: [Tagging Block Item]: block.chaosawakens.fossilized_pufferfish_gravel -> TagKey[minecraft:item / chaosawakens:fossils/gravel/vanilla]
[10Jul.2025 12:04:18.156] [main/DEBUG] [Chaos Awakens/]: [Tagging Block Item]: block.chaosawakens.fossilized_salmon_gravel -> TagKey[minecraft:item / chaosawakens:fossils/gravel/vanilla]
[10Jul.2025 12:04:18.156] [main/DEBUG] [Chaos Awakens/]: [Tagging Block Item]: block.chaosawakens.fossilized_squid_gravel -> TagKey[minecraft:item / chaosawakens:fossils/gravel/vanilla]
[10Jul.2025 12:04:18.156] [main/DEBUG] [Chaos Awakens/]: [Tagging Block Item]: block.chaosawakens.fossilized_tropical_fish_gravel -> TagKey[minecraft:item / chaosawakens:fossils/gravel/vanilla]
[10Jul.2025 12:04:18.156] [main/DEBUG] [Chaos Awakens/]: [Tagging Block Item]: block.chaosawakens.fossilized_turtle_gravel -> TagKey[minecraft:item / chaosawakens:fossils/gravel/vanilla]
[10Jul.2025 12:04:18.156] [main/DEBUG] [Chaos Awakens/]: [Tagging Block Item]: block.chaosawakens.fossilized_drowned_sand -> TagKey[minecraft:item / chaosawakens:fossils/sand/vanilla]
[10Jul.2025 12:04:18.156] [main/DEBUG] [Chaos Awakens/]: [Tagging Block Item]: block.chaosawakens.fossilized_husk_sandstone -> TagKey[minecraft:item / chaosawakens:fossils/sandstone/vanilla]
[10Jul.2025 12:04:18.156] [main/DEBUG] [Chaos Awakens/]: [Tagging Block Item]: block.chaosawakens.fossilized_crimson_ent_netherrack -> TagKey[minecraft:item / chaosawakens:fossils/stone/chaosawakens]
[10Jul.2025 12:04:18.156] [main/DEBUG] [Chaos Awakens/]: [Tagging Block Item]: block.chaosawakens.fossilized_lava_eel_netherrack -> TagKey[minecraft:item / chaosawakens:fossils/stone/chaosawakens]
[10Jul.2025 12:04:18.156] [main/DEBUG] [Chaos Awakens/]: [Tagging Block Item]: block.chaosawakens.fossilized_blaze_netherrack -> TagKey[minecraft:item / chaosawakens:fossils/netherrack/vanilla]
[10Jul.2025 12:04:18.156] [main/DEBUG] [Chaos Awakens/]: [Tagging Block Item]: block.chaosawakens.fossilized_enderman_netherrack -> TagKey[minecraft:item / chaosawakens:fossils/netherrack/vanilla]
[10Jul.2025 12:04:18.156] [main/DEBUG] [Chaos Awakens/]: [Tagging Block Item]: block.chaosawakens.fossilized_frog_netherrack -> TagKey[minecraft:item / chaosawakens:fossils/netherrack/vanilla]
[10Jul.2025 12:04:18.156] [main/DEBUG] [Chaos Awakens/]: [Tagging Block Item]: block.chaosawakens.fossilized_ghast_netherrack -> TagKey[minecraft:item / chaosawakens:fossils/netherrack/vanilla]
[10Jul.2025 12:04:18.156] [main/DEBUG] [Chaos Awakens/]: [Tagging Block Item]: block.chaosawakens.fossilized_hoglin_netherrack -> TagKey[minecraft:item / chaosawakens:fossils/netherrack/vanilla]
[10Jul.2025 12:04:18.156] [main/DEBUG] [Chaos Awakens/]: [Tagging Block Item]: block.chaosawakens.fossilized_magma_cube_netherrack -> TagKey[minecraft:item / chaosawakens:fossils/netherrack/vanilla]
[10Jul.2025 12:04:18.156] [main/DEBUG] [Chaos Awakens/]: [Tagging Block Item]: block.chaosawakens.fossilized_piglin_netherrack -> TagKey[minecraft:item / chaosawakens:fossils/netherrack/vanilla]
[10Jul.2025 12:04:18.156] [main/DEBUG] [Chaos Awakens/]: [Tagging Block Item]: block.chaosawakens.fossilized_strider_netherrack -> TagKey[minecraft:item / chaosawakens:fossils/netherrack/vanilla]
[10Jul.2025 12:04:18.156] [main/DEBUG] [Chaos Awakens/]: [Tagging Block Item]: block.chaosawakens.fossilized_warped_ent_netherrack -> TagKey[minecraft:item / chaosawakens:fossils/netherrack/vanilla]
[10Jul.2025 12:04:18.156] [main/DEBUG] [Chaos Awakens/]: [Tagging Block Item]: block.chaosawakens.fossilized_wither_skeleton_netherrack -> TagKey[minecraft:item / chaosawakens:fossils/netherrack/vanilla]
[10Jul.2025 12:04:18.156] [main/DEBUG] [Chaos Awakens/]: [Tagging Block Item]: block.chaosawakens.fossilized_zombified_piglin_netherrack -> TagKey[minecraft:item / chaosawakens:fossils/netherrack/vanilla]
[10Jul.2025 12:04:18.156] [main/DEBUG] [Chaos Awakens/]: [Tagging Block Item]: block.chaosawakens.fossilized_magma_cube_blackstone -> TagKey[minecraft:item / chaosawakens:fossils/blackstone/vanilla]
[10Jul.2025 12:04:18.156] [main/DEBUG] [Chaos Awakens/]: [Tagging Block Item]: block.chaosawakens.fossilized_skeleton_soul_soil -> TagKey[minecraft:item / chaosawakens:fossils/soul_soil/vanilla]
[10Jul.2025 12:04:18.156] [main/DEBUG] [Chaos Awakens/]: [Tagging Block Item]: block.chaosawakens.fossilized_acacia_ent_stone -> TagKey[minecraft:item / chaosawakens:fossils/stone/chaosawakens]
[10Jul.2025 12:04:18.156] [main/DEBUG] [Chaos Awakens/]: [Tagging Block Item]: block.chaosawakens.fossilized_apple_cow_stone -> TagKey[minecraft:item / chaosawakens:fossils/stone/chaosawakens]
[10Jul.2025 12:04:18.156] [main/DEBUG] [Chaos Awakens/]: [Tagging Block Item]: block.chaosawakens.fossilized_apple_ent_stone -> TagKey[minecraft:item / chaosawakens:fossils/stone/chaosawakens]
[10Jul.2025 12:04:18.156] [main/DEBUG] [Chaos Awakens/]: [Tagging Block Item]: block.chaosawakens.fossilized_beaver_stone -> TagKey[minecraft:item / chaosawakens:fossils/stone/chaosawakens]
[10Jul.2025 12:04:18.156] [main/DEBUG] [Chaos Awakens/]: [Tagging Block Item]: block.chaosawakens.fossilized_birch_ent_stone -> TagKey[minecraft:item / chaosawakens:fossils/stone/chaosawakens]
[10Jul.2025 12:04:18.156] [main/DEBUG] [Chaos Awakens/]: [Tagging Block Item]: block.chaosawakens.fossilized_bird_stone -> TagKey[minecraft:item / chaosawakens:fossils/stone/chaosawakens]
[10Jul.2025 12:04:18.156] [main/DEBUG] [Chaos Awakens/]: [Tagging Block Item]: block.chaosawakens.fossilized_carrot_pig_stone -> TagKey[minecraft:item / chaosawakens:fossils/stone/chaosawakens]
[10Jul.2025 12:04:18.156] [main/DEBUG] [Chaos Awakens/]: [Tagging Block Item]: block.chaosawakens.fossilized_cherry_ent_stone -> TagKey[minecraft:item / chaosawakens:fossils/stone/chaosawakens]
[10Jul.2025 12:04:18.156] [main/DEBUG] [Chaos Awakens/]: [Tagging Block Item]: block.chaosawakens.fossilized_dark_oak_ent_stone -> TagKey[minecraft:item / chaosawakens:fossils/stone/chaosawakens]
[10Jul.2025 12:04:18.156] [main/DEBUG] [Chaos Awakens/]: [Tagging Block Item]: block.chaosawakens.fossilized_dimetrodon_stone -> TagKey[minecraft:item / chaosawakens:fossils/stone/chaosawakens]
[10Jul.2025 12:04:18.156] [main/DEBUG] [Chaos Awakens/]: [Tagging Block Item]: block.chaosawakens.fossilized_emerald_gator_stone -> TagKey[minecraft:item / chaosawakens:fossils/stone/chaosawakens]
[10Jul.2025 12:04:18.156] [main/DEBUG] [Chaos Awakens/]: [Tagging Block Item]: block.chaosawakens.fossilized_firefly_stone -> TagKey[minecraft:item / chaosawakens:fossils/stone/chaosawakens]
[10Jul.2025 12:04:18.156] [main/DEBUG] [Chaos Awakens/]: [Tagging Block Item]: block.chaosawakens.fossilized_gazelle_stone -> TagKey[minecraft:item / chaosawakens:fossils/stone/chaosawakens]
[10Jul.2025 12:04:18.156] [main/DEBUG] [Chaos Awakens/]: [Tagging Block Item]: block.chaosawakens.fossilized_golden_apple_cow_stone -> TagKey[minecraft:item / chaosawakens:fossils/stone/chaosawakens]
[10Jul.2025 12:04:18.156] [main/DEBUG] [Chaos Awakens/]: [Tagging Block Item]: block.chaosawakens.fossilized_golden_carrot_pig_stone -> TagKey[minecraft:item / chaosawakens:fossils/stone/chaosawakens]
[10Jul.2025 12:04:18.156] [main/DEBUG] [Chaos Awakens/]: [Tagging Block Item]: block.chaosawakens.fossilized_hercules_beetle_stone -> TagKey[minecraft:item / chaosawakens:fossils/stone/chaosawakens]
[10Jul.2025 12:04:18.156] [main/DEBUG] [Chaos Awakens/]: [Tagging Block Item]: block.chaosawakens.fossilized_jungle_ent_stone -> TagKey[minecraft:item / chaosawakens:fossils/stone/chaosawakens]
[10Jul.2025 12:04:18.156] [main/DEBUG] [Chaos Awakens/]: [Tagging Block Item]: block.chaosawakens.fossilized_lettuce_chicken_stone -> TagKey[minecraft:item / chaosawakens:fossils/stone/chaosawakens]
[10Jul.2025 12:04:18.156] [main/DEBUG] [Chaos Awakens/]: [Tagging Block Item]: block.chaosawakens.fossilized_mantis_stone -> TagKey[minecraft:item / chaosawakens:fossils/stone/chaosawakens]
[10Jul.2025 12:04:18.156] [main/DEBUG] [Chaos Awakens/]: [Tagging Block Item]: block.chaosawakens.fossilized_mosquito_stone -> TagKey[minecraft:item / chaosawakens:fossils/stone/chaosawakens]
[10Jul.2025 12:04:18.156] [main/DEBUG] [Chaos Awakens/]: [Tagging Block Item]: block.chaosawakens.fossilized_moth_stone -> TagKey[minecraft:item / chaosawakens:fossils/stone/chaosawakens]
[10Jul.2025 12:04:18.156] [main/DEBUG] [Chaos Awakens/]: [Tagging Block Item]: block.chaosawakens.fossilized_oak_ent_stone -> TagKey[minecraft:item / chaosawakens:fossils/stone/chaosawakens]
[10Jul.2025 12:04:18.156] [main/DEBUG] [Chaos Awakens/]: [Tagging Block Item]: block.chaosawakens.fossilized_ostrich_stone -> TagKey[minecraft:item / chaosawakens:fossils/stone/chaosawakens]
[10Jul.2025 12:04:18.156] [main/DEBUG] [Chaos Awakens/]: [Tagging Block Item]: block.chaosawakens.fossilized_peach_ent_stone -> TagKey[minecraft:item / chaosawakens:fossils/stone/chaosawakens]
[10Jul.2025 12:04:18.156] [main/DEBUG] [Chaos Awakens/]: [Tagging Block Item]: block.chaosawakens.fossilized_ruby_bug_stone -> TagKey[minecraft:item / chaosawakens:fossils/stone/chaosawakens]
[10Jul.2025 12:04:18.156] [main/DEBUG] [Chaos Awakens/]: [Tagging Block Item]: block.chaosawakens.fossilized_scorpion_stone -> TagKey[minecraft:item / chaosawakens:fossils/stone/chaosawakens]
[10Jul.2025 12:04:18.156] [main/DEBUG] [Chaos Awakens/]: [Tagging Block Item]: block.chaosawakens.fossilized_spruce_ent_stone -> TagKey[minecraft:item / chaosawakens:fossils/stone/chaosawakens]
[10Jul.2025 12:04:18.156] [main/DEBUG] [Chaos Awakens/]: [Tagging Block Item]: block.chaosawakens.fossilized_bat_stone -> TagKey[minecraft:item / chaosawakens:fossils/stone/vanilla]
[10Jul.2025 12:04:18.156] [main/DEBUG] [Chaos Awakens/]: [Tagging Block Item]: block.chaosawakens.fossilized_bee_stone -> TagKey[minecraft:item / chaosawakens:fossils/stone/vanilla]
[10Jul.2025 12:04:18.156] [main/DEBUG] [Chaos Awakens/]: [Tagging Block Item]: block.chaosawakens.fossilized_cat_stone -> TagKey[minecraft:item / chaosawakens:fossils/stone/vanilla]
[10Jul.2025 12:04:18.156] [main/DEBUG] [Chaos Awakens/]: [Tagging Block Item]: block.chaosawakens.fossilized_cave_spider_stone -> TagKey[minecraft:item / chaosawakens:fossils/stone/vanilla]
[10Jul.2025 12:04:18.156] [main/DEBUG] [Chaos Awakens/]: [Tagging Block Item]: block.chaosawakens.fossilized_chicken_stone -> TagKey[minecraft:item / chaosawakens:fossils/stone/vanilla]
[10Jul.2025 12:04:18.156] [main/DEBUG] [Chaos Awakens/]: [Tagging Block Item]: block.chaosawakens.fossilized_cow_stone -> TagKey[minecraft:item / chaosawakens:fossils/stone/vanilla]
[10Jul.2025 12:04:18.156] [main/DEBUG] [Chaos Awakens/]: [Tagging Block Item]: block.chaosawakens.fossilized_creeper_stone -> TagKey[minecraft:item / chaosawakens:fossils/stone/vanilla]
[10Jul.2025 12:04:18.156] [main/DEBUG] [Chaos Awakens/]: [Tagging Block Item]: block.chaosawakens.fossilized_donkey_stone -> TagKey[minecraft:item / chaosawakens:fossils/stone/vanilla]
[10Jul.2025 12:04:18.156] [main/DEBUG] [Chaos Awakens/]: [Tagging Block Item]: block.chaosawakens.fossilized_enderman_stone -> TagKey[minecraft:item / chaosawakens:fossils/stone/vanilla]
[10Jul.2025 12:04:18.156] [main/DEBUG] [Chaos Awakens/]: [Tagging Block Item]: block.chaosawakens.fossilized_evoker_stone -> TagKey[minecraft:item / chaosawakens:fossils/stone/vanilla]
[10Jul.2025 12:04:18.156] [main/DEBUG] [Chaos Awakens/]: [Tagging Block Item]: block.chaosawakens.fossilized_fox_stone -> TagKey[minecraft:item / chaosawakens:fossils/stone/vanilla]
[10Jul.2025 12:04:18.156] [main/DEBUG] [Chaos Awakens/]: [Tagging Block Item]: block.chaosawakens.fossilized_frog_stone -> TagKey[minecraft:item / chaosawakens:fossils/stone/vanilla]
[10Jul.2025 12:04:18.156] [main/DEBUG] [Chaos Awakens/]: [Tagging Block Item]: block.chaosawakens.fossilized_horse_stone -> TagKey[minecraft:item / chaosawakens:fossils/stone/vanilla]
[10Jul.2025 12:04:18.156] [main/DEBUG] [Chaos Awakens/]: [Tagging Block Item]: block.chaosawakens.fossilized_husk_stone_stone -> TagKey[minecraft:item / chaosawakens:fossils/stone/vanilla]
[10Jul.2025 12:04:18.156] [main/DEBUG] [Chaos Awakens/]: [Tagging Block Item]: block.chaosawakens.fossilized_llama_stone -> TagKey[minecraft:item / chaosawakens:fossils/stone/vanilla]
[10Jul.2025 12:04:18.156] [main/DEBUG] [Chaos Awakens/]: [Tagging Block Item]: block.chaosawakens.fossilized_mooshroom_stone -> TagKey[minecraft:item / chaosawakens:fossils/stone/vanilla]
[10Jul.2025 12:04:18.156] [main/DEBUG] [Chaos Awakens/]: [Tagging Block Item]: block.chaosawakens.fossilized_ocelot_stone -> TagKey[minecraft:item / chaosawakens:fossils/stone/vanilla]
[10Jul.2025 12:04:18.156] [main/DEBUG] [Chaos Awakens/]: [Tagging Block Item]: block.chaosawakens.fossilized_panda_stone -> TagKey[minecraft:item / chaosawakens:fossils/stone/vanilla]
[10Jul.2025 12:04:18.157] [main/DEBUG] [Chaos Awakens/]: [Tagging Block Item]: block.chaosawakens.fossilized_parrot_stone -> TagKey[minecraft:item / chaosawakens:fossils/stone/vanilla]
[10Jul.2025 12:04:18.157] [main/DEBUG] [Chaos Awakens/]: [Tagging Block Item]: block.chaosawakens.fossilized_phantom_stone -> TagKey[minecraft:item / chaosawakens:fossils/stone/vanilla]
[10Jul.2025 12:04:18.157] [main/DEBUG] [Chaos Awakens/]: [Tagging Block Item]: block.chaosawakens.fossilized_pig_stone -> TagKey[minecraft:item / chaosawakens:fossils/stone/vanilla]
[10Jul.2025 12:04:18.157] [main/DEBUG] [Chaos Awakens/]: [Tagging Block Item]: block.chaosawakens.fossilized_pillager_stone -> TagKey[minecraft:item / chaosawakens:fossils/stone/vanilla]
[10Jul.2025 12:04:18.157] [main/DEBUG] [Chaos Awakens/]: [Tagging Block Item]: block.chaosawakens.fossilized_polar_bear_stone -> TagKey[minecraft:item / chaosawakens:fossils/stone/vanilla]
[10Jul.2025 12:04:18.157] [main/DEBUG] [Chaos Awakens/]: [Tagging Block Item]: block.chaosawakens.fossilized_rabbit_stone -> TagKey[minecraft:item / chaosawakens:fossils/stone/vanilla]
[10Jul.2025 12:04:18.157] [main/DEBUG] [Chaos Awakens/]: [Tagging Block Item]: block.chaosawakens.fossilized_ravager_stone -> TagKey[minecraft:item / chaosawakens:fossils/stone/vanilla]
[10Jul.2025 12:04:18.157] [main/DEBUG] [Chaos Awakens/]: [Tagging Block Item]: block.chaosawakens.fossilized_sheep_stone -> TagKey[minecraft:item / chaosawakens:fossils/stone/vanilla]
[10Jul.2025 12:04:18.157] [main/DEBUG] [Chaos Awakens/]: [Tagging Block Item]: block.chaosawakens.fossilized_skeleton_stone -> TagKey[minecraft:item / chaosawakens:fossils/stone/vanilla]
[10Jul.2025 12:04:18.157] [main/DEBUG] [Chaos Awakens/]: [Tagging Block Item]: block.chaosawakens.fossilized_skeleton_horse_stone -> TagKey[minecraft:item / chaosawakens:fossils/stone/vanilla]
[10Jul.2025 12:04:18.157] [main/DEBUG] [Chaos Awakens/]: [Tagging Block Item]: block.chaosawakens.fossilized_slime_stone -> TagKey[minecraft:item / chaosawakens:fossils/stone/vanilla]
[10Jul.2025 12:04:18.157] [main/DEBUG] [Chaos Awakens/]: [Tagging Block Item]: block.chaosawakens.fossilized_spider_stone -> TagKey[minecraft:item / chaosawakens:fossils/stone/vanilla]
[10Jul.2025 12:04:18.157] [main/DEBUG] [Chaos Awakens/]: [Tagging Block Item]: block.chaosawakens.fossilized_villager_stone -> TagKey[minecraft:item / chaosawakens:fossils/stone/vanilla]
[10Jul.2025 12:04:18.157] [main/DEBUG] [Chaos Awakens/]: [Tagging Block Item]: block.chaosawakens.fossilized_vindicator_stone -> TagKey[minecraft:item / chaosawakens:fossils/stone/vanilla]
[10Jul.2025 12:04:18.157] [main/DEBUG] [Chaos Awakens/]: [Tagging Block Item]: block.chaosawakens.fossilized_wandering_trader_stone -> TagKey[minecraft:item / chaosawakens:fossils/stone/vanilla]
[10Jul.2025 12:04:18.157] [main/DEBUG] [Chaos Awakens/]: [Tagging Block Item]: block.chaosawakens.fossilized_wasp_stone -> TagKey[minecraft:item / chaosawakens:fossils/stone/vanilla]
[10Jul.2025 12:04:18.157] [main/DEBUG] [Chaos Awakens/]: [Tagging Block Item]: block.chaosawakens.fossilized_witch_stone -> TagKey[minecraft:item / chaosawakens:fossils/stone/vanilla]
[10Jul.2025 12:04:18.157] [main/DEBUG] [Chaos Awakens/]: [Tagging Block Item]: block.chaosawakens.fossilized_wolf_stone -> TagKey[minecraft:item / chaosawakens:fossils/stone/vanilla]
[10Jul.2025 12:04:18.157] [main/DEBUG] [Chaos Awakens/]: [Tagging Block Item]: block.chaosawakens.fossilized_zombie_stone -> TagKey[minecraft:item / chaosawakens:fossils/stone/vanilla]
[10Jul.2025 12:04:18.157] [main/DEBUG] [Chaos Awakens/]: [Tagging Block Item]: block.chaosawakens.fossilized_zombie_horse_stone -> TagKey[minecraft:item / chaosawakens:fossils/stone/vanilla]
[10Jul.2025 12:04:18.157] [main/DEBUG] [Chaos Awakens/]: [Tagging Block Item]: block.chaosawakens.fossilized_zombie_villager_stone -> TagKey[minecraft:item / chaosawakens:fossils/stone/vanilla]
[10Jul.2025 12:04:18.157] [main/DEBUG] [Chaos Awakens/]: [Tagging Block Item]: block.chaosawakens.fossilized_warden_deepslate -> TagKey[minecraft:item / chaosawakens:fossils/deepslate]
[10Jul.2025 12:04:18.158] [main/DEBUG] [Chaos Awakens/]: [Tagging Item Tag]: TagKey[minecraft:item / chaosawakens:wood/logs/apple_logs] -> TagKey[minecraft:item / minecraft:logs_that_burn]
[10Jul.2025 12:04:18.158] [main/DEBUG] [Chaos Awakens/]: [Tagging Item Tag]: TagKey[minecraft:item / chaosawakens:wood/logs/dead_duplicator_logs] -> TagKey[minecraft:item / minecraft:logs_that_burn]
[10Jul.2025 12:04:18.158] [main/DEBUG] [Chaos Awakens/]: [Tagging Item Tag]: TagKey[minecraft:item / chaosawakens:wood/logs/dead_duplicator_logs] -> TagKey[minecraft:item / chaosawakens:wood/logs/duplicator_logs]
[10Jul.2025 12:04:18.158] [main/DEBUG] [Chaos Awakens/]: [Tagging Item Tag]: TagKey[minecraft:item / chaosawakens:wood/logs/duplicator_logs] -> TagKey[minecraft:item / minecraft:logs_that_burn]
[10Jul.2025 12:04:18.158] [main/DEBUG] [Chaos Awakens/]: [Tagging Item Tag]: TagKey[minecraft:item / chaosawakens:wood/logs/peach_logs] -> TagKey[minecraft:item / minecraft:logs_that_burn]
[10Jul.2025 12:04:18.158] [main/DEBUG] [Chaos Awakens/]: [Tagging Item Tag]: TagKey[minecraft:item / chaosawakens:wood/logs/skywood_logs] -> TagKey[minecraft:item / minecraft:logs_that_burn]
[10Jul.2025 12:04:18.158] [main/DEBUG] [Chaos Awakens/]: [Tagging Item Tag]: TagKey[minecraft:item / chaosawakens:wood/logs/ginkgo_logs] -> TagKey[minecraft:item / minecraft:logs_that_burn]
[10Jul.2025 12:04:18.158] [main/DEBUG] [Chaos Awakens/]: [Tagging Item Tag]: TagKey[minecraft:item / chaosawakens:wood/logs/mesozoic_logs] -> TagKey[minecraft:item / minecraft:logs_that_burn]
[10Jul.2025 12:04:18.158] [main/DEBUG] [Chaos Awakens/]: [Tagging Item Tag]: TagKey[minecraft:item / chaosawakens:wood/logs/densewood_logs] -> TagKey[minecraft:item / minecraft:logs_that_burn]
[10Jul.2025 12:04:18.158] [main/DEBUG] [Chaos Awakens/]: [Tagging Item Tag]: TagKey[minecraft:item / chaosawakens:fossils/stone/vanilla] -> TagKey[minecraft:item / chaosawakens:fossils/stone]
[10Jul.2025 12:04:18.158] [main/DEBUG] [Chaos Awakens/]: [Tagging Item Tag]: TagKey[minecraft:item / chaosawakens:fossils/stone/chaosawakens] -> TagKey[minecraft:item / chaosawakens:fossils/stone]
[10Jul.2025 12:04:18.158] [main/DEBUG] [Chaos Awakens/]: [Tagging Item Tag]: TagKey[minecraft:item / chaosawakens:fossils/deepslate/vanilla] -> TagKey[minecraft:item / chaosawakens:fossils/deepslate]
[10Jul.2025 12:04:18.158] [main/DEBUG] [Chaos Awakens/]: [Tagging Item Tag]: TagKey[minecraft:item / chaosawakens:fossils/deepslate/chaosawakens] -> TagKey[minecraft:item / chaosawakens:fossils/deepslate]
[10Jul.2025 12:04:18.158] [main/DEBUG] [Chaos Awakens/]: [Tagging Item Tag]: TagKey[minecraft:item / chaosawakens:fossils/gravel/vanilla] -> TagKey[minecraft:item / chaosawakens:fossils/gravel]
[10Jul.2025 12:04:18.158] [main/DEBUG] [Chaos Awakens/]: [Tagging Item Tag]: TagKey[minecraft:item / chaosawakens:fossils/gravel/chaosawakens] -> TagKey[minecraft:item / chaosawakens:fossils/gravel]
[10Jul.2025 12:04:18.158] [main/DEBUG] [Chaos Awakens/]: [Tagging Item Tag]: TagKey[minecraft:item / chaosawakens:fossils/sand/vanilla] -> TagKey[minecraft:item / chaosawakens:fossils/sand]
[10Jul.2025 12:04:18.158] [main/DEBUG] [Chaos Awakens/]: [Tagging Item Tag]: TagKey[minecraft:item / chaosawakens:fossils/sand/chaosawakens] -> TagKey[minecraft:item / chaosawakens:fossils/sand]
[10Jul.2025 12:04:18.158] [main/DEBUG] [Chaos Awakens/]: [Tagging Item Tag]: TagKey[minecraft:item / chaosawakens:fossils/sandstone/vanilla] -> TagKey[minecraft:item / chaosawakens:fossils/sandstone]
[10Jul.2025 12:04:18.158] [main/DEBUG] [Chaos Awakens/]: [Tagging Item Tag]: TagKey[minecraft:item / chaosawakens:fossils/sandstone/chaosawakens] -> TagKey[minecraft:item / chaosawakens:fossils/sandstone]
[10Jul.2025 12:04:18.158] [main/DEBUG] [Chaos Awakens/]: [Tagging Item Tag]: TagKey[minecraft:item / chaosawakens:fossils/ice/vanilla] -> TagKey[minecraft:item / chaosawakens:fossils/ice]
[10Jul.2025 12:04:18.158] [main/DEBUG] [Chaos Awakens/]: [Tagging Item Tag]: TagKey[minecraft:item / chaosawakens:fossils/ice/chaosawakens] -> TagKey[minecraft:item / chaosawakens:fossils/ice]
[10Jul.2025 12:04:18.158] [main/DEBUG] [Chaos Awakens/]: [Tagging Item Tag]: TagKey[minecraft:item / chaosawakens:fossils/netherrack/vanilla] -> TagKey[minecraft:item / chaosawakens:fossils/netherrack]
[10Jul.2025 12:04:18.158] [main/DEBUG] [Chaos Awakens/]: [Tagging Item Tag]: TagKey[minecraft:item / chaosawakens:fossils/netherrack/chaosawakens] -> TagKey[minecraft:item / chaosawakens:fossils/netherrack]
[10Jul.2025 12:04:18.158] [main/DEBUG] [Chaos Awakens/]: [Tagging Item Tag]: TagKey[minecraft:item / chaosawakens:fossils/blackstone/vanilla] -> TagKey[minecraft:item / chaosawakens:fossils/blackstone]
[10Jul.2025 12:04:18.158] [main/DEBUG] [Chaos Awakens/]: [Tagging Item Tag]: TagKey[minecraft:item / chaosawakens:fossils/blackstone/chaosawakens] -> TagKey[minecraft:item / chaosawakens:fossils/blackstone]
[10Jul.2025 12:04:18.158] [main/DEBUG] [Chaos Awakens/]: [Tagging Item Tag]: TagKey[minecraft:item / chaosawakens:fossils/soul_soil/vanilla] -> TagKey[minecraft:item / chaosawakens:fossils/soul_soil]
[10Jul.2025 12:04:18.158] [main/DEBUG] [Chaos Awakens/]: [Tagging Item Tag]: TagKey[minecraft:item / chaosawakens:fossils/soul_soil/chaosawakens] -> TagKey[minecraft:item / chaosawakens:fossils/soul_soil]
[10Jul.2025 12:04:18.158] [main/DEBUG] [Chaos Awakens/]: [Tagging Item Tag]: TagKey[minecraft:item / chaosawakens:fossils/end_stone/vanilla] -> TagKey[minecraft:item / chaosawakens:fossils/end_stone]
[10Jul.2025 12:04:18.158] [main/DEBUG] [Chaos Awakens/]: [Tagging Item Tag]: TagKey[minecraft:item / chaosawakens:fossils/end_stone/chaosawakens] -> TagKey[minecraft:item / chaosawakens:fossils/end_stone]
[10Jul.2025 12:04:18.158] [main/DEBUG] [Chaos Awakens/]: [Tagging Item Tag]: TagKey[minecraft:item / chaosawakens:fossils/kyanite/vanilla] -> TagKey[minecraft:item / chaosawakens:fossils/kyanite]
[10Jul.2025 12:04:18.158] [main/DEBUG] [Chaos Awakens/]: [Tagging Item Tag]: TagKey[minecraft:item / chaosawakens:fossils/kyanite/chaosawakens] -> TagKey[minecraft:item / chaosawakens:fossils/kyanite]
[10Jul.2025 12:04:18.158] [main/DEBUG] [Chaos Awakens/]: [Tagging Item Tag]: TagKey[minecraft:item / chaosawakens:fossils/stone] -> TagKey[minecraft:item / chaosawakens:fossils]
[10Jul.2025 12:04:18.158] [main/DEBUG] [Chaos Awakens/]: [Tagging Item Tag]: TagKey[minecraft:item / chaosawakens:fossils/deepslate] -> TagKey[minecraft:item / chaosawakens:fossils]
[10Jul.2025 12:04:18.158] [main/DEBUG] [Chaos Awakens/]: [Tagging Item Tag]: TagKey[minecraft:item / chaosawakens:fossils/gravel] -> TagKey[minecraft:item / chaosawakens:fossils]
[10Jul.2025 12:04:18.158] [main/DEBUG] [Chaos Awakens/]: [Tagging Item Tag]: TagKey[minecraft:item / chaosawakens:fossils/sand] -> TagKey[minecraft:item / chaosawakens:fossils]
[10Jul.2025 12:04:18.158] [main/DEBUG] [Chaos Awakens/]: [Tagging Item Tag]: TagKey[minecraft:item / chaosawakens:fossils/sandstone] -> TagKey[minecraft:item / chaosawakens:fossils]
[10Jul.2025 12:04:18.158] [main/DEBUG] [Chaos Awakens/]: [Tagging Item Tag]: TagKey[minecraft:item / chaosawakens:fossils/ice] -> TagKey[minecraft:item / chaosawakens:fossils]
[10Jul.2025 12:04:18.158] [main/DEBUG] [Chaos Awakens/]: [Tagging Item Tag]: TagKey[minecraft:item / chaosawakens:fossils/netherrack] -> TagKey[minecraft:item / chaosawakens:fossils]
[10Jul.2025 12:04:18.158] [main/DEBUG] [Chaos Awakens/]: [Tagging Item Tag]: TagKey[minecraft:item / chaosawakens:fossils/blackstone] -> TagKey[minecraft:item / chaosawakens:fossils]
[10Jul.2025 12:04:18.158] [main/DEBUG] [Chaos Awakens/]: [Tagging Item Tag]: TagKey[minecraft:item / chaosawakens:fossils/soul_soil] -> TagKey[minecraft:item / chaosawakens:fossils]
[10Jul.2025 12:04:18.158] [main/DEBUG] [Chaos Awakens/]: [Tagging Item Tag]: TagKey[minecraft:item / chaosawakens:fossils/end_stone] -> TagKey[minecraft:item / chaosawakens:fossils]
[10Jul.2025 12:04:18.158] [main/DEBUG] [Chaos Awakens/]: [Tagging Item Tag]: TagKey[minecraft:item / chaosawakens:fossils/kyanite] -> TagKey[minecraft:item / chaosawakens:fossils]
[10Jul.2025 12:04:18.158] [main/DEBUG] [Chaos Awakens/]: [Tagging Item Tag]: TagKey[minecraft:item / chaosawakens:villager_trades/archaeologist/fossils/common] -> TagKey[minecraft:item / chaosawakens:villager_trades/archaeologist/fossils]
[10Jul.2025 12:04:18.158] [main/DEBUG] [Chaos Awakens/]: [Tagging Item Tag]: TagKey[minecraft:item / chaosawakens:villager_trades/archaeologist/fossils/uncommon] -> TagKey[minecraft:item / chaosawakens:villager_trades/archaeologist/fossils]
[10Jul.2025 12:04:18.158] [main/DEBUG] [Chaos Awakens/]: [Tagging Item Tag]: TagKey[minecraft:item / chaosawakens:villager_trades/archaeologist/fossils/rare] -> TagKey[minecraft:item / chaosawakens:villager_trades/archaeologist/fossils]
[10Jul.2025 12:04:18.158] [main/DEBUG] [Chaos Awakens/]: [Tagging Item Tag]: TagKey[minecraft:item / chaosawakens:villager_trades/archaeologist/fossils/epic] -> TagKey[minecraft:item / chaosawakens:villager_trades/archaeologist/fossils]
[10Jul.2025 12:04:18.158] [main/DEBUG] [Chaos Awakens/]: [Tagging Item Tag]: TagKey[minecraft:item / chaosawakens:villager_trades/archaeologist/spawn_eggs/common] -> TagKey[minecraft:item / chaosawakens:villager_trades/archaeologist/spawn_eggs]
[10Jul.2025 12:04:18.158] [main/DEBUG] [Chaos Awakens/]: [Tagging Item Tag]: TagKey[minecraft:item / chaosawakens:villager_trades/archaeologist/spawn_eggs/uncommon] -> TagKey[minecraft:item / chaosawakens:villager_trades/archaeologist/spawn_eggs]
[10Jul.2025 12:04:18.158] [main/DEBUG] [Chaos Awakens/]: [Tagging Item Tag]: TagKey[minecraft:item / chaosawakens:villager_trades/archaeologist/spawn_eggs/rare] -> TagKey[minecraft:item / chaosawakens:villager_trades/archaeologist/spawn_eggs]
[10Jul.2025 12:04:18.158] [main/DEBUG] [Chaos Awakens/]: [Tagging Item Tag]: TagKey[minecraft:item / chaosawakens:villager_trades/archaeologist/spawn_eggs/epic] -> TagKey[minecraft:item / chaosawakens:villager_trades/archaeologist/spawn_eggs]
[10Jul.2025 12:04:18.158] [main/DEBUG] [Chaos Awakens/]: [Tagging Item Tag]: TagKey[minecraft:item / chaosawakens:vegetation/crystal_flower_blocks] -> TagKey[minecraft:item / chaosawakens:vegetation/crystal_vegetation]
[10Jul.2025 12:04:18.158] [main/DEBUG] [Chaos Awakens/]: [Tagging Item Tag]: TagKey[minecraft:item / chaosawakens:vegetation/dense_flower_blocks] -> TagKey[minecraft:item / chaosawakens:vegetation/dense_vegetation]
[10Jul.2025 12:04:18.161] [main/INFO] [net.minecraft.data.DataGenerator/]: Chaos Awakens: Item Tags finished after 7 ms
[10Jul.2025 12:04:18.161] [main/INFO] [net.minecraft.data.DataGenerator/]: Starting provider: Chaos Awakens: EntityType Tags
[10Jul.2025 12:04:18.162] [main/INFO] [net.minecraft.data.DataGenerator/]: Chaos Awakens: EntityType Tags finished after 0 ms
[10Jul.2025 12:04:18.162] [main/INFO] [net.minecraft.data.DataGenerator/]: Starting provider: Recipes
[10Jul.2025 12:04:18.162] [main/DEBUG] [Chaos Awakens/]: [Generating Block Recipe]: block.chaosawakens.apple_wood
[10Jul.2025 12:04:18.169] [main/DEBUG] [Chaos Awakens/]: [Generating Block Recipe]: block.chaosawakens.stripped_apple_wood
[10Jul.2025 12:04:18.170] [main/DEBUG] [Chaos Awakens/]: [Generating Block Recipe]: block.chaosawakens.apple_planks
[10Jul.2025 12:04:18.171] [main/DEBUG] [Chaos Awakens/]: [Generating Block Recipe]: block.chaosawakens.apple_stairs
[10Jul.2025 12:04:18.171] [main/DEBUG] [Chaos Awakens/]: [Generating Block Recipe]: block.chaosawakens.apple_slab
[10Jul.2025 12:04:18.171] [main/DEBUG] [Chaos Awakens/]: [Generating Block Recipe]: block.chaosawakens.apple_fence
[10Jul.2025 12:04:18.171] [main/DEBUG] [Chaos Awakens/]: [Generating Block Recipe]: block.chaosawakens.apple_fence_gate
[10Jul.2025 12:04:18.171] [main/DEBUG] [Chaos Awakens/]: [Generating Block Recipe]: block.chaosawakens.apple_door
[10Jul.2025 12:04:18.172] [main/DEBUG] [Chaos Awakens/]: [Generating Block Recipe]: block.chaosawakens.apple_trapdoor
[10Jul.2025 12:04:18.172] [main/DEBUG] [Chaos Awakens/]: [Generating Block Recipe]: block.chaosawakens.apple_pressure_plate
[10Jul.2025 12:04:18.173] [main/DEBUG] [Chaos Awakens/]: [Generating Block Recipe]: block.chaosawakens.apple_button
[10Jul.2025 12:04:18.173] [main/DEBUG] [Chaos Awakens/]: [Generating Block Recipe]: block.chaosawakens.crystalwood
[10Jul.2025 12:04:18.173] [main/DEBUG] [Chaos Awakens/]: [Generating Block Recipe]: block.chaosawakens.stripped_crystalwood
[10Jul.2025 12:04:18.173] [main/DEBUG] [Chaos Awakens/]: [Generating Block Recipe]: block.chaosawakens.crystalwood_planks
[10Jul.2025 12:04:18.173] [main/DEBUG] [Chaos Awakens/]: [Generating Block Recipe]: block.chaosawakens.crystalwood_stairs
[10Jul.2025 12:04:18.173] [main/DEBUG] [Chaos Awakens/]: [Generating Block Recipe]: block.chaosawakens.crystalwood_slab
[10Jul.2025 12:04:18.173] [main/DEBUG] [Chaos Awakens/]: [Generating Block Recipe]: block.chaosawakens.crystalwood_fence
[10Jul.2025 12:04:18.173] [main/DEBUG] [Chaos Awakens/]: [Generating Block Recipe]: block.chaosawakens.crystalwood_fence_gate
[10Jul.2025 12:04:18.173] [main/DEBUG] [Chaos Awakens/]: [Generating Block Recipe]: block.chaosawakens.crystalwood_door
[10Jul.2025 12:04:18.173] [main/DEBUG] [Chaos Awakens/]: [Generating Block Recipe]: block.chaosawakens.crystalwood_trapdoor
[10Jul.2025 12:04:18.173] [main/DEBUG] [Chaos Awakens/]: [Generating Block Recipe]: block.chaosawakens.crystalwood_pressure_plate
[10Jul.2025 12:04:18.173] [main/DEBUG] [Chaos Awakens/]: [Generating Block Recipe]: block.chaosawakens.crystalwood_button
[10Jul.2025 12:04:18.174] [main/DEBUG] [Chaos Awakens/]: [Generating Block Recipe]: block.chaosawakens.densewood
[10Jul.2025 12:04:18.174] [main/DEBUG] [Chaos Awakens/]: [Generating Block Recipe]: block.chaosawakens.stripped_densewood
[10Jul.2025 12:04:18.174] [main/DEBUG] [Chaos Awakens/]: [Generating Block Recipe]: block.chaosawakens.densewood_planks
[10Jul.2025 12:04:18.174] [main/DEBUG] [Chaos Awakens/]: [Generating Block Recipe]: block.chaosawakens.densewood_stairs
[10Jul.2025 12:04:18.174] [main/DEBUG] [Chaos Awakens/]: [Generating Block Recipe]: block.chaosawakens.densewood_slab
[10Jul.2025 12:04:18.174] [main/DEBUG] [Chaos Awakens/]: [Generating Block Recipe]: block.chaosawakens.densewood_fence
[10Jul.2025 12:04:18.174] [main/DEBUG] [Chaos Awakens/]: [Generating Block Recipe]: block.chaosawakens.densewood_fence_gate
[10Jul.2025 12:04:18.174] [main/DEBUG] [Chaos Awakens/]: [Generating Block Recipe]: block.chaosawakens.densewood_door
[10Jul.2025 12:04:18.174] [main/DEBUG] [Chaos Awakens/]: [Generating Block Recipe]: block.chaosawakens.densewood_trapdoor
[10Jul.2025 12:04:18.174] [main/DEBUG] [Chaos Awakens/]: [Generating Block Recipe]: block.chaosawakens.densewood_pressure_plate
[10Jul.2025 12:04:18.174] [main/DEBUG] [Chaos Awakens/]: [Generating Block Recipe]: block.chaosawakens.densewood_button
[10Jul.2025 12:04:18.174] [main/DEBUG] [Chaos Awakens/]: [Generating Block Recipe]: block.chaosawakens.duplicator_wood
[10Jul.2025 12:04:18.174] [main/DEBUG] [Chaos Awakens/]: [Generating Block Recipe]: block.chaosawakens.stripped_duplicator_wood
[10Jul.2025 12:04:18.174] [main/DEBUG] [Chaos Awakens/]: [Generating Block Recipe]: block.chaosawakens.dead_duplicator_wood
[10Jul.2025 12:04:18.174] [main/DEBUG] [Chaos Awakens/]: [Generating Block Recipe]: block.chaosawakens.stripped_dead_duplicator_wood
[10Jul.2025 12:04:18.174] [main/DEBUG] [Chaos Awakens/]: [Generating Block Recipe]: block.chaosawakens.duplicator_planks
[10Jul.2025 12:04:18.174] [main/DEBUG] [Chaos Awakens/]: [Generating Block Recipe]: block.chaosawakens.duplicator_stairs
[10Jul.2025 12:04:18.174] [main/DEBUG] [Chaos Awakens/]: [Generating Block Recipe]: block.chaosawakens.duplicator_slab
[10Jul.2025 12:04:18.174] [main/DEBUG] [Chaos Awakens/]: [Generating Block Recipe]: block.chaosawakens.duplicator_fence
[10Jul.2025 12:04:18.175] [main/DEBUG] [Chaos Awakens/]: [Generating Block Recipe]: block.chaosawakens.duplicator_fence_gate
[10Jul.2025 12:04:18.175] [main/DEBUG] [Chaos Awakens/]: [Generating Block Recipe]: block.chaosawakens.duplicator_door
[10Jul.2025 12:04:18.175] [main/DEBUG] [Chaos Awakens/]: [Generating Block Recipe]: block.chaosawakens.duplicator_trapdoor
[10Jul.2025 12:04:18.175] [main/DEBUG] [Chaos Awakens/]: [Generating Block Recipe]: block.chaosawakens.duplicator_pressure_plate
[10Jul.2025 12:04:18.175] [main/DEBUG] [Chaos Awakens/]: [Generating Block Recipe]: block.chaosawakens.duplicator_button
[10Jul.2025 12:04:18.175] [main/DEBUG] [Chaos Awakens/]: [Generating Block Recipe]: block.chaosawakens.ginkgo_wood
[10Jul.2025 12:04:18.175] [main/DEBUG] [Chaos Awakens/]: [Generating Block Recipe]: block.chaosawakens.stripped_ginkgo_wood
[10Jul.2025 12:04:18.175] [main/DEBUG] [Chaos Awakens/]: [Generating Block Recipe]: block.chaosawakens.ginkgo_planks
[10Jul.2025 12:04:18.175] [main/DEBUG] [Chaos Awakens/]: [Generating Block Recipe]: block.chaosawakens.ginkgo_stairs
[10Jul.2025 12:04:18.175] [main/DEBUG] [Chaos Awakens/]: [Generating Block Recipe]: block.chaosawakens.ginkgo_slab
[10Jul.2025 12:04:18.175] [main/DEBUG] [Chaos Awakens/]: [Generating Block Recipe]: block.chaosawakens.ginkgo_fence
[10Jul.2025 12:04:18.175] [main/DEBUG] [Chaos Awakens/]: [Generating Block Recipe]: block.chaosawakens.ginkgo_fence_gate
[10Jul.2025 12:04:18.175] [main/DEBUG] [Chaos Awakens/]: [Generating Block Recipe]: block.chaosawakens.ginkgo_door
[10Jul.2025 12:04:18.175] [main/DEBUG] [Chaos Awakens/]: [Generating Block Recipe]: block.chaosawakens.ginkgo_trapdoor
[10Jul.2025 12:04:18.176] [main/DEBUG] [Chaos Awakens/]: [Generating Block Recipe]: block.chaosawakens.ginkgo_pressure_plate
[10Jul.2025 12:04:18.176] [main/DEBUG] [Chaos Awakens/]: [Generating Block Recipe]: block.chaosawakens.ginkgo_button
[10Jul.2025 12:04:18.176] [main/DEBUG] [Chaos Awakens/]: [Generating Block Recipe]: block.chaosawakens.mesozoic_wood
[10Jul.2025 12:04:18.176] [main/DEBUG] [Chaos Awakens/]: [Generating Block Recipe]: block.chaosawakens.stripped_mesozoic_wood
[10Jul.2025 12:04:18.176] [main/DEBUG] [Chaos Awakens/]: [Generating Block Recipe]: block.chaosawakens.mesozoic_planks
[10Jul.2025 12:04:18.176] [main/DEBUG] [Chaos Awakens/]: [Generating Block Recipe]: block.chaosawakens.mesozoic_stairs
[10Jul.2025 12:04:18.176] [main/DEBUG] [Chaos Awakens/]: [Generating Block Recipe]: block.chaosawakens.mesozoic_slab
[10Jul.2025 12:04:18.176] [main/DEBUG] [Chaos Awakens/]: [Generating Block Recipe]: block.chaosawakens.mesozoic_fence
[10Jul.2025 12:04:18.176] [main/DEBUG] [Chaos Awakens/]: [Generating Block Recipe]: block.chaosawakens.mesozoic_fence_gate
[10Jul.2025 12:04:18.176] [main/DEBUG] [Chaos Awakens/]: [Generating Block Recipe]: block.chaosawakens.mesozoic_door
[10Jul.2025 12:04:18.176] [main/DEBUG] [Chaos Awakens/]: [Generating Block Recipe]: block.chaosawakens.mesozoic_trapdoor
[10Jul.2025 12:04:18.176] [main/DEBUG] [Chaos Awakens/]: [Generating Block Recipe]: block.chaosawakens.mesozoic_pressure_plate
[10Jul.2025 12:04:18.177] [main/DEBUG] [Chaos Awakens/]: [Generating Block Recipe]: block.chaosawakens.mesozoic_button
[10Jul.2025 12:04:18.177] [main/DEBUG] [Chaos Awakens/]: [Generating Block Recipe]: block.chaosawakens.peach_wood
[10Jul.2025 12:04:18.177] [main/DEBUG] [Chaos Awakens/]: [Generating Block Recipe]: block.chaosawakens.stripped_peach_wood
[10Jul.2025 12:04:18.177] [main/DEBUG] [Chaos Awakens/]: [Generating Block Recipe]: block.chaosawakens.peach_planks
[10Jul.2025 12:04:18.177] [main/DEBUG] [Chaos Awakens/]: [Generating Block Recipe]: block.chaosawakens.peach_stairs
[10Jul.2025 12:04:18.177] [main/DEBUG] [Chaos Awakens/]: [Generating Block Recipe]: block.chaosawakens.peach_slab
[10Jul.2025 12:04:18.177] [main/DEBUG] [Chaos Awakens/]: [Generating Block Recipe]: block.chaosawakens.peach_fence
[10Jul.2025 12:04:18.177] [main/DEBUG] [Chaos Awakens/]: [Generating Block Recipe]: block.chaosawakens.peach_fence_gate
[10Jul.2025 12:04:18.177] [main/DEBUG] [Chaos Awakens/]: [Generating Block Recipe]: block.chaosawakens.peach_door
[10Jul.2025 12:04:18.177] [main/DEBUG] [Chaos Awakens/]: [Generating Block Recipe]: block.chaosawakens.peach_trapdoor
[10Jul.2025 12:04:18.177] [main/DEBUG] [Chaos Awakens/]: [Generating Block Recipe]: block.chaosawakens.peach_pressure_plate
[10Jul.2025 12:04:18.177] [main/DEBUG] [Chaos Awakens/]: [Generating Block Recipe]: block.chaosawakens.peach_button
[10Jul.2025 12:04:18.177] [main/DEBUG] [Chaos Awakens/]: [Generating Block Recipe]: block.chaosawakens.skywood
[10Jul.2025 12:04:18.178] [main/DEBUG] [Chaos Awakens/]: [Generating Block Recipe]: block.chaosawakens.stripped_skywood
[10Jul.2025 12:04:18.178] [main/DEBUG] [Chaos Awakens/]: [Generating Block Recipe]: block.chaosawakens.skywood_planks
[10Jul.2025 12:04:18.178] [main/DEBUG] [Chaos Awakens/]: [Generating Block Recipe]: block.chaosawakens.skywood_stairs
[10Jul.2025 12:04:18.178] [main/DEBUG] [Chaos Awakens/]: [Generating Block Recipe]: block.chaosawakens.skywood_slab
[10Jul.2025 12:04:18.178] [main/DEBUG] [Chaos Awakens/]: [Generating Block Recipe]: block.chaosawakens.skywood_fence
[10Jul.2025 12:04:18.178] [main/DEBUG] [Chaos Awakens/]: [Generating Block Recipe]: block.chaosawakens.skywood_fence_gate
[10Jul.2025 12:04:18.178] [main/DEBUG] [Chaos Awakens/]: [Generating Block Recipe]: block.chaosawakens.skywood_door
[10Jul.2025 12:04:18.178] [main/DEBUG] [Chaos Awakens/]: [Generating Block Recipe]: block.chaosawakens.skywood_trapdoor
[10Jul.2025 12:04:18.178] [main/DEBUG] [Chaos Awakens/]: [Generating Block Recipe]: block.chaosawakens.skywood_pressure_plate
[10Jul.2025 12:04:18.178] [main/DEBUG] [Chaos Awakens/]: [Generating Block Recipe]: block.chaosawakens.skywood_button
[10Jul.2025 12:04:18.178] [main/DEBUG] [Chaos Awakens/]: [Generating Block Recipe]: block.chaosawakens.kunzite_block
[10Jul.2025 12:04:18.179] [main/DEBUG] [Chaos Awakens/]: [Generating Block Recipe]: block.chaosawakens.ruby_block
[10Jul.2025 12:04:18.179] [main/DEBUG] [Chaos Awakens/]: [Generating Block Recipe]: block.chaosawakens.titanium_block
[10Jul.2025 12:04:18.179] [main/DEBUG] [Chaos Awakens/]: [Generating Block Recipe]: block.chaosawakens.uranium_block
[10Jul.2025 12:04:18.179] [main/DEBUG] [Chaos Awakens/]: [Generating Block Recipe]: block.chaosawakens.ender_pearl_block
[10Jul.2025 12:04:18.179] [main/DEBUG] [Chaos Awakens/]: [Generating Block Recipe]: block.chaosawakens.ender_eye_block
[10Jul.2025 12:04:18.180] [main/DEBUG] [Chaos Awakens/]: [Generating Block Recipe]: block.chaosawakens.basilisk_scale_block
[10Jul.2025 12:04:18.180] [main/DEBUG] [Chaos Awakens/]: [Generating Block Recipe]: block.chaosawakens.emperor_scorpion_scale_block
[10Jul.2025 12:04:18.180] [main/DEBUG] [Chaos Awakens/]: [Generating Block Recipe]: block.chaosawakens.ender_dragon_scale_block
[10Jul.2025 12:04:18.180] [main/DEBUG] [Chaos Awakens/]: [Generating Block Recipe]: block.chaosawakens.mobzilla_scale_block
[10Jul.2025 12:04:18.180] [main/DEBUG] [Chaos Awakens/]: [Generating Block Recipe]: block.chaosawakens.moth_scale_block
[10Jul.2025 12:04:18.180] [main/DEBUG] [Chaos Awakens/]: [Generating Block Recipe]: block.chaosawakens.nightmare_scale_block
[10Jul.2025 12:04:18.180] [main/DEBUG] [Chaos Awakens/]: [Generating Block Recipe]: block.chaosawakens.queen_scale_block
[10Jul.2025 12:04:18.180] [main/DEBUG] [Chaos Awakens/]: [Generating Block Recipe]: block.chaosawakens.royal_guardian_scale_block
[10Jul.2025 12:04:18.180] [main/DEBUG] [Chaos Awakens/]: [Generating Block Recipe]: block.chaosawakens.water_dragon_scale_block
[10Jul.2025 12:04:18.180] [main/DEBUG] [Chaos Awakens/]: [Generating Block Recipe]: block.chaosawakens.salt_block
[10Jul.2025 12:04:18.180] [main/DEBUG] [Chaos Awakens/]: [Generating Block Recipe]: block.chaosawakens.dredgestone_bricks
[10Jul.2025 12:04:18.182] [main/DEBUG] [Chaos Awakens/]: [Generating Block Recipe]: block.chaosawakens.gloomstone_bricks
[10Jul.2025 12:04:18.183] [main/DEBUG] [Chaos Awakens/]: [Generating Item Recipe]: item.chaosawakens.cooked_bacon
[10Jul.2025 12:04:18.185] [main/DEBUG] [Chaos Awakens/]: [Generating Item Recipe]: item.chaosawakens.cooked_corndog
[10Jul.2025 12:04:18.185] [main/DEBUG] [Chaos Awakens/]: [Generating Item Recipe]: item.chaosawakens.cooked_crab_meat
[10Jul.2025 12:04:18.185] [main/DEBUG] [Chaos Awakens/]: [Generating Item Recipe]: item.chaosawakens.cooked_peacock_leg
[10Jul.2025 12:04:18.185] [main/DEBUG] [Chaos Awakens/]: [Generating Item Recipe]: item.chaosawakens.cooked_venison
[10Jul.2025 12:04:18.186] [main/DEBUG] [Chaos Awakens/]: [Generating Item Recipe]: item.chaosawakens.baked_golden_potato
[10Jul.2025 12:04:18.186] [main/DEBUG] [Chaos Awakens/]: [Generating Item Recipe]: item.chaosawakens.salt
[10Jul.2025 12:04:18.189] [main/DEBUG] [Chaos Awakens/]: [Generating Item Recipe]: item.chaosawakens.kunzite
[10Jul.2025 12:04:18.190] [main/DEBUG] [Chaos Awakens/]: [Generating Item Recipe]: item.chaosawakens.ruby
[10Jul.2025 12:04:18.191] [main/DEBUG] [Chaos Awakens/]: [Generating Item Recipe]: item.chaosawakens.titanium_nugget
[10Jul.2025 12:04:18.191] [main/DEBUG] [Chaos Awakens/]: [Generating Item Recipe]: item.chaosawakens.uranium_nugget
[10Jul.2025 12:04:18.191] [main/DEBUG] [Chaos Awakens/]: [Generating Item Recipe]: item.chaosawakens.titanium_ingot
[10Jul.2025 12:04:18.192] [main/DEBUG] [Chaos Awakens/]: [Generating Item Recipe]: item.chaosawakens.uranium_ingot
[10Jul.2025 12:04:18.193] [main/DEBUG] [Chaos Awakens/]: [Generating Item Recipe]: item.chaosawakens.basilisk_scale
[10Jul.2025 12:04:18.194] [main/DEBUG] [Chaos Awakens/]: [Generating Item Recipe]: item.chaosawakens.emperor_scorpion_scale
[10Jul.2025 12:04:18.195] [main/DEBUG] [Chaos Awakens/]: [Generating Item Recipe]: item.chaosawakens.ender_dragon_scale
[10Jul.2025 12:04:18.195] [main/DEBUG] [Chaos Awakens/]: [Generating Item Recipe]: item.chaosawakens.moth_scale
[10Jul.2025 12:04:18.196] [main/DEBUG] [Chaos Awakens/]: [Generating Item Recipe]: item.chaosawakens.nightmare_scale
[10Jul.2025 12:04:18.197] [main/DEBUG] [Chaos Awakens/]: [Generating Item Recipe]: item.chaosawakens.water_dragon_scale
[10Jul.2025 12:04:18.197] [main/DEBUG] [Chaos Awakens/]: [Generating Item Recipe]: item.chaosawakens.mobzilla_scale
[10Jul.2025 12:04:18.198] [main/DEBUG] [Chaos Awakens/]: [Generating Item Recipe]: item.chaosawakens.royal_guardian_scale
[10Jul.2025 12:04:18.199] [main/DEBUG] [Chaos Awakens/]: [Generating Item Recipe]: item.chaosawakens.queen_scale
[10Jul.2025 12:04:18.199] [main/DEBUG] [Chaos Awakens/]: [Generating Item Recipe]: item.chaosawakens.miners_dream
[10Jul.2025 12:04:18.200] [main/DEBUG] [Chaos Awakens/]: [Generating Item Recipe]: item.chaosawakens.critter_cage
[10Jul.2025 12:04:18.201] [main/INFO] [net.minecraft.data.DataGenerator/]: Recipes finished after 38 ms
[10Jul.2025 12:04:18.201] [main/INFO] [net.minecraft.data.DataGenerator/]: Starting provider: Chaos Awakens Datapack Registries
[10Jul.2025 12:04:18.224] [main/INFO] [net.minecraft.data.DataGenerator/]: Chaos Awakens Datapack Registries finished after 23 ms
[10Jul.2025 12:04:18.224] [main/INFO] [net.minecraft.data.DataGenerator/]: All providers took: 688 ms
[10Jul.2025 12:04:18.273] [main/INFO] [net.minecraft.data.HashCache/]: Caching: total files: 2147, old count: 2147, new count: 2148, removed stale: 0, written: 2
